{"dropout": 0.0398702462162493, "train_frac": 0.7, "test_frac": 0.15, "preweight": 22, "learning_rate": 5.068175354758896e-05, "activation": "tanh", "regularization": 0.0160518092485111, "layer_1": 62, "layer_2": 89, "optimizer": "adam", "batch_size": 5, "epochs": 200}