combined,frequency
CASSIGPLEHNEQFF_TCRBV19_TCRBJ02,1.6964645496370018e-05
CASSIGPLEHNEQFF_TCRBV19_TCRBJ02,1.824155429717206e-06
CATSDGDTQYF_TCRBV24_TCRBJ02,4.41445613991564e-05
CASSPPGQGSDTQYF_TCRBV18_TCRBJ02,9.303192691557752e-06
CASSPPGQGSDTQYF_TCRBV18_TCRBJ02,7.296621718868826e-07
CASMGGASYEQYF_TCRBV27_TCRBJ02,1.8606385383115507e-05
CASMGGASYEQYF_TCRBV27_TCRBJ02,1.824155429717206e-06
CATSRDSQGSYGYTF_TCRBV15_TCRBJ01,8.938361605614313e-06
CATSRDSQGSYGYTF_TCRBV15_TCRBJ01,2.7362331445758097e-06
CATSDGETQYF_TCRBV24_TCRBJ02,2.0430540812832714e-05
CATSDGETQYF_TCRBV24_TCRBJ02,3.101064230519252e-06
CASSSGLAGGPYEQYF_TCRBV05_TCRBJ02,1.2769088008020449e-06
CSAPGRLNTEAFF_TCRBV20_TCRBJ01,1.824155429717206e-06
CASSYRTRQETQYF_TCRBV06_TCRBJ02,9.120777148586032e-07
CASSLTGGRNQPQHF_TCRBV12_TCRBJ01,2.3714020586323685e-06
CASSLEAEYEQYF_TCRBV07_TCRBJ02,2.444368275821057e-05
CASSLEAEYEQYF_TCRBV07_TCRBJ02,4.742804117264737e-06
CASSLEAEYEQYF_TCRBV07_TCRBJ02,7.296621718868826e-07
CATSRDTQGSYGYTF_TCRBV15_TCRBJ01,3.830726402406134e-06
CATSDGDEQFF_TCRBV24_TCRBJ02,3.4476537621655216e-05
CATSDGDEQFF_TCRBV24_TCRBJ02,3.4658953164626923e-06
CATSDGDEQFF_TCRBV24_TCRBJ02,1.641739886745486e-06
CATSDGDEQFF_TCRBV24_TCRBJ02,3.648310859434413e-07
CASSPGDEQFF_TCRBV25_TCRBJ02,2.0248125269860992e-05
CASSLVAGGRETQYF_TCRBV05_TCRBJ02,4.377973031321296e-06
CASSLVAGGRETQYF_TCRBV05_TCRBJ02,3.830726402406134e-06
CASSLVAGGRETQYF_TCRBV05_TCRBJ02,3.648310859434413e-06
