combined,frequency
CASSPDNSGNTIYF_TCRBV18_TCRBJ01,1.037487844718305e-06
CATSDSPYGYTF_TCRBV24_TCRBJ01,3.4829949072685955e-05
CASSPGDEQYF_TCRBV25_TCRBJ02,5.898859459969793e-05
CASSPGDEQYF_TCRBV25_TCRBJ02,1.6006955318510993e-05
CASSGQGAYEQYF_TCRBV09_TCRBJ02,2.964250984909443e-07
CASSLVIGGDTEAFF_TCRBV05_TCRBJ01,7.410627462273606e-07
CASSSGLAGGPYEQYF_TCRBV05_TCRBJ02,7.410627462273606e-07
CASSLEAEYEQYF_TCRBV07_TCRBJ02,8.89275295472833e-07
CASSLEAEYEQYF_TCRBV07_TCRBJ02,5.928501969818886e-07
CATSDSVTNTGELFF_TCRBV24_TCRBJ02,2.964250984909443e-07
CATSDSVTNTGELFF_TCRBV24_TCRBJ02,2.964250984909443e-07
CASSLVAGGRETQYF_TCRBV05_TCRBJ02,2.964250984909443e-07
