combined,frequency
CASSLGHRDPNTGELFF_TCRBV05_TCRBJ02,3.083134716901208e-06
CASSLGHRDSSYEQYF_TCRBV05_TCRBJ02,3.753381394488429e-06
CASSQDLRGGNQPQHF_TCRBV04_TCRBJ01,5.4960227562151976e-06
CASSLATPYEQYF_TCRBV07_TCRBJ02,4.825776078627979e-06
CATSDGDTQYF_TCRBV24_TCRBJ02,4.021480065523314e-06
CATSDGDTQYF_TCRBV24_TCRBJ02,2.9490853813837644e-06
CASSLDAGGSYNEQFF_TCRBV05_TCRBJ02,8.04296013104663e-07
CASSGQGAYEQYF_TCRBV09_TCRBJ02,2.627366976141899e-05
CASSGQGAYEQYF_TCRBV09_TCRBJ02,5.22792408518031e-06
CASSLGLHYEQYF_TCRBV28_TCRBJ02,3.753381394488429e-06
CASSLEAEYEQYF_TCRBV07_TCRBJ02,2.680986710348877e-07
CASSLGPAGLSTDTQYF_TCRBV07_TCRBJ02,2.010740032761657e-06
CASSRGRQETQYF_TCRBV07_TCRBJ02,4.423628072075648e-06
