combined,frequency
CASMGGASYEQYF_TCRBV27_TCRBJ02,8.423978855813071e-06
CASSLAPGATNEKLFF_TCRBV07_TCRBJ01,0.0002969452546674
CASSLAPGATNEKLFF_TCRBV07_TCRBJ01,3.7907904851158825e-05
CASSLAPGATNEKLFF_TCRBV07_TCRBJ01,6.317984141859803e-05
CAWSVSDLAKNIQYF_TCRBV30_TCRBJ02,1.8953952425579413e-05
CASSQTGGRNQPQHF_TCRBV12_TCRBJ01,2.105994713953268e-06
CASSTTGGDGYTF_TCRBV19_TCRBJ01,2.105994713953268e-06
CASSLRGQSTDTQYF_TCRBV27_TCRBJ02,2.105994713953268e-06
CASSLRGQSTDTQYF_TCRBV27_TCRBJ02,4.211989427906536e-06
