combined,frequency
CASSQVGGELFF_TCRBV04_TCRBJ02,2.4454294770235094e-06
CASSQVGGELFF_TCRBV04_TCRBJ02,2.1397507923955704e-06
CASSQVGGELFF_TCRBV04_TCRBJ02,1.986911450081601e-06
CASSSGQVQETQYF_TCRBV11_TCRBJ02,9.170360538838158e-07
CASSPLGEQYF_TCRBV18_TCRBJ02,1.2227147385117545e-06
CATSRGTVSYEQYF_TCRBV15_TCRBJ02,2.4454294770235094e-06
CSAPGRLNTEAFF_TCRBV20_TCRBJ01,3.8209835578492334e-06
CASSFGGAGDTQYF_TCRBV12_TCRBJ02,4.585180269419079e-07
CASSLVAGGRETQYF_TCRBV05_TCRBJ02,2.4454294770235094e-06
