combined,frequency
CASSQVGGELFF_TCRBV04_TCRBJ02,4.519428268889913e-06
CASSYSTAGELFF_TCRBV06_TCRBJ02,2.3434072505355105e-06
CASSQTNTGELFF_TCRBV03_TCRBJ02,4.519428268889913e-06
CASSESPGNTEAFF_TCRBV10_TCRBJ01,1.0712718859590904e-05
CASSLGQGIEAFF_TCRBV05_TCRBJ01,8.369311609055395e-07
CASSLGGAGDTQYF_TCRBV12_TCRBJ02,6.695449287244315e-07
CATSDSVTNTGELFF_TCRBV24_TCRBJ02,1.339089857448863e-06
CASSLVAGGRETQYF_TCRBV05_TCRBJ02,2.176021018354402e-06
