combined,frequency
CASSLVGGSEQYF_TCRBV05_TCRBJ02,3.9940781135170265e-06
CASSLVGGSEQYF_TCRBV05_TCRBJ02,8.875729141148945e-07
CASSQTNTGELFF_TCRBV03_TCRBJ02,2.218932285287236e-06
CASSLEAEYEQYF_TCRBV07_TCRBJ02,1.3313593711723415e-06
CASSYGGLGSYEQYF_TCRBV06_TCRBJ02,7.988156227034051e-06
CASSYGGLGSYEQYF_TCRBV06_TCRBJ02,8.875729141148945e-07
