combined,frequency
CASSIGPLEHNEQFF_TCRBV19_TCRBJ02,4.937248395764565e-07
CASSPQRNTEAFF_TCRBV04_TCRBJ01,0.0008251787818787
CASSPQRNTEAFF_TCRBV04_TCRBJ01,3.620648823560681e-06
CASSYSTAGELFF_TCRBV06_TCRBJ02,1.4811745187293697e-06
CASSSDSGGTDTQYF_TCRBV07_TCRBJ02,8.228747326274275e-07
CASSAGQGVTYEQYF_TCRBV09_TCRBJ02,3.29149893050971e-06
CASSLEGQGFGYTF_TCRBV05_TCRBJ01,3.620648823560681e-06
CASSLEGQGFGYTF_TCRBV05_TCRBJ01,3.126923983984225e-06
CASSEIPNTEAFF_TCRBV06_TCRBJ01,2.6331991444077683e-06
CASRSDSGANVLTF_TCRBV06_TCRBJ02,2.04072933691602e-05
CATSDGETQYF_TCRBV24_TCRBJ02,1.0039071738054616e-05
CATSDGETQYF_TCRBV24_TCRBJ02,6.912147754070392e-06
CASSIWGLDTEAFF_TCRBV19_TCRBJ01,4.937248395764565e-07
CATSDGDEQFF_TCRBV24_TCRBJ02,3.456073877035196e-06
CASSLGARETQYF_TCRBV11_TCRBJ02,6.582997861019421e-07
CATSDGDTQYF_TCRBV24_TCRBJ02,8.722472165850732e-06
CATSDGDTQYF_TCRBV24_TCRBJ02,2.9623490374587385e-06
CATSDGDTQYF_TCRBV24_TCRBJ02,2.4686241978822826e-06
CASSISAGEAFF_TCRBV19_TCRBJ01,2.6331991444077683e-06
CASSQTGGRNQPQHF_TCRBV12_TCRBJ01,2.7977740909332537e-06
CATSREGSGYEQYF_TCRBV15_TCRBJ02,6.582997861019421e-07
CASSSANYGYTF_TCRBV12_TCRBJ01,3.126923983984225e-06
CASSGDRLYEQYF_TCRBV02_TCRBJ02,1.0861946470682042e-05
CASSLGGAGDTQYF_TCRBV12_TCRBJ02,9.87449679152913e-07
