combined,frequency
CASSLGARETQYF_TCRBV11_TCRBJ02,1.0535254120864651e-06
CASSPPGQGSDTQYF_TCRBV18_TCRBJ02,4.038514079664782e-06
CASSYSTVGETQYF_TCRBV06_TCRBJ02,6.32115247251879e-06
CASSYSTVGETQYF_TCRBV06_TCRBJ02,3.51175137362155e-07
CASSQVGGELFF_TCRBV04_TCRBJ02,8.954966002734951e-06
CASSQGTSGGYEQYF_TCRBV03_TCRBJ02,1.0535254120864651e-06
