combined,frequency
CASSESGDPSSYEQYF_TCRBV10_TCRBJ02,9.108184531818614e-06
CASSLGDRPDTQYF_TCRBV11_TCRBJ02,0.0009696076442508
CASSLGDRPDTQYF_TCRBV11_TCRBJ02,2.0700419390496847e-06
CASSLGHRDPNTGELFF_TCRBV05_TCRBJ02,1.2006243246488176e-05
CASSLRREKLFF_TCRBV05_TCRBJ01,2.1114427778306787e-05
CASSLRREKLFF_TCRBV05_TCRBJ01,1.6560335512397478e-05
CASSLGGPGDTQYF_TCRBV12_TCRBJ02,2.070041939049685e-05
CASRSDSGANVLTF_TCRBV06_TCRBJ02,4.719695621033282e-05
CASSGQGAYEQYF_TCRBV09_TCRBJ02,3.4362696188224766e-05
CASSGQGAYEQYF_TCRBV09_TCRBJ02,5.382109041529181e-06
CASSLGLANEQFF_TCRBV06_TCRBJ02,4.3470880720043385e-05
CASSLFGTGGNTEAFF_TCRBV05_TCRBJ01,2.4840503268596216e-06
CASSLFGTGGNTEAFF_TCRBV05_TCRBJ01,1.2420251634298108e-06
CASSLGLKGTQYF_TCRBV12_TCRBJ02,3.1464637473555214e-05
CASNRDRGRYEQYF_TCRBV06_TCRBJ02,0.000492255973106
CASNRDRGRYEQYF_TCRBV06_TCRBJ02,0.0004806637382473
CASNRDRGRYEQYF_TCRBV06_TCRBJ02,5.796117429339117e-06
CASNRDRGRYEQYF_TCRBV06_TCRBJ02,5.796117429339117e-06
CASNRDRGRYEQYF_TCRBV06_TCRBJ02,2.4840503268596216e-06
CASSLGGAGDTQYF_TCRBV12_TCRBJ02,9.936201307438488e-06
CASSLGGAGDTQYF_TCRBV12_TCRBJ02,7.866159368388804e-06
CASSLGGAGDTQYF_TCRBV12_TCRBJ02,4.968100653719243e-06
CASSFGGAGDTQYF_TCRBV12_TCRBJ02,2.8980587146695586e-06
CASSLNRGQETQYF_TCRBV14_TCRBJ02,7.03814259276893e-06
