combined,frequency
CASSVGTLNTGELFF_TCRBV09_TCRBJ02,1.1412715905402849e-06
CATSDGDTQYF_TCRBV24_TCRBJ02,1.1412715905402849e-06
CASSYSTAGELFF_TCRBV06_TCRBJ02,1.4265894881753564e-06
CATSDGETQYF_TCRBV24_TCRBJ02,3.423814771620856e-06
