combined,frequency
CASSGDRLYEQYF_TCRBV02_TCRBJ02,2.3117862283974224e-06
CASSPDNSGNTIYF_TCRBV18_TCRBJ01,6.0836479694669e-07
CSASGQGAEAFF_TCRBV20_TCRBJ01,2.4334591877867605e-07
CASSVGTLNTGELFF_TCRBV09_TCRBJ02,1.4600755126720562e-06
CATSRDSQGSYGYTF_TCRBV15_TCRBJ01,9.733836751147042e-07
CASSRGRQETQYF_TCRBV07_TCRBJ02,1.9467673502294084e-06
