combined,frequency
CASSSDRVGQETQYF_TCRBV05_TCRBJ02,6.927648504970155e-07
CASSSANYGYTF_TCRBV12_TCRBJ01,0.0001075517430396
CASSSANYGYTF_TCRBV12_TCRBJ01,1.9051033388667927e-05
CASSSANYGYTF_TCRBV12_TCRBJ01,1.783869490029815e-05
CASSSANYGYTF_TCRBV12_TCRBJ01,1.4548061860437324e-05
CASSSANYGYTF_TCRBV12_TCRBJ01,9.698707906958218e-06
CASSSANYGYTF_TCRBV12_TCRBJ01,3.6370154651093314e-06
CASSSRGTGELFF_TCRBV28_TCRBJ02,2.771059401988061e-05
CASSSRGTGELFF_TCRBV28_TCRBJ02,2.771059401988062e-06
CASSYSTAGELFF_TCRBV06_TCRBJ02,1.7319121262425388e-06
CASSLGLHYEQYF_TCRBV28_TCRBJ02,2.078294551491046e-06
CASSQTGGRNQPQHF_TCRBV12_TCRBJ01,4.676162740854856e-06
CSARGAGGNYGYTF_TCRBV20_TCRBJ01,5.195736378727615e-07
CATSDSVTNTGELFF_TCRBV24_TCRBJ02,3.983397890357839e-06
CASSFGGAGDTQYF_TCRBV12_TCRBJ02,2.078294551491046e-06
CASSRGRQETQYF_TCRBV07_TCRBJ02,3.6370154651093314e-06
