combined,frequency
CASSRNRGYEQYF_TCRBV12_TCRBJ02,2.4224550819630952e-05
CASSRNRGYEQYF_TCRBV12_TCRBJ02,1.9738522890069662e-05
CASSRNRGYEQYF_TCRBV12_TCRBJ02,5.8318363084296725e-06
CASSRNRGYEQYF_TCRBV12_TCRBJ02,4.037425136605158e-06
CASSRNRGYEQYF_TCRBV12_TCRBJ02,2.243013964780643e-06
CASSRNRGYEQYF_TCRBV12_TCRBJ02,2.018712568302579e-06
CASSRNRGYEQYF_TCRBV12_TCRBJ02,1.3458083788683858e-06
CASSRNRGYEQYF_TCRBV12_TCRBJ02,4.486027929561288e-07
CASSLEGQGFGYTF_TCRBV05_TCRBJ01,8.972055859122573e-07
CASSQDLRGGNQPQHF_TCRBV04_TCRBJ01,1.3458083788683858e-06
CSASGQGAEAFF_TCRBV20_TCRBJ01,8.972055859122573e-07
CASSPPGQGSDTQYF_TCRBV18_TCRBJ02,1.7944111718245149e-06
CSVEEDEGIYGYTF_TCRBV29_TCRBJ01,1.3458083788683858e-06
CSVEVRGTDTQYF_TCRBV29_TCRBJ02,8.972055859122573e-07
CASSPGQEAGANVLTF_TCRBV05_TCRBJ02,2.467315361258708e-06
CATSDGETQYF_TCRBV24_TCRBJ02,3.3645209471709647e-06
CASSLFGTGGNTEAFF_TCRBV05_TCRBJ01,3.8131237401270936e-06
CASSSGLAGGPYEQYF_TCRBV05_TCRBJ02,3.1402195506929005e-06
CASSSGLAGGPYEQYF_TCRBV05_TCRBJ02,1.5701097753464502e-06
CASSSGLAGGPYEQYF_TCRBV05_TCRBJ02,4.486027929561288e-07
CASSQGRHTDTQYF_TCRBV14_TCRBJ02,1.4130987978118054e-05
CASSQGRHTDTQYF_TCRBV14_TCRBJ02,8.972055859122573e-07
CASSLEAEYEQYF_TCRBV07_TCRBJ02,5.383233515473543e-06
CAWSPLTPNTEAFF_TCRBV30_TCRBJ01,8.972055859122573e-07
CASSLVASGRETQYF_TCRBV05_TCRBJ02,2.691616757736772e-06
CASSLNRGQETQYF_TCRBV14_TCRBJ02,8.972055859122573e-07
CASSLVAGGRETQYF_TCRBV05_TCRBJ02,4.486027929561288e-07
