combined,frequency
CASSLEQYGYTF_TCRBV05_TCRBJ01,3.498570833814387e-06
CATSDGDTQYF_TCRBV24_TCRBJ02,4.081665972783451e-06
CASSLSRGEQYF_TCRBV27_TCRBJ02,3.1487137504329483e-06
CASSYSTVGETQYF_TCRBV06_TCRBJ02,2.798856667051509e-06
