combined,frequency
CASSIGPLEHNEQFF_TCRBV19_TCRBJ02,0.0002203199927574
CASSPDRVGQETQYF_TCRBV05_TCRBJ02,4.8069816601632206e-06
CASSQDLRGGNQPQHF_TCRBV04_TCRBJ01,3.925701689133297e-05
CASSQDLRGGNQPQHF_TCRBV04_TCRBJ01,2.523665371585691e-05
CASSQDLRGGNQPQHF_TCRBV04_TCRBJ01,2.002909025068009e-05
CASSQDLRGGNQPQHF_TCRBV04_TCRBJ01,6.008727075204026e-06
CASSQDLRGGNQPQHF_TCRBV04_TCRBJ01,2.8040726350952123e-06
CATSDGDTQYF_TCRBV24_TCRBJ02,1.2017454150408054e-06
CASSLRREKLFF_TCRBV05_TCRBJ01,1.0815708735367248e-05
CASSQNRGQETQYF_TCRBV14_TCRBJ02,9.613963320326445e-06
CASSQNRGQETQYF_TCRBV14_TCRBJ02,2.8040726350952123e-06
CASSVGTLNTGELFF_TCRBV09_TCRBJ02,2.8040726350952123e-06
CASSGQGAYEQYF_TCRBV09_TCRBJ02,2.4034908300816107e-06
CASSGQGAYEQYF_TCRBV09_TCRBJ02,1.602327220054407e-06
CSALGHSNQPQHF_TCRBV20_TCRBJ01,1.602327220054407e-06
CASSPQGAYEQYF_TCRBV09_TCRBJ02,1.2017454150408054e-06
CATSDGDEQFF_TCRBV24_TCRBJ02,1.402036317547606e-05
CATSDGDEQFF_TCRBV24_TCRBJ02,6.409308880217628e-06
CASSLVAGGRETQYF_TCRBV05_TCRBJ02,2.8040726350952123e-06
