combined,frequency
CASSESGDPSSYEQYF_TCRBV10_TCRBJ02,8.435137408388382e-06
CASSPRGTYEQYF_TCRBV19_TCRBJ02,5.42258833396396e-06
CSASGQGAEAFF_TCRBV20_TCRBJ01,1.8075294446546533e-06
CSASGQGAEAFF_TCRBV20_TCRBJ01,1.8075294446546533e-06
CASSLGGPGDTQYF_TCRBV12_TCRBJ02,1.9882823891201187e-05
CASSVGTLNTGELFF_TCRBV09_TCRBJ02,1.8075294446546533e-06
CASSIEGNQPQHF_TCRBV28_TCRBJ01,1.6870274816776767e-05
CASNRDRGRYEQYF_TCRBV06_TCRBJ02,1.8075294446546534e-05
CASSYGGLGSYEQYF_TCRBV06_TCRBJ02,3.0125490744244223e-06
CATSRGTVSYEQYF_TCRBV15_TCRBJ02,1.8075294446546533e-06
CASSPQDRVYGYTF_TCRBV27_TCRBJ01,5.42258833396396e-06
CASSLGGAGDTQYF_TCRBV12_TCRBJ02,2.289537296562561e-05
CASSLGGAGDTQYF_TCRBV12_TCRBJ02,1.2050196297697692e-06
CASSLTGGRNQPQHF_TCRBV12_TCRBJ01,1.4460235557237228e-05
CASSPSTGTEAFF_TCRBV05_TCRBJ01,5.121333426521518e-05
CASSSPGRSGANVLTF_TCRBV28_TCRBJ02,1.2050196297697692e-06
CASSRGRQETQYF_TCRBV07_TCRBJ02,1.3255215927467458e-05
CASSRGRQETQYF_TCRBV07_TCRBJ02,1.0242666853043035e-05
CSVRDNYNQPQHF_TCRBV29_TCRBJ01,4.820078519079077e-06
