combined,frequency
CASSPDRVGQETQYF_TCRBV05_TCRBJ02,1.9118184657356384e-06
CASSPDNSGNTIYF_TCRBV18_TCRBJ01,6.6913646300747335e-06
CASSLEGQGHNEQFF_TCRBV05_TCRBJ02,3.004286160441717e-06
CATSDGETQYF_TCRBV24_TCRBJ02,2.321493851250418e-06
CASSLVASGRETQYF_TCRBV05_TCRBJ02,1.5021430802208587e-06
CASSLRGQSTDTQYF_TCRBV27_TCRBJ02,8.739741557648633e-06
