combined,frequency
CASSPDRVGQETQYF_TCRBV05_TCRBJ02,1.2782043784890985e-05
CASMGGASYEQYF_TCRBV27_TCRBJ02,7.553025872890128e-06
CASSHRDRNYEQYF_TCRBV07_TCRBJ02,1.4525049755557938e-06
CATSDGETQYF_TCRBV24_TCRBJ02,6.97202388266781e-06
CATSDGETQYF_TCRBV24_TCRBJ02,3.486011941333905e-06
CASSPRQGATDTQYF_TCRBV11_TCRBJ02,1.0167534828890555e-05
CASSPRQGATDTQYF_TCRBV11_TCRBJ02,8.715029853334763e-07
CASSLVAGGRETQYF_TCRBV05_TCRBJ02,3.486011941333905e-06
