combined,frequency
CASSSDRVGQETQYF_TCRBV05_TCRBJ02,2.3424720488182887e-06
CASSLGARETQYF_TCRBV11_TCRBJ02,8.784270183068582e-07
CASSIGPLEHNEQFF_TCRBV19_TCRBJ02,6.588202637301437e-06
CATSDGDTQYF_TCRBV24_TCRBJ02,4.5385395945854345e-06
CSASPGQGASYGYTF_TCRBV20_TCRBJ01,1.3176405274602877e-06
CATSDGETQYF_TCRBV24_TCRBJ02,3.074494564074004e-06
CATSDGETQYF_TCRBV24_TCRBJ02,2.0496630427160025e-06
CATSRGTVSYEQYF_TCRBV15_TCRBJ02,1.4640450305114304e-06
CASSLTGGRNQPQHF_TCRBV12_TCRBJ01,2.488876551869432e-06
CASSLTGGRNQPQHF_TCRBV12_TCRBJ01,5.856180122045722e-07
CASSLVASGRETQYF_TCRBV05_TCRBJ02,8.784270183068582e-07
CASSLVAGGRETQYF_TCRBV05_TCRBJ02,1.4640450305114304e-06
CASSLVAGGRETQYF_TCRBV05_TCRBJ02,7.320225152557152e-07
