combined,frequency
CASSSANYGYTF_TCRBV12_TCRBJ01,1.839879493149997e-06
CASSRDRATNEKLFF_TCRBV06_TCRBJ01,4.468278769078565e-06
CASSQVGGELFF_TCRBV04_TCRBJ02,2.365559348335711e-06
CATSDGETQYF_TCRBV24_TCRBJ02,5.256798551857134e-07
CSAPGRLNTEAFF_TCRBV20_TCRBJ01,5.256798551857134e-07
