combined,frequency
CASSLATPYEQYF_TCRBV07_TCRBJ02,6.937958639092729e-06
CAWRGTGNSPLHF_TCRBV30_TCRBJ01,3.869246164109408e-06
CASSQTNTGELFF_TCRBV03_TCRBJ02,1.200800533689126e-06
CATSRGTVSYEQYF_TCRBV15_TCRBJ02,2.588392261507672e-05
CASSEARTRAFF_TCRBV06_TCRBJ01,3.735823882588392e-06
