combined,frequency
CASSEAPSTSTDTQYF_TCRBV02_TCRBJ02,1.1815773190719576e-06
CASSIGPLEHNEQFF_TCRBV19_TCRBJ02,4.0961347061161205e-05
CASSRTSGGAEDTQYF_TCRBV04_TCRBJ02,7.877182127146384e-07
CASSRTSGGAEDTQYF_TCRBV04_TCRBJ02,7.877182127146384e-07
CASSSANYGYTF_TCRBV12_TCRBJ01,8.664900339861024e-06
CAWRGTGNSPLHF_TCRBV30_TCRBJ01,5.12016838264515e-06
CASSISAGEAFF_TCRBV19_TCRBJ01,7.877182127146384e-07
CASSRNRESNQPQHF_TCRBV06_TCRBJ01,6.695604808074428e-06
CASSLRGQSTDTQYF_TCRBV27_TCRBJ02,8.271041233503702e-06
CASSLGGAGDTQYF_TCRBV12_TCRBJ02,1.5754364254292768e-06
CASSTTGGDGYTF_TCRBV19_TCRBJ01,2.363154638143915e-06
CASSFGGAGDTQYF_TCRBV12_TCRBJ02,0.002714870820121
CASSFGGAGDTQYF_TCRBV12_TCRBJ02,6.813762539981622e-05
CASSFGGAGDTQYF_TCRBV12_TCRBJ02,7.877182127146384e-07
CASSPGTGTYGYTF_TCRBV10_TCRBJ01,0.0082127500857628
CASSPGTGTYGYTF_TCRBV10_TCRBJ01,3.820433331665997e-05
CASSPGTGTYGYTF_TCRBV10_TCRBJ01,3.387188314672945e-05
CASSPGTGTYGYTF_TCRBV10_TCRBJ01,9.84647765893298e-06
CASSPGTGTYGYTF_TCRBV10_TCRBJ01,4.332450169930512e-06
CASSPGTGTYGYTF_TCRBV10_TCRBJ01,2.363154638143915e-06
CASSPGTGTYGYTF_TCRBV10_TCRBJ01,1.5754364254292768e-06
