combined,frequency
CASSPDRVGQETQYF_TCRBV05_TCRBJ02,1.5511547571589669e-06
CASTPGDEQFF_TCRBV25_TCRBJ02,2.0682063428786225e-06
CASSGDRLYEQYF_TCRBV02_TCRBJ02,1.5511547571589669e-06
CASSPQRNTEAFF_TCRBV04_TCRBJ01,3.1023095143179337e-06
CASSHRDRNYEQYF_TCRBV07_TCRBJ02,0.0056255212526298
CASSHRDRNYEQYF_TCRBV07_TCRBJ02,8.27282537151449e-06
CASSHRDRNYEQYF_TCRBV07_TCRBJ02,7.755773785794834e-06
CASSHRDRNYEQYF_TCRBV07_TCRBJ02,7.238722200075178e-06
CASSHRDRNYEQYF_TCRBV07_TCRBJ02,6.204619028635868e-06
CASSHRDRNYEQYF_TCRBV07_TCRBJ02,4.136412685757245e-06
CASSHRDRNYEQYF_TCRBV07_TCRBJ02,3.1023095143179337e-06
CASSHRDRNYEQYF_TCRBV07_TCRBJ02,3.1023095143179337e-06
CASSHRDRNYEQYF_TCRBV07_TCRBJ02,3.1023095143179337e-06
CASSHRDRNYEQYF_TCRBV07_TCRBJ02,2.0682063428786225e-06
CASSHRDRNYEQYF_TCRBV07_TCRBJ02,2.0682063428786225e-06
CASSHRDRNYEQYF_TCRBV07_TCRBJ02,2.0682063428786225e-06
CASSHRDRNYEQYF_TCRBV07_TCRBJ02,2.0682063428786225e-06
CASSHRDRNYEQYF_TCRBV07_TCRBJ02,2.0682063428786225e-06
CASSHRDRNYEQYF_TCRBV07_TCRBJ02,2.0682063428786225e-06
CASSHRDRNYEQYF_TCRBV07_TCRBJ02,2.0682063428786225e-06
CASSHRDRNYEQYF_TCRBV07_TCRBJ02,2.0682063428786225e-06
CASSHRDRNYEQYF_TCRBV07_TCRBJ02,1.0341031714393112e-06
CASSLIGVSSYNEQFF_TCRBV07_TCRBJ02,6.7216706143555225e-06
CASSLIGVSSYNEQFF_TCRBV07_TCRBJ02,2.0682063428786225e-06
CASSTTGGDGYTF_TCRBV19_TCRBJ01,1.0341031714393112e-06
CASSEARTRAFF_TCRBV06_TCRBJ01,3.464245624321693e-05
CASSLRGQSTDTQYF_TCRBV27_TCRBJ02,3.619361100037589e-06
CASSLSRGEQYF_TCRBV27_TCRBJ02,1.0341031714393112e-06
