combined,frequency
CASSLEGQGFGYTF_TCRBV05_TCRBJ01,3.152270974817033e-06
CASTPGDEQFF_TCRBV25_TCRBJ02,7.005046610704517e-07
CASTPGDEQFF_TCRBV25_TCRBJ02,2.451766313746581e-06
CSASGQGAEAFF_TCRBV20_TCRBJ01,1.0507569916056776e-06
CASSSRGTGELFF_TCRBV28_TCRBJ02,7.005046610704517e-07
CASSSRGTGELFF_TCRBV28_TCRBJ02,2.9771448095494195e-06
CASSLIGVSSYNEQFF_TCRBV07_TCRBJ02,5.5690120555100906e-05
CASSQTNTGELFF_TCRBV03_TCRBJ02,5.253784958028389e-06
CATSREGSGYEQYF_TCRBV15_TCRBJ02,8.756308263380646e-07
CSARGAGGNYGYTF_TCRBV20_TCRBJ01,1.0507569916056776e-06
CSAPGRLNTEAFF_TCRBV20_TCRBJ01,2.1015139832113548e-06
CASSLPSGLTDTQYF_TCRBV28_TCRBJ02,8.756308263380646e-07
CASSLGGAGDTQYF_TCRBV12_TCRBJ02,8.756308263380646e-07
CASSPGDEQFF_TCRBV25_TCRBJ02,8.756308263380646e-07
