combined,frequency
CASSLGARETQYF_TCRBV11_TCRBJ02,6.825710266346039e-07
CASSQVGGELFF_TCRBV04_TCRBJ02,2.388998593221114e-06
CASSRDRATNEKLFF_TCRBV06_TCRBJ01,2.5937699012114954e-05
CASSPLGEQYF_TCRBV18_TCRBJ02,4.095426159807624e-06
