combined,frequency
CASSSANYGYTF_TCRBV12_TCRBJ01,0.0001976176730837
CASSSANYGYTF_TCRBV12_TCRBJ01,3.48279770029624e-05
CASSSANYGYTF_TCRBV12_TCRBJ01,3.3739602721619816e-05
CASSSANYGYTF_TCRBV12_TCRBJ01,3.3428638641236234e-05
CASSQDLRGGNQPQHF_TCRBV04_TCRBJ01,6.219281607671857e-07
CASSPDNSGNTIYF_TCRBV18_TCRBJ01,2.4877126430687432e-06
CASSLGLANEQFF_TCRBV06_TCRBJ02,6.219281607671857e-07
CASSESPGNTEAFF_TCRBV10_TCRBJ01,3.109640803835928e-06
CATSRGTVSYEQYF_TCRBV15_TCRBJ02,3.1096408038359285e-07
CSAPGRLNTEAFF_TCRBV20_TCRBJ01,1.7103024421097608e-06
CASSQGRHTDTQYF_TCRBV14_TCRBJ02,1.399338361726168e-06
CASSQGRHTDTQYF_TCRBV14_TCRBJ02,7.77410200958982e-07
