combined,frequency
CASSEAPSTSTDTQYF_TCRBV02_TCRBJ02,3.3055533059428888e-06
CASSEAPSTSTDTQYF_TCRBV02_TCRBJ02,1.6527766529714446e-06
CASGRDTYEQYF_TCRBV02_TCRBJ02,8.263883264857222e-06
CASGRDTYEQYF_TCRBV02_TCRBJ02,7.909716839220485e-06
CASSESGDPSSYEQYF_TCRBV10_TCRBJ02,7.201383987947008e-06
CASSLGARETQYF_TCRBV11_TCRBJ02,5.902773760612303e-07
CASSLGDRPDTQYF_TCRBV11_TCRBJ02,2.738887024924108e-05
CASSLGGPGDTQYF_TCRBV12_TCRBJ02,7.791661364008239e-06
CASSLGGPGDTQYF_TCRBV12_TCRBJ02,2.597220454669413e-06
CASSGQGAYEQYF_TCRBV09_TCRBJ02,9.326382541767437e-06
CASNRDRGRYEQYF_TCRBV06_TCRBJ02,7.201383987947008e-06
CASSRNRESNQPQHF_TCRBV06_TCRBJ01,2.7506925724453325e-05
CASSRNRESNQPQHF_TCRBV06_TCRBJ01,4.722219008489841e-07
CASSLDGGGTEAFF_TCRBV12_TCRBJ01,3.28194221090044e-05
CASSLDGGGTEAFF_TCRBV12_TCRBJ01,1.133332562037562e-05
CASSPDSGGTDTQYF_TCRBV07_TCRBJ02,1.3458324174196048e-05
CASSFGGAGDTQYF_TCRBV12_TCRBJ02,0.0002428401125115
CASSLRGQSTDTQYF_TCRBV27_TCRBJ02,3.3055533059428888e-06
CASSRGRQETQYF_TCRBV07_TCRBJ02,4.131941632428611e-06
