combined,frequency
CASGRDTYEQYF_TCRBV02_TCRBJ02,2.131739108293531e-05
CASSSRGTGELFF_TCRBV28_TCRBJ02,2.960748761518793e-06
CASSEIPNTEAFF_TCRBV06_TCRBJ01,9.59282598732089e-06
CASSEIPNTEAFF_TCRBV06_TCRBJ01,2.131739108293531e-06
CASSEIPNTEAFF_TCRBV06_TCRBJ01,1.3027294550682692e-06
CASSEIPNTEAFF_TCRBV06_TCRBJ01,2.3685990092150345e-07
CASSHRDRNYEQYF_TCRBV07_TCRBJ02,0.0002803236927405
CASSHRDRNYEQYF_TCRBV07_TCRBJ02,4.5003381175085645e-06
CASSHRDRNYEQYF_TCRBV07_TCRBJ02,4.737198018430069e-07
CASSIEGNQPQHF_TCRBV28_TCRBJ01,1.2790434649761185e-05
CASNRDRGRYEQYF_TCRBV06_TCRBJ02,2.072524133063155e-05
CASNRDRGRYEQYF_TCRBV06_TCRBJ02,1.4566883906672464e-05
CASSPAGLNTEAFF_TCRBV19_TCRBJ01,4.618768067969317e-06
CASSSDSGGTDTQYF_TCRBV07_TCRBJ02,3.0554927218873945e-05
CASSSDSGGTDTQYF_TCRBV07_TCRBJ02,1.314572450114344e-05
CASSQTGGRNQPQHF_TCRBV12_TCRBJ01,5.921497523037586e-07
CSVRDNFNQPQHF_TCRBV29_TCRBJ01,1.3027294550682692e-06
CASSLGGAGDTQYF_TCRBV12_TCRBJ02,7.18869799296763e-05
CASSLGGAGDTQYF_TCRBV12_TCRBJ02,1.6935482915887495e-05
CASSLGGAGDTQYF_TCRBV12_TCRBJ02,1.4566883906672464e-05
CASSLGGAGDTQYF_TCRBV12_TCRBJ02,2.131739108293531e-06
CASSLGGAGDTQYF_TCRBV12_TCRBJ02,1.894879207372028e-06
CASSPDSGGTDTQYF_TCRBV07_TCRBJ02,2.01330915783278e-06
CASSPDSGGTDTQYF_TCRBV07_TCRBJ02,4.737198018430069e-07
CASSTTGGDGYTF_TCRBV19_TCRBJ01,7.816376730409614e-06
CASSYGGLGSYEQYF_TCRBV06_TCRBJ02,5.447777721194578e-06
