combined,frequency
CASSPRGTYEQYF_TCRBV19_TCRBJ02,3.042191041300509e-06
CASSQNRGQETQYF_TCRBV14_TCRBJ02,1.935939753554869e-06
CAWSVSDLAKNIQYF_TCRBV30_TCRBJ02,0.0001590236226134
CASSGQGAYEQYF_TCRBV09_TCRBJ02,1.1062512877456396e-06
CASSGQGAYEQYF_TCRBV09_TCRBJ02,1.1062512877456396e-06
CASSSDSGGTDTQYF_TCRBV07_TCRBJ02,6.360944904537428e-06
CASSLGLHYEQYF_TCRBV28_TCRBJ02,1.825314624780305e-05
CASSLGLHYEQYF_TCRBV28_TCRBJ02,2.2125025754912792e-06
CASSQNRAQETQYF_TCRBV14_TCRBJ02,5.531256438728198e-07
CASSPQGAYEQYF_TCRBV09_TCRBJ02,5.531256438728198e-07
CASSAQGAYEQYF_TCRBV09_TCRBJ02,5.531256438728198e-07
CASSPGDEQFF_TCRBV25_TCRBJ02,7.24594593473394e-05
CASSRGRQETQYF_TCRBV07_TCRBJ02,4.978130794855378e-06
