combined,frequency
CASSGQGAYEQYF_TCRBV09_TCRBJ02,7.394155437717365e-07
CASSESPGNTEAFF_TCRBV10_TCRBJ01,1.4788310875434729e-05
CSAPGRLNTEAFF_TCRBV20_TCRBJ01,1.6636849734864068e-06
CASSLSRGEQYF_TCRBV27_TCRBJ02,6.28503212205976e-06
CASSLSRGEQYF_TCRBV27_TCRBJ02,7.394155437717365e-07
CASSLVAGGRETQYF_TCRBV05_TCRBJ02,1.293977201600539e-06
