combined,frequency
CASSLEGQGFGYTF_TCRBV05_TCRBJ01,1.713817499344893e-06
CASSLATPYEQYF_TCRBV07_TCRBJ02,3.427634998689786e-06
CASSSANYGYTF_TCRBV12_TCRBJ01,0.000109684319958
CASSSANYGYTF_TCRBV12_TCRBJ01,3.0848714988208084e-05
CASSSANYGYTF_TCRBV12_TCRBJ01,2.39934449908285e-06
CASSPDNSGNTIYF_TCRBV18_TCRBJ01,1.833784724299036e-05
CASSLAPGATNEKLFF_TCRBV07_TCRBJ01,0.0065858578864825
CASSLAPGATNEKLFF_TCRBV07_TCRBJ01,1.6452647993710974e-05
CASSLAPGATNEKLFF_TCRBV07_TCRBJ01,8.569087496724466e-06
CASSLAPGATNEKLFF_TCRBV07_TCRBJ01,8.397705746789977e-06
CASSLAPGATNEKLFF_TCRBV07_TCRBJ01,2.39934449908285e-06
CASSLAPGATNEKLFF_TCRBV07_TCRBJ01,1.3710539994759146e-06
CASSLAPGATNEKLFF_TCRBV07_TCRBJ01,1.3710539994759146e-06
CASSLAPGATNEKLFF_TCRBV07_TCRBJ01,6.855269997379573e-07
CAWSVSDLAKNIQYF_TCRBV30_TCRBJ02,2.9477660988732165e-05
CAWSVSDLAKNIQYF_TCRBV30_TCRBJ02,1.542435749410404e-06
CASSLVIGGDTEAFF_TCRBV05_TCRBJ01,1.5938502743907508e-05
CASSSGLAGGPYEQYF_TCRBV05_TCRBJ02,3.770398498558765e-06
CASSLTGGRNQPQHF_TCRBV12_TCRBJ01,3.2562532487552966e-06
CASSLTGGRNQPQHF_TCRBV12_TCRBJ01,3.427634998689787e-07
CATSDSVTNTGELFF_TCRBV24_TCRBJ02,5.998361247707127e-06
CATSDSVTNTGELFF_TCRBV24_TCRBJ02,2.056580999213872e-06
CASSLVASGRETQYF_TCRBV05_TCRBJ02,2.056580999213872e-06
CASSPGDEQFF_TCRBV25_TCRBJ02,2.073719174207321e-05
