combined,frequency
CASSLDAGGSYNEQFF_TCRBV05_TCRBJ02,6.847263744095724e-06
CASSQTNTGELFF_TCRBV03_TCRBJ02,3.274778312393607e-06
CASSESPGNTEAFF_TCRBV10_TCRBJ01,1.7862427158510582e-06
CATSDGDEQFF_TCRBV24_TCRBJ02,4.763313908936157e-06
CASSFGGAGDTQYF_TCRBV12_TCRBJ02,3.5724854317021165e-06
CASSLVAGGRETQYF_TCRBV05_TCRBJ02,5.954142386170196e-07
