combined,frequency
CASSPDRVGQETQYF_TCRBV05_TCRBJ02,1.3580442804317502e-05
CASSQDLRGGNQPQHF_TCRBV04_TCRBJ01,3.614794334678629e-05
CASSTTGGDGYTF_TCRBV19_TCRBJ01,9.08691393524186e-06
CASSPPGQGSDTQYF_TCRBV18_TCRBJ02,7.089789993430461e-06
CASSPPGQGSDTQYF_TCRBV18_TCRBJ02,1.3979867592679785e-06
CASSPPSGLTDTQYF_TCRBV28_TCRBJ02,7.98849576724559e-07
CSALGHSNQPQHF_TCRBV20_TCRBJ01,2.296692533083107e-06
CASSLEAEYEQYF_TCRBV07_TCRBJ02,6.290940416705901e-06
CATSDSVTNTGELFF_TCRBV24_TCRBJ02,4.493528869075644e-06
CASSLVASGRETQYF_TCRBV05_TCRBJ02,5.591947037071913e-06
CASSLVASGRETQYF_TCRBV05_TCRBJ02,1.6975553505396878e-06
CASSFPTSGQETQYF_TCRBV07_TCRBJ02,1.797411547630257e-06
CASSFPTSGQETQYF_TCRBV07_TCRBJ02,1.997123941811397e-07
CASSLVAGGRETQYF_TCRBV05_TCRBJ02,4.493528869075644e-06
