combined,frequency
CASSLAPGATNEKLFF_TCRBV07_TCRBJ01,6.191270991077311e-06
CASSPRWQETQYF_TCRBV27_TCRBJ02,4.483334165952535e-06
CASSGQGAYEQYF_TCRBV09_TCRBJ02,9.607144641326864e-06
CASSGQGAYEQYF_TCRBV09_TCRBJ02,3.202381547108954e-06
CASSGQGAYEQYF_TCRBV09_TCRBJ02,4.269842062811938e-07
CASSGQGAYEQYF_TCRBV09_TCRBJ02,4.269842062811938e-07
