combined,frequency
CAWRGTGNSPLHF_TCRBV30_TCRBJ01,1.0866973680407085e-06
CASSSLAGPTDTQYF_TCRBV05_TCRBJ02,8.693578944325668e-07
CATSRDSQGSYGYTF_TCRBV15_TCRBJ01,1.1953671048447791e-06
CATSRDSQGSYGYTF_TCRBV15_TCRBJ01,2.173394736081417e-07
CASSLGQGIEAFF_TCRBV05_TCRBJ01,5.433486840203543e-07
CASSAQGAYEQYF_TCRBV09_TCRBJ02,4.346789472162834e-07
CASSLSRGEQYF_TCRBV27_TCRBJ02,2.6080736832977003e-06
