combined,frequency
CATSDGDTQYF_TCRBV24_TCRBJ02,2.6342112951864607e-05
CATSDGDTQYF_TCRBV24_TCRBJ02,2.223500931958464e-05
CATSDGDTQYF_TCRBV24_TCRBJ02,4.531976421826169e-06
CATSDGDTQYF_TCRBV24_TCRBJ02,9.913698422744745e-07
CASSISAGEAFF_TCRBV19_TCRBJ01,1.8694402740032944e-05
CASSLRREKLFF_TCRBV05_TCRBJ01,0.0001362425411811
CASSHRDRNYEQYF_TCRBV07_TCRBJ02,4.942686785054165e-05
CASRSDSGANVLTF_TCRBV06_TCRBJ02,2.124363947731016e-06
CATSDGETQYF_TCRBV24_TCRBJ02,2.7475107057321145e-05
CATSDGETQYF_TCRBV24_TCRBJ02,4.531976421826169e-06
CASSGQGAYEQYF_TCRBV09_TCRBJ02,3.3989823163696263e-06
CASSGQGAYEQYF_TCRBV09_TCRBJ02,2.6908610004592874e-06
CASSGQGAYEQYF_TCRBV09_TCRBJ02,2.832485263641356e-07
CASSSDSGGTDTQYF_TCRBV07_TCRBJ02,7.081213159103388e-07
CASSLGQGIEAFF_TCRBV05_TCRBJ01,1.1329941054565422e-06
CASSFPTSGQETQYF_TCRBV07_TCRBJ02,5.664970527282711e-07
CASSLVAGGRETQYF_TCRBV05_TCRBJ02,1.8411154213668809e-06
