combined,frequency
CASSLGARETQYF_TCRBV11_TCRBJ02,1.14056298188786e-06
CASSLGHRDSSYEQYF_TCRBV05_TCRBJ02,1.14056298188786e-06
CASSPDRVGQETQYF_TCRBV05_TCRBJ02,4.904420822117797e-05
CASSESGHRNQPQHF_TCRBV10_TCRBJ01,9.12450385510288e-06
CASSESGHRNQPQHF_TCRBV10_TCRBJ01,6.843377891327159e-06
CASSYGGLGSYEQYF_TCRBV06_TCRBJ02,1.14056298188786e-06
CSVRDNFNQPQHF_TCRBV29_TCRBJ01,0.0001334458688808
CSVRDNFNQPQHF_TCRBV29_TCRBJ01,3.4216889456635794e-06
CASSTTGGDGYTF_TCRBV19_TCRBJ01,1.4827318764542178e-05
CASSRGRQETQYF_TCRBV07_TCRBJ02,1.14056298188786e-06
CSVRDNYNQPQHF_TCRBV29_TCRBJ01,3.4216889456635794e-06
