combined,frequency
CASSSANYGYTF_TCRBV12_TCRBJ01,5.539920668336029e-06
CASSPPGQGSDTQYF_TCRBV18_TCRBJ02,1.1871258575005778e-06
CASSQVGGELFF_TCRBV04_TCRBJ02,2.1763974054177256e-06
CASSQTNTGELFF_TCRBV03_TCRBJ02,9.89271547917148e-07
CASSESPGNTEAFF_TCRBV10_TCRBJ01,1.3849801670840073e-06
CASSQGTSGGYEQYF_TCRBV03_TCRBJ02,5.935629287502889e-07
CASSPLGEQYF_TCRBV18_TCRBJ02,1.7806887862508663e-06
CSAPGRLNTEAFF_TCRBV20_TCRBJ01,1.5828344766674368e-06
CSAPGRLNTEAFF_TCRBV20_TCRBJ01,7.914172383337184e-07
