combined,frequency
CASSLGHRDPNTGELFF_TCRBV05_TCRBJ02,9.800750737506492e-06
CASSRTSGGAEDTQYF_TCRBV04_TCRBJ02,2.450187684376623e-06
CAWRGTGNSPLHF_TCRBV30_TCRBJ01,2.450187684376623e-06
CASSQNRGQETQYF_TCRBV14_TCRBJ02,2.450187684376623e-06
CASSGQGAYEQYF_TCRBV09_TCRBJ02,2.450187684376623e-06
CATSREGSGYEQYF_TCRBV15_TCRBJ02,2.450187684376623e-06
CASSQNRAQETQYF_TCRBV14_TCRBJ02,2.450187684376623e-06
CASSPDSGGTDTQYF_TCRBV07_TCRBJ02,2.450187684376623e-06
CAISESGTGGGYTF_TCRBV10_TCRBJ01,2.450187684376623e-06
CASSLVASGRETQYF_TCRBV05_TCRBJ02,2.450187684376623e-06
CASSRGRQETQYF_TCRBV07_TCRBJ02,4.900375368753246e-06
