combined,frequency
CASSYGGLGSYEQYF_TCRBV06_TCRBJ02,6.7181920001689146e-06
CASSLGARETQYF_TCRBV11_TCRBJ02,1.7595264762347155e-06
CATSDGETQYF_TCRBV24_TCRBJ02,3.199139047699483e-06
CASSLGLANEQFF_TCRBV06_TCRBJ02,3.679009904854406e-06
