combined,frequency
CASSEAPSTSTDTQYF_TCRBV02_TCRBJ02,6.298648398234818e-07
CASSSANYGYTF_TCRBV12_TCRBJ01,7.55837807788178e-07
CASSPDNSGNTIYF_TCRBV18_TCRBJ01,6.298648398234818e-07
CASSISAGEAFF_TCRBV19_TCRBJ01,2.39348639132923e-06
CASSVGTLNTGELFF_TCRBV09_TCRBJ02,7.55837807788178e-07
CASNRDRGRYEQYF_TCRBV06_TCRBJ02,1.1211594148857971e-05
CASNRDRGRYEQYF_TCRBV06_TCRBJ02,5.038918718587853e-07
CASSQTNTGELFF_TCRBV03_TCRBJ02,3.401270135046801e-06
CATSREGSGYEQYF_TCRBV15_TCRBJ02,7.55837807788178e-07
CASSLGQGIEAFF_TCRBV05_TCRBJ01,1.6376485835410522e-06
CASSIWGLDTEAFF_TCRBV19_TCRBJ01,1.5872593963551737e-05
CASSLGGAGDTQYF_TCRBV12_TCRBJ02,7.432405109917082e-06
CASSFGGAGDTQYF_TCRBV12_TCRBJ02,1.7762188483022186e-05
