combined,frequency
CASSIEGNQPQHF_TCRBV28_TCRBJ01,1.9159114782256657e-05
CASSIEGNQPQHF_TCRBV28_TCRBJ01,2.4990149715986947e-06
CASSGQGAYEQYF_TCRBV09_TCRBJ02,4.165024952664491e-06
CASSGQGAYEQYF_TCRBV09_TCRBJ02,1.6660099810657964e-06
CASSPAGLNTEAFF_TCRBV19_TCRBJ01,5.831034933730287e-06
CASSLFGTGGNTEAFF_TCRBV05_TCRBJ01,2.957167716391789e-05
CASSLFGTGGNTEAFF_TCRBV05_TCRBJ01,2.6656159697052745e-05
CASSPDSGGTDTQYF_TCRBV07_TCRBJ02,3.3320199621315927e-06
