combined,frequency
CASSLGARETQYF_TCRBV11_TCRBJ02,7.536906346150513e-07
CASGRDTYEQYF_TCRBV02_TCRBJ02,6.02952507692041e-06
CASSESGDPSSYEQYF_TCRBV10_TCRBJ02,2.4620560730758343e-05
CASSPDRVGQETQYF_TCRBV05_TCRBJ02,5.5270646538437104e-06
CSASPGQGASYGYTF_TCRBV20_TCRBJ01,1.0049208461534016e-06
CASSSRGTGELFF_TCRBV28_TCRBJ02,4.522143807690309e-06
CASMGGASYEQYF_TCRBV27_TCRBJ02,1.0049208461534016e-06
CASSLAPGATNEKLFF_TCRBV07_TCRBJ01,1.7586114807684532e-06
CASSVGTLNTGELFF_TCRBV09_TCRBJ02,3.5172229615369064e-06
CASSVGTLNTGELFF_TCRBV09_TCRBJ02,5.024604230767008e-07
CATSDGETQYF_TCRBV24_TCRBJ02,2.7635323269218552e-06
CASSRGRQETQYF_TCRBV07_TCRBJ02,1.0049208461534016e-06
CASSSGLAGGPYEQYF_TCRBV05_TCRBJ02,1.0049208461534016e-06
CASSQGRHTDTQYF_TCRBV14_TCRBJ02,4.3462826596134624e-05
CASSQGRHTDTQYF_TCRBV14_TCRBJ02,2.336440967306659e-05
CASSQGRHTDTQYF_TCRBV14_TCRBJ02,4.270913596151957e-06
CASSQGRHTDTQYF_TCRBV14_TCRBJ02,1.0049208461534016e-06
CASSLGGAGDTQYF_TCRBV12_TCRBJ02,5.175342357690019e-05
CASSLGGAGDTQYF_TCRBV12_TCRBJ02,8.290596980765564e-06
CASSLGGAGDTQYF_TCRBV12_TCRBJ02,7.536906346150513e-07
CASSLGGAGDTQYF_TCRBV12_TCRBJ02,7.536906346150513e-07
CASSPQDRVYGYTF_TCRBV27_TCRBJ01,5.275834442305359e-06
CASSLSRGEQYF_TCRBV27_TCRBJ02,5.275834442305359e-06
CASSLSRGEQYF_TCRBV27_TCRBJ02,5.024604230767008e-07
CSVRDNYNQPQHF_TCRBV29_TCRBJ01,2.7635323269218552e-06
