combined,frequency
CASSLGARETQYF_TCRBV11_TCRBJ02,4.3899903537278645e-07
CASSQDLRGGNQPQHF_TCRBV04_TCRBJ01,7.462983601337367e-06
CASSQDLRGGNQPQHF_TCRBV04_TCRBJ01,7.316650589546437e-06
CASSQDLRGGNQPQHF_TCRBV04_TCRBJ01,3.5119922829822907e-06
CASSLAPGATNEKLFF_TCRBV07_TCRBJ01,1.7559961414911454e-06
CASSPRWQETQYF_TCRBV27_TCRBJ02,5.7069874598462224e-06
CASSPPSGLTDTQYF_TCRBV28_TCRBJ02,2.0486621650730025e-05
CASSPPSGLTDTQYF_TCRBV28_TCRBJ02,2.7803272240276463e-06
CASSLRGQSTDTQYF_TCRBV27_TCRBJ02,1.6096631297002163e-06
