combined,frequency
CASSIGPLEHNEQFF_TCRBV19_TCRBJ02,0.0001478773582919
CASSPDRVGQETQYF_TCRBV05_TCRBJ02,1.0829098654412298e-06
CASSPDRVGQETQYF_TCRBV05_TCRBJ02,4.812932735294354e-07
CASSESGHRNQPQHF_TCRBV10_TCRBJ01,2.045496412500101e-06
CATSDGETQYF_TCRBV24_TCRBJ02,9.13253986522104e-05
CASSPPSGLTDTQYF_TCRBV28_TCRBJ02,2.526789686029536e-06
CASNRDRGRYEQYF_TCRBV06_TCRBJ02,2.8877596411766133e-06
CATSRGTVSYEQYF_TCRBV15_TCRBJ02,6.978752466176814e-06
CATSRGTVSYEQYF_TCRBV15_TCRBJ02,6.7381058294120966e-06
CASSFHGFNQPQHF_TCRBV05_TCRBJ01,1.0949421972794658e-05
CASSLPSGLTDTQYF_TCRBV28_TCRBJ02,6.016165919117944e-07
CASSQVPGQGDNEQFF_TCRBV14_TCRBJ02,0.0001023951439433
CATSDGDEQFF_TCRBV24_TCRBJ02,8.42263228676512e-06
CASSPGTGTYGYTF_TCRBV10_TCRBJ01,5.053579372059072e-06
CASSRGRQETQYF_TCRBV07_TCRBJ02,1.9251730941177416e-06
CASSRGRQETQYF_TCRBV07_TCRBJ02,3.609699551470766e-07
CASSLVAGGRETQYF_TCRBV05_TCRBJ02,1.2032331838235887e-06
