combined,frequency
CASSLRREKLFF_TCRBV05_TCRBJ01,6.407623534176022e-07
CASSLVGGSEQYF_TCRBV05_TCRBJ02,3.716421649822092e-06
CASSYSTAGELFF_TCRBV06_TCRBJ02,1.922287060252806e-06
CATSDGETQYF_TCRBV24_TCRBJ02,7.176538358277144e-06
CATSDGETQYF_TCRBV24_TCRBJ02,3.588269179138572e-06
CATSDGETQYF_TCRBV24_TCRBJ02,1.2815247068352043e-06
CASSQTNTGELFF_TCRBV03_TCRBJ02,3.460116708455052e-06
CASSLFGTGGNTEAFF_TCRBV05_TCRBJ01,2.434896942986888e-06
CASSESPGNTEAFF_TCRBV10_TCRBJ01,1.1533722361516838e-06
CASSESPGNTEAFF_TCRBV10_TCRBJ01,3.8445741205056133e-07
CSARETGSNYGYTF_TCRBV20_TCRBJ01,1.6659821188857656e-06
CASSRGRQETQYF_TCRBV07_TCRBJ02,1.1533722361516838e-06
