combined,frequency
CASSPSTGTEAFF_TCRBV05_TCRBJ01,9.693960162973648e-06
CASSLGLKGTQYF_TCRBV12_TCRBJ02,1.9690856581040213e-06
CASSQGRHTDTQYF_TCRBV14_TCRBJ02,9.088087652787792e-07
CASSRGRQETQYF_TCRBV07_TCRBJ02,1.0451300800705964e-05
CASSRGRQETQYF_TCRBV07_TCRBJ02,1.2117450203717058e-06
CASSRGRQETQYF_TCRBV07_TCRBJ02,3.0293625509292645e-07
