combined,frequency
CASSLVGGSEQYF_TCRBV05_TCRBJ02,2.4813392535661723e-06
CASSQVGGELFF_TCRBV04_TCRBJ02,1.422634505377939e-06
CASSRGRQETQYF_TCRBV07_TCRBJ02,2.646761870470584e-06
CASSRGRQETQYF_TCRBV07_TCRBJ02,2.1174094963764667e-06
CASSRGRQETQYF_TCRBV07_TCRBJ02,1.654226169044115e-07
CASSQTNTGELFF_TCRBV03_TCRBJ02,1.7203952158058796e-06
CSARETGSNYGYTF_TCRBV20_TCRBJ01,1.0256202248073512e-06
CASSPLGEQYF_TCRBV18_TCRBJ02,1.985071402852938e-06
CASSPQGAYEQYF_TCRBV09_TCRBJ02,1.323380935235292e-07
CASSLVAGGRETQYF_TCRBV05_TCRBJ02,1.323380935235292e-07
