combined,frequency
CASSSRGTGELFF_TCRBV28_TCRBJ02,2.8537220967593388e-06
CASSSRGTGELFF_TCRBV28_TCRBJ02,7.782878445707289e-07
CSVEEDEGIYGYTF_TCRBV29_TCRBJ01,9.469168775610533e-06
CASSLEAEYEQYF_TCRBV07_TCRBJ02,2.334863533712186e-06
CASSLEAEYEQYF_TCRBV07_TCRBJ02,2.594292815235763e-07
CATSDSVTNTGELFF_TCRBV24_TCRBJ02,1.893833755122107e-05
CASSRSGLAGNTGELFF_TCRBV06_TCRBJ02,4.669727067424373e-06
CSVRDNHNQPQHF_TCRBV29_TCRBJ01,4.540012426662584e-06
CASRSDSGANVLTF_TCRBV06_TCRBJ02,5.318300271233314e-06
CATSDGETQYF_TCRBV24_TCRBJ02,8.172022367992653e-06
CASSRNRESNQPQHF_TCRBV06_TCRBJ01,2.879665024911697e-05
CASSRNRESNQPQHF_TCRBV06_TCRBJ01,2.568349887083405e-05
CASSRNRESNQPQHF_TCRBV06_TCRBJ01,1.0377171260943052e-06
CASSRNRESNQPQHF_TCRBV06_TCRBJ01,9.08002485332517e-07
CASSRNRESNQPQHF_TCRBV06_TCRBJ01,7.782878445707289e-07
CATSDGDEQFF_TCRBV24_TCRBJ02,1.115545910551378e-05
CATSDGDEQFF_TCRBV24_TCRBJ02,3.891439222853644e-06
CASSYGGLGSYEQYF_TCRBV06_TCRBJ02,6.485732038089407e-07
CASSEARGGVEKLFF_TCRBV06_TCRBJ01,2.749950384149909e-05
CASSEARGGVEKLFF_TCRBV06_TCRBJ01,8.172022367992653e-06
CASSEARGGVEKLFF_TCRBV06_TCRBJ01,5.188585630471527e-06
CASSEARGGVEKLFF_TCRBV06_TCRBJ01,1.5565756891414575e-06
CASSEARGGVEKLFF_TCRBV06_TCRBJ01,5.188585630471526e-07
CASSEARGGVEKLFF_TCRBV06_TCRBJ01,5.188585630471526e-07
CATSDGDTQYF_TCRBV24_TCRBJ02,3.761724582091856e-06
CATSDGDTQYF_TCRBV24_TCRBJ02,1.0377171260943052e-06
CASSSGLAGGPYEQYF_TCRBV05_TCRBJ02,2.2051488929503983e-06
CASSSGLAGGPYEQYF_TCRBV05_TCRBJ02,1.0377171260943052e-06
CASSPDSGGTDTQYF_TCRBV07_TCRBJ02,1.4917183687605634e-05
CASSPGTGTYGYTF_TCRBV10_TCRBJ01,0.0016228598705707
CASSPGTGTYGYTF_TCRBV10_TCRBJ01,1.816004970665034e-06
CASSPGTGTYGYTF_TCRBV10_TCRBJ01,7.782878445707289e-07
CASSPGTGTYGYTF_TCRBV10_TCRBJ01,7.782878445707289e-07
CASSPGTGTYGYTF_TCRBV10_TCRBJ01,5.188585630471526e-07
CASSRGRQETQYF_TCRBV07_TCRBJ02,2.334863533712186e-06
CASSSANYGYTF_TCRBV12_TCRBJ01,4.929156348947948e-06
CASSPPGQGSDTQYF_TCRBV18_TCRBJ02,6.096588115804043e-06
CATSRGTVSYEQYF_TCRBV15_TCRBJ02,1.816004970665034e-06
CASSLVASGRETQYF_TCRBV05_TCRBJ02,2.5942928152357638e-06
