combined,frequency
CASSLGARETQYF_TCRBV11_TCRBJ02,6.004928044281674e-06
CASSPQRNTEAFF_TCRBV04_TCRBJ01,8.506981396065704e-06
CSASPGQGASYGYTF_TCRBV20_TCRBJ01,3.836481806068848e-06
CSVEEDEGIYGYTF_TCRBV29_TCRBJ01,3.969924651497329e-05
CSVRDNHNQPQHF_TCRBV29_TCRBJ01,1.1843052531777746e-05
CATSDGETQYF_TCRBV24_TCRBJ02,8.673784952851307e-06
CASSLGLHYEQYF_TCRBV28_TCRBJ02,9.290958112958032e-05
CASSLGLHYEQYF_TCRBV28_TCRBJ02,5.587919152317669e-05
CASSLGLHYEQYF_TCRBV28_TCRBJ02,5.070828126282303e-05
CASSLGLHYEQYF_TCRBV28_TCRBJ02,4.670499589996858e-05
CASSLGLHYEQYF_TCRBV28_TCRBJ02,4.370253187782774e-05
CASSLGLHYEQYF_TCRBV28_TCRBJ02,1.5846337894632196e-05
CASSLGLHYEQYF_TCRBV28_TCRBJ02,1.2843873872491358e-05
CASSIWGLDTEAFF_TCRBV19_TCRBJ01,2.3852908620341088e-05
CASSLEAEYEQYF_TCRBV07_TCRBJ02,4.003285362854449e-06
CAWSPLTPNTEAFF_TCRBV30_TCRBJ01,6.004928044281674e-06
CASSLVASGRETQYF_TCRBV05_TCRBJ02,1.0842231191064132e-05
CASSLVAGGRETQYF_TCRBV05_TCRBJ02,2.502053351784031e-06
CASSLVAGGRETQYF_TCRBV05_TCRBJ02,1.8348391246416224e-06
