combined,frequency
CASSLGARETQYF_TCRBV11_TCRBJ02,2.137274784669565e-06
CASSRNRGYEQYF_TCRBV12_TCRBJ02,4.512024545413527e-06
CASSRNRGYEQYF_TCRBV12_TCRBJ02,1.4248498564463767e-06
CASSLGHRDSSYEQYF_TCRBV05_TCRBJ02,2.3747497607439617e-06
CASSLRREKLFF_TCRBV05_TCRBJ01,6.649299330083092e-06
CASSGQGAYEQYF_TCRBV09_TCRBJ02,7.124249282231885e-06
CASSGQGAYEQYF_TCRBV09_TCRBJ02,3.324649665041546e-06
CASSGQGAYEQYF_TCRBV09_TCRBJ02,1.662324832520773e-06
CASSGQGAYEQYF_TCRBV09_TCRBJ02,4.749499521487923e-07
CASSPAGLNTEAFF_TCRBV19_TCRBJ01,1.7810623205579712e-05
CASSLFGTGGNTEAFF_TCRBV05_TCRBJ01,6.4118243540086975e-06
CASSQVPGQGDNEQFF_TCRBV14_TCRBJ02,5.461924449711112e-06
CASSAQGAYEQYF_TCRBV09_TCRBJ02,9.498999042975848e-07
CASSPSTGTEAFF_TCRBV05_TCRBJ01,4.2982970669465707e-05
CASSPSTGTEAFF_TCRBV05_TCRBJ01,3.3721446602564254e-05
CASSPSTGTEAFF_TCRBV05_TCRBJ01,3.229659674611788e-05
CASSPSTGTEAFF_TCRBV05_TCRBJ01,2.754709722462996e-05
CASSPSTGTEAFF_TCRBV05_TCRBJ01,6.1743493779343e-06
CASSFGGAGDTQYF_TCRBV12_TCRBJ02,1.8997998085951687e-06
CASSFGGAGDTQYF_TCRBV12_TCRBJ02,9.498999042975848e-07
CASSFGGAGDTQYF_TCRBV12_TCRBJ02,1.4248498564463767e-06
CASSLGPAGLSTDTQYF_TCRBV07_TCRBJ02,1.8997998085951687e-06
CASSRGRQETQYF_TCRBV07_TCRBJ02,9.498999042975848e-07
CASSLVAGGRETQYF_TCRBV05_TCRBJ02,4.512024545413527e-06
