combined,frequency
CASSQNRGQETQYF_TCRBV14_TCRBJ02,2.382970340756816e-06
CSARGAGGNYGYTF_TCRBV20_TCRBJ01,2.7006997195243907e-06
CASSQGRHTDTQYF_TCRBV14_TCRBJ02,2.367083871818437e-05
CASSQGRHTDTQYF_TCRBV14_TCRBJ02,9.214151984259686e-06
CASSQGRHTDTQYF_TCRBV14_TCRBJ02,9.531881363027262e-07
CASSQGRHTDTQYF_TCRBV14_TCRBJ02,5.7191288178163575e-06
CASSQNRAQETQYF_TCRBV14_TCRBJ02,1.9063762726054524e-06
CASSEARTRAFF_TCRBV06_TCRBJ01,8.578693226724535e-06
CASSRGRQETQYF_TCRBV07_TCRBJ02,6.354587575351507e-06
