combined,frequency
CASSIGPLEHNEQFF_TCRBV19_TCRBJ02,2.111914577279178e-06
CATSDGDTQYF_TCRBV24_TCRBJ02,4.012637696830439e-05
CATSDGDTQYF_TCRBV24_TCRBJ02,2.587095357166993e-05
CATSDGETQYF_TCRBV24_TCRBJ02,2.6398932215989728e-06
CASSFHGFNQPQHF_TCRBV05_TCRBJ01,2.2175103061431368e-05
CASSLTGGRNQPQHF_TCRBV12_TCRBJ01,2.6398932215989728e-06
CATSDSVTNTGELFF_TCRBV24_TCRBJ02,1.2143508819355277e-05
