combined,frequency
CASSEAPSTSTDTQYF_TCRBV02_TCRBJ02,7.796855201332406e-06
CASSLAPGATNEKLFF_TCRBV07_TCRBJ01,4.024183329719952e-05
CASSLAPGATNEKLFF_TCRBV07_TCRBJ01,0.0001121741103159
CASSPRWQETQYF_TCRBV27_TCRBJ02,2.2636031229674733e-06
CASSIEGNQPQHF_TCRBV28_TCRBJ01,5.281740620257437e-06
CASSLGLANEQFF_TCRBV06_TCRBJ02,1.0311969782407377e-05
CASSLGLHYEQYF_TCRBV28_TCRBJ02,6.036274994579928e-06
CASSLGLHYEQYF_TCRBV28_TCRBJ02,0.0002391873966602
CASSIWGLDTEAFF_TCRBV19_TCRBJ01,1.0060458324299878e-06
