combined,frequency
CAWRGTGNSPLHF_TCRBV30_TCRBJ01,3.676788251926177e-06
CSVRDNHNQPQHF_TCRBV29_TCRBJ01,1.0662685930585916e-05
CASSLGGPGDTQYF_TCRBV12_TCRBJ02,1.470715300770471e-06
CAWSVSDLAKNIQYF_TCRBV30_TCRBJ02,7.316808621333095e-05
CASSIEGNQPQHF_TCRBV28_TCRBJ01,6.250540028274503e-06
CASSLGLKGTQYF_TCRBV12_TCRBJ02,7.353576503852355e-07
CASSRNRESNQPQHF_TCRBV06_TCRBJ01,3.30910942673356e-06
CASSQTGGRNQPQHF_TCRBV12_TCRBJ01,8.08893415423759e-06
CATSRGTVSYEQYF_TCRBV15_TCRBJ02,2.095769303597921e-05
CAWSPLTPNTEAFF_TCRBV30_TCRBJ01,1.1030364755778532e-06
CASSSPGRSGANVLTF_TCRBV28_TCRBJ02,5.882861203081884e-06
CASSFGGAGDTQYF_TCRBV12_TCRBJ02,0.0003268664755962
CASSFGGAGDTQYF_TCRBV12_TCRBJ02,2.500216011309801e-05
CASSFGGAGDTQYF_TCRBV12_TCRBJ02,1.8751620084823506e-05
CASSYGGLGSYEQYF_TCRBV06_TCRBJ02,5.882861203081884e-06
CSVRDNYNQPQHF_TCRBV29_TCRBJ01,2.7208233064253712e-05
