combined,frequency
CASSQRTSGAYNEQFF_TCRBV04_TCRBJ02,3.129625978399321e-06
CASSPDRVGQETQYF_TCRBV05_TCRBJ02,3.129625978399321e-06
CASTPGDEQFF_TCRBV25_TCRBJ02,3.129625978399321e-06
CASSPDNSGNTIYF_TCRBV18_TCRBJ01,3.129625978399321e-06
CASSVGTLNTGELFF_TCRBV09_TCRBJ02,3.129625978399321e-06
CASSGQGAYEQYF_TCRBV09_TCRBJ02,3.129625978399321e-06
CATSREGSGYEQYF_TCRBV15_TCRBJ02,6.259251956798643e-06
CSAPGRLNTEAFF_TCRBV20_TCRBJ01,3.129625978399321e-06
