combined,frequency
CASSQVGGELFF_TCRBV04_TCRBJ02,2.088500507356445e-06
CASSYSTAGELFF_TCRBV06_TCRBJ02,5.967144306732699e-07
CASSYSTAGELFF_TCRBV06_TCRBJ02,5.967144306732699e-07
CASSESPGNTEAFF_TCRBV10_TCRBJ01,4.624536837717842e-06
CASSAQGAYEQYF_TCRBV09_TCRBJ02,8.950716460099049e-07
CASSLVAGGRETQYF_TCRBV05_TCRBJ02,5.967144306732699e-07
CASSLVAGGRETQYF_TCRBV05_TCRBJ02,1.0442502536782222e-06
