combined,frequency
CASSPDNSGNTIYF_TCRBV18_TCRBJ01,2.544804103807649e-06
CAWRGTGNSPLHF_TCRBV30_TCRBJ01,2.262048092273466e-06
CASSLGGPGDTQYF_TCRBV12_TCRBJ02,1.8379140749721908e-06
CATSDGETQYF_TCRBV24_TCRBJ02,1.8379140749721908e-06
CASSPGDEQFF_TCRBV25_TCRBJ02,4.665474190314023e-06
CASSPGDEQFF_TCRBV25_TCRBJ02,8.482680346025497e-07
CATSRDTQGSYGYTF_TCRBV15_TCRBJ01,2.120670086506374e-06
