combined,frequency
CASSQRTSGAYNEQFF_TCRBV04_TCRBJ02,2.20891555131771e-06
CASSPDRVGQETQYF_TCRBV05_TCRBJ02,9.203814797157126e-06
CASSQDLRGGNQPQHF_TCRBV04_TCRBJ01,2.834774957524395e-05
CASSQDLRGGNQPQHF_TCRBV04_TCRBJ01,1.1412730348474835e-05
CASSQDLRGGNQPQHF_TCRBV04_TCRBJ01,6.626746653953131e-06
CASSQDLRGGNQPQHF_TCRBV04_TCRBJ01,5.522288878294276e-06
CASSQDLRGGNQPQHF_TCRBV04_TCRBJ01,3.3133733269765654e-06
CASSQDLRGGNQPQHF_TCRBV04_TCRBJ01,3.3133733269765654e-06
CASSQDLRGGNQPQHF_TCRBV04_TCRBJ01,2.9452207350902807e-06
CATSDGDTQYF_TCRBV24_TCRBJ02,1.9512087369973105e-05
CASSISAGEAFF_TCRBV19_TCRBJ01,1.104457775658855e-06
CASSTTGGDGYTF_TCRBV19_TCRBJ01,6.626746653953131e-06
CASSRTSGGAEDTQYF_TCRBV04_TCRBJ02,0.0027316922317962
CASSRTSGGAEDTQYF_TCRBV04_TCRBJ02,1.0676425164702263e-05
CATSDGETQYF_TCRBV24_TCRBJ02,8.83566220527084e-06
CATSDGETQYF_TCRBV24_TCRBJ02,6.258594062066847e-06
CSALGHSNQPQHF_TCRBV20_TCRBJ01,2.20891555131771e-06
CATSDGDEQFF_TCRBV24_TCRBJ02,3.3133733269765654e-06
CASSFHGFNQPQHF_TCRBV05_TCRBJ01,1.5462408859223972e-05
CASSFHGFNQPQHF_TCRBV05_TCRBJ01,4.41783110263542e-06
CATSDSVTNTGELFF_TCRBV24_TCRBJ02,2.577068143203995e-06
CASSLVASGRETQYF_TCRBV05_TCRBJ02,8.83566220527084e-06
CASSLVAGGRETQYF_TCRBV05_TCRBJ02,2.577068143203995e-06
