combined,frequency
CASSLEGQGFGYTF_TCRBV05_TCRBJ01,6.055596430831464e-06
CASSGDRLYEQYF_TCRBV02_TCRBJ02,2.573628483103372e-05
CASSGDRLYEQYF_TCRBV02_TCRBJ02,3.027798215415732e-06
CATSDGETQYF_TCRBV24_TCRBJ02,1.009266071805244e-06
CASSPPSGLTDTQYF_TCRBV28_TCRBJ02,6.055596430831464e-06
CASSQTNTGELFF_TCRBV03_TCRBJ02,1.513899107707866e-06
CASSSGQVQETQYF_TCRBV11_TCRBJ02,0.0001221211946884
CASSSGQVQETQYF_TCRBV11_TCRBJ02,2.52316517951311e-06
CASSSGQVQETQYF_TCRBV11_TCRBJ02,1.513899107707866e-06
CASSSGQVQETQYF_TCRBV11_TCRBJ02,1.009266071805244e-06
CATSRGTVSYEQYF_TCRBV15_TCRBJ02,2.018532143610488e-06
CASSFGDRAYNEQFF_TCRBV05_TCRBJ02,1.513899107707866e-06
