combined,frequency
CASSRNRGYEQYF_TCRBV12_TCRBJ02,2.007315460464116e-06
CATSDGDTQYF_TCRBV24_TCRBJ02,5.620483289299523e-06
CASTPGDEQFF_TCRBV25_TCRBJ02,5.2190201972067e-06
CASSGDRLYEQYF_TCRBV02_TCRBJ02,1.8868765328362685e-05
CASSLRREKLFF_TCRBV05_TCRBJ01,8.832188026042108e-06
CASSQNRGQETQYF_TCRBV14_TCRBJ02,1.4051208223248808e-05
CASSPGDEQYF_TCRBV25_TCRBJ02,8.029261841856462e-07
CASSLIGVSSYNEQFF_TCRBV07_TCRBJ02,0.000402266018277
CASSLIGVSSYNEQFF_TCRBV07_TCRBJ02,1.2043892762784692e-06
CASSLIGVSSYNEQFF_TCRBV07_TCRBJ02,1.2043892762784692e-06
CATSDGETQYF_TCRBV24_TCRBJ02,8.029261841856462e-07
CASSGQGAYEQYF_TCRBV09_TCRBJ02,8.832188026042108e-06
CASSGQGAYEQYF_TCRBV09_TCRBJ02,4.416094013021054e-06
CASSGQGAYEQYF_TCRBV09_TCRBJ02,8.029261841856462e-07
CASSGQGAYEQYF_TCRBV09_TCRBJ02,8.029261841856462e-07
CASSLNRGQETQYF_TCRBV14_TCRBJ02,8.029261841856462e-07
CASSIWGLDTEAFF_TCRBV19_TCRBJ01,1.164242967069187e-05
CASSIWGLDTEAFF_TCRBV19_TCRBJ01,2.007315460464116e-06
CASSAQGAYEQYF_TCRBV09_TCRBJ02,1.2043892762784692e-06
CASSSPGRSGANVLTF_TCRBV28_TCRBJ02,1.2043892762784692e-06
CASSLGPAGLSTDTQYF_TCRBV07_TCRBJ02,1.6058523683712924e-06
CASSRGRQETQYF_TCRBV07_TCRBJ02,2.8102416446497616e-06
CASSRGRQETQYF_TCRBV07_TCRBJ02,8.029261841856462e-07
