combined,frequency
CASSQRTSGAYNEQFF_TCRBV04_TCRBJ02,1.0205535802310656e-05
CASSPDRVGQETQYF_TCRBV05_TCRBJ02,2.459165253568833e-07
CASSLGHRDSSYEQYF_TCRBV05_TCRBJ02,3.3198730923179245e-06
CASSSANYGYTF_TCRBV12_TCRBJ01,0.0001115231442493
CASSSANYGYTF_TCRBV12_TCRBJ01,6.775000273582134e-05
CASSSANYGYTF_TCRBV12_TCRBJ01,1.721415677498183e-06
CASSLRREKLFF_TCRBV05_TCRBJ01,7.131579235349615e-06
CASSPGQEAGANVLTF_TCRBV05_TCRBJ02,3.3198730923179245e-06
CASSPGQEAGANVLTF_TCRBV05_TCRBJ02,7.377495760706498e-07
CASSGQGAYEQYF_TCRBV09_TCRBJ02,4.6724139817807816e-06
CASSGQGAYEQYF_TCRBV09_TCRBJ02,2.7050817789257163e-06
CASSGQGAYEQYF_TCRBV09_TCRBJ02,1.352540889462858e-06
CSALGHSNQPQHF_TCRBV20_TCRBJ01,2.4591652535688328e-06
CSALGHSNQPQHF_TCRBV20_TCRBJ01,2.459165253568833e-07
CASSQTGGRNQPQHF_TCRBV12_TCRBJ01,1.1066243641059748e-06
CASSLPSGLTDTQYF_TCRBV28_TCRBJ02,2.4591652535688328e-06
CASSPQGAYEQYF_TCRBV09_TCRBJ02,2.828040041604158e-06
CASSLTGGRNQPQHF_TCRBV12_TCRBJ01,4.918330507137665e-07
CASSTTGGDGYTF_TCRBV19_TCRBJ01,7.623412286063382e-06
CASSFGGAGDTQYF_TCRBV12_TCRBJ02,1.5984574148197413e-06
CASSLVAGGRETQYF_TCRBV05_TCRBJ02,2.7050817789257163e-06
