combined,frequency
CASSLATPYEQYF_TCRBV07_TCRBJ02,5.720069599627814e-06
CASSSANYGYTF_TCRBV12_TCRBJ01,1.716020879888344e-05
CASSSANYGYTF_TCRBV12_TCRBJ01,4.0857639997341525e-06
CASSGDRLYEQYF_TCRBV02_TCRBJ02,1.6343055998936609e-06
CASSLVGGSEQYF_TCRBV05_TCRBJ02,1.089537066595774e-06
CASSLAPGATNEKLFF_TCRBV07_TCRBJ01,3.268611199787322e-05
CASSRGRQETQYF_TCRBV07_TCRBJ02,5.44768533297887e-07
CASSQTNTGELFF_TCRBV03_TCRBJ02,2.7238426664894347e-06
CASSQTNTGELFF_TCRBV03_TCRBJ02,1.3619213332447176e-06
CASSSDSGGTDTQYF_TCRBV07_TCRBJ02,1.9066898665426048e-06
CASSPDSGGTDTQYF_TCRBV07_TCRBJ02,2.451458399840492e-06
CSARGAGGNYGYTF_TCRBV20_TCRBJ01,1.6343055998936609e-06
CATSREGSGYEQYF_TCRBV15_TCRBJ02,5.44768533297887e-07
CASSIWGLDTEAFF_TCRBV19_TCRBJ01,1.961166719872393e-05
CASSAQGAYEQYF_TCRBV09_TCRBJ02,1.089537066595774e-06
CASSLPSGLTDTQYF_TCRBV28_TCRBJ02,4.63053253303204e-06
CASSFGDRAYNEQFF_TCRBV05_TCRBJ02,8.171527999468307e-07
CASSEARGGVEKLFF_TCRBV06_TCRBJ01,3.8133797330852095e-05
