combined,frequency
CASGRDTYEQYF_TCRBV02_TCRBJ02,3.929772890151472e-06
CASGRDTYEQYF_TCRBV02_TCRBJ02,6.204904563397061e-07
CASSESGDPSSYEQYF_TCRBV10_TCRBJ02,3.929772890151472e-06
CASSSANYGYTF_TCRBV12_TCRBJ01,0.0003677440104573
CASSSANYGYTF_TCRBV12_TCRBJ01,3.888406859728825e-05
CASSLDAGGSYNEQFF_TCRBV05_TCRBJ02,1.4478110647926475e-06
CASSPPGQGSDTQYF_TCRBV18_TCRBJ02,1.2409809126794122e-06
CASSPPGQGSDTQYF_TCRBV18_TCRBJ02,1.0341507605661768e-06
CASSPPGQGSDTQYF_TCRBV18_TCRBJ02,6.204904563397061e-07
CASSLGGPGDTQYF_TCRBV12_TCRBJ02,2.895622129585295e-06
CATSDGETQYF_TCRBV24_TCRBJ02,1.0961998062001474e-05
CASSPAGLNTEAFF_TCRBV19_TCRBJ01,1.0548337757775004e-05
CASSLEQYGYTF_TCRBV05_TCRBJ01,4.7570934986044136e-06
CATSRGTVSYEQYF_TCRBV15_TCRBJ02,1.0341507605661768e-06
CASSLEAEYEQYF_TCRBV07_TCRBJ02,3.929772890151472e-06
CASSLTGGRNQPQHF_TCRBV12_TCRBJ01,1.0548337757775004e-05
CASSLTGGRNQPQHF_TCRBV12_TCRBJ01,2.275131673245589e-06
CASSLTGGRNQPQHF_TCRBV12_TCRBJ01,1.2409809126794122e-06
CASSLGGAGDTQYF_TCRBV12_TCRBJ02,5.79124425917059e-06
CASSRGRQETQYF_TCRBV07_TCRBJ02,3.929772890151472e-05
CASSRGRQETQYF_TCRBV07_TCRBJ02,2.0683015211323536e-06
CASSLVAGGRETQYF_TCRBV05_TCRBJ02,5.79124425917059e-06
