combined,frequency
CATSDGDTQYF_TCRBV24_TCRBJ02,8.571634290651547e-06
CASSLDAGGSYNEQFF_TCRBV05_TCRBJ02,5.857283431945224e-06
CASSLVAGGRETQYF_TCRBV05_TCRBJ02,2.714350858706323e-06
CASSSANYGYTF_TCRBV12_TCRBJ01,1.8571874296411688e-06
CASSSANYGYTF_TCRBV12_TCRBJ01,2.8572114302171825e-07
