combined,frequency
CASSSDRVGQETQYF_TCRBV05_TCRBJ02,4.518364894112119e-06
CASSLGARETQYF_TCRBV11_TCRBJ02,2.2591824470560595e-06
CASSLATPYEQYF_TCRBV07_TCRBJ02,4.292446649406513e-05
CASSSANYGYTF_TCRBV12_TCRBJ01,3.840610159995301e-05
CASSSANYGYTF_TCRBV12_TCRBJ01,8.584893298813026e-05
CASSSANYGYTF_TCRBV12_TCRBJ01,4.518364894112119e-06
CASSSANYGYTF_TCRBV12_TCRBJ01,1.5814277129392417e-05
CASSSRGTGELFF_TCRBV28_TCRBJ02,2.2591824470560595e-06
CASSEIPNTEAFF_TCRBV06_TCRBJ01,2.2591824470560595e-06
CASSEIPNTEAFF_TCRBV06_TCRBJ01,2.2591824470560595e-06
CASSLEGQGHNEQFF_TCRBV05_TCRBJ02,2.2591824470560595e-06
CASSLGLANEQFF_TCRBV06_TCRBJ02,2.2591824470560595e-06
CSALGHSNQPQHF_TCRBV20_TCRBJ01,2.2591824470560595e-06
CASSSGLAGGPYEQYF_TCRBV05_TCRBJ02,2.2591824470560595e-06
CASSLRGQSTDTQYF_TCRBV27_TCRBJ02,6.777547341168178e-06
