combined,frequency
CASSRDRATNEKLFF_TCRBV06_TCRBJ01,3.363404976662174e-06
CASSYSTVGETQYF_TCRBV06_TCRBJ02,2.88291855142472e-06
CASSLVGGSEQYF_TCRBV05_TCRBJ02,1.2372525449864423e-05
CASSLGGPGDTQYF_TCRBV12_TCRBJ02,2.5225537324966303e-06
CASSQTNTGELFF_TCRBV03_TCRBJ02,1.8018240946404505e-06
CSARGAGGNYGYTF_TCRBV20_TCRBJ01,2.6426753388059936e-06
CASSLSRGEQYF_TCRBV27_TCRBJ02,1.921945700949814e-06
CASSLSRGEQYF_TCRBV27_TCRBJ02,2.402432126187268e-07
