combined,frequency
CASSSANYGYTF_TCRBV12_TCRBJ01,7.006208543765223e-05
CASSSANYGYTF_TCRBV12_TCRBJ01,5.407704652711992e-05
CASSSANYGYTF_TCRBV12_TCRBJ01,8.049203990409883e-06
CASSSANYGYTF_TCRBV12_TCRBJ01,4.988239092648378e-06
CASSSANYGYTF_TCRBV12_TCRBJ01,4.534762811498526e-06
CASSSANYGYTF_TCRBV12_TCRBJ01,2.494119546324189e-06
CASSSANYGYTF_TCRBV12_TCRBJ01,1.7005360543119472e-06
CASSSANYGYTF_TCRBV12_TCRBJ01,1.2470597731620943e-06
CASSLVGGSEQYF_TCRBV05_TCRBJ02,1.0203216325871684e-05
CASSEIPNTEAFF_TCRBV06_TCRBJ01,9.523001904146905e-06
CASSLGLKGTQYF_TCRBV12_TCRBJ02,2.267381405749263e-06
CASSSGQVQETQYF_TCRBV11_TCRBJ02,2.290055219806756e-05
CASSSGQVQETQYF_TCRBV11_TCRBJ02,6.575406076672862e-06
CASSSGQVQETQYF_TCRBV11_TCRBJ02,5.6684535143731576e-06
CASSSGQVQETQYF_TCRBV11_TCRBJ02,5.101608162935842e-06
CASSPGDEQFF_TCRBV25_TCRBJ02,1.5191455418520062e-05
CASSFGDRAYNEQFF_TCRBV05_TCRBJ02,1.7005360543119472e-06
