combined,frequency
CASSLGARETQYF_TCRBV11_TCRBJ02,5.447351484090057e-07
CASSRDRATNEKLFF_TCRBV06_TCRBJ01,8.715762374544091e-06
CASSYSTAGELFF_TCRBV06_TCRBJ02,5.447351484090057e-07
CATSDGETQYF_TCRBV24_TCRBJ02,1.3618378710225142e-06
CASSQGTSGGYEQYF_TCRBV03_TCRBJ02,5.447351484090057e-06
