combined,frequency
CASSGDRLYEQYF_TCRBV02_TCRBJ02,4.7149986333052565e-06
CATSDGETQYF_TCRBV24_TCRBJ02,4.7149986333052565e-06
CASSPDNSGNTIYF_TCRBV18_TCRBJ01,1.9645827638771903e-06
CASSGQGAYEQYF_TCRBV09_TCRBJ02,7.858331055508762e-07
