combined,frequency
CASSSRGTGELFF_TCRBV28_TCRBJ02,1.950854083917939e-06
CASSSRGTGELFF_TCRBV28_TCRBJ02,1.950854083917939e-06
CATSDGETQYF_TCRBV24_TCRBJ02,1.950854083917939e-06
CASSQTNTGELFF_TCRBV03_TCRBJ02,5.852562251753818e-06
CASSESPGNTEAFF_TCRBV10_TCRBJ01,1.950854083917939e-06
CASSLTGGRNQPQHF_TCRBV12_TCRBJ01,1.950854083917939e-06
