combined,frequency
CASGRDTYEQYF_TCRBV02_TCRBJ02,7.492859305082257e-07
CASSRTSGGAEDTQYF_TCRBV04_TCRBJ02,7.492859305082257e-07
CASSPDRVGQETQYF_TCRBV05_TCRBJ02,5.619644478811692e-06
CASSYSTVGETQYF_TCRBV06_TCRBJ02,1.8732148262705645e-06
CASSPGDEQYF_TCRBV25_TCRBJ02,0.0003562854599566
CASSPGDEQYF_TCRBV25_TCRBJ02,1.4985718610164511e-06
CASSEARGGVEKLFF_TCRBV06_TCRBJ01,1.4236432679656286e-05
CASSEARGGVEKLFF_TCRBV06_TCRBJ01,1.2737860818639836e-05
CASSEARGGVEKLFF_TCRBV06_TCRBJ01,7.492859305082257e-06
CASSEARGGVEKLFF_TCRBV06_TCRBJ01,4.4957155830493535e-06
CASSLDGGGTEAFF_TCRBV12_TCRBJ01,7.492859305082257e-07
CASSLPSGLTDTQYF_TCRBV28_TCRBJ02,3.3717866872870164e-06
CATSDSVTNTGELFF_TCRBV24_TCRBJ02,1.4985718610164511e-06
CATSDSVTNTGELFF_TCRBV24_TCRBJ02,1.1239288957623386e-06
CASSRGRQETQYF_TCRBV07_TCRBJ02,3.746429652541129e-06
CASSRGRQETQYF_TCRBV07_TCRBJ02,2.2478577915246768e-06
CASSLVAGGRETQYF_TCRBV05_TCRBJ02,2.9971437220329022e-06
CASSLVAGGRETQYF_TCRBV05_TCRBJ02,1.8732148262705645e-06
