combined,frequency
CATSDGDTQYF_TCRBV24_TCRBJ02,4.654574083198517e-06
CASSLAPGATNEKLFF_TCRBV07_TCRBJ01,0.000522974645205
CASSLAPGATNEKLFF_TCRBV07_TCRBJ01,1.6623478868566131e-06
CASSLAPGATNEKLFF_TCRBV07_TCRBJ01,1.3298783094852903e-06
CASSPRQGATDTQYF_TCRBV11_TCRBJ02,2.992226196341904e-06
CASSSGQVQETQYF_TCRBV11_TCRBJ02,1.3963722249595554e-05
CASSLGLANEQFF_TCRBV06_TCRBJ02,9.97408732113968e-07
CATSRGTVSYEQYF_TCRBV15_TCRBJ02,1.6623478868566131e-06
CASSIWGLDTEAFF_TCRBV19_TCRBJ01,2.759497492181977e-05
CASSAGQGVTYEQYF_TCRBV09_TCRBJ02,2.028064421965068e-05
CASSAGQGVTYEQYF_TCRBV09_TCRBJ02,1.6623478868566128e-05
CASSLEAEYEQYF_TCRBV07_TCRBJ02,2.659756618970581e-06
CASSPSTGTEAFF_TCRBV05_TCRBJ01,1.9283235487536712e-05
CASSLVASGRETQYF_TCRBV05_TCRBJ02,6.649391547426454e-07
CASSQVPGQGDNEQFF_TCRBV14_TCRBJ02,1.5626070136452163e-05
