combined,frequency
CASSESGDPSSYEQYF_TCRBV10_TCRBJ02,1.6440554243964673e-05
CASSSANYGYTF_TCRBV12_TCRBJ01,0.0013214917501298
CASSSANYGYTF_TCRBV12_TCRBJ01,0.0001167279351321
CASSSANYGYTF_TCRBV12_TCRBJ01,2.268796485667125e-05
CASSSANYGYTF_TCRBV12_TCRBJ01,1.742698749860255e-05
CASSSANYGYTF_TCRBV12_TCRBJ01,1.545412098932679e-05
CASSSANYGYTF_TCRBV12_TCRBJ01,1.4796498819568205e-05
CASSSANYGYTF_TCRBV12_TCRBJ01,6.576221697585868e-07
CASSRSGLAGNTGELFF_TCRBV06_TCRBJ02,1.315244339517174e-06
CASSEIPNTEAFF_TCRBV06_TCRBJ01,7.562654952223747e-06
CASSPRWQETQYF_TCRBV27_TCRBJ02,1.315244339517174e-06
CASSVGTLNTGELFF_TCRBV09_TCRBJ02,2.630488679034348e-06
CATSDGETQYF_TCRBV24_TCRBJ02,1.6440554243964673e-06
CASSLEQYGYTF_TCRBV05_TCRBJ01,4.603355188310108e-06
CATSRGTVSYEQYF_TCRBV15_TCRBJ02,6.576221697585869e-06
CASSLTGGRNQPQHF_TCRBV12_TCRBJ01,3.945733018551521e-06
CASSLTGGRNQPQHF_TCRBV12_TCRBJ01,2.630488679034348e-06
CATSRDTQGSYGYTF_TCRBV15_TCRBJ01,3.682684150648088e-05
CATSRDTQGSYGYTF_TCRBV15_TCRBJ01,9.53552146149951e-06
CASSFPTSGQETQYF_TCRBV07_TCRBJ02,2.9592997639136414e-06
CASSLEGQQPQHF_TCRBV28_TCRBJ01,9.864332546378803e-07
CASSRGRQETQYF_TCRBV07_TCRBJ02,6.576221697585868e-07
CSVRDNYNQPQHF_TCRBV29_TCRBJ01,1.6440554243964673e-06
