combined,frequency
CASSLAPGATNEKLFF_TCRBV07_TCRBJ01,1.2770731526657944e-06
CATSDGDTQYF_TCRBV24_TCRBJ02,5.1082926106631785e-06
CASSLSRGEQYF_TCRBV27_TCRBJ02,1.2770731526657944e-06
CASSLSRGEQYF_TCRBV27_TCRBJ02,1.2770731526657944e-06
