combined,frequency
CASSLVGGSEQYF_TCRBV05_TCRBJ02,4.398351028876934e-06
CASSFTGDSNQPQHF_TCRBV07_TCRBJ01,8.796702057753868e-07
CSARETGSNYGYTF_TCRBV20_TCRBJ01,5.864468038502579e-07
CASSLEQYGYTF_TCRBV05_TCRBJ01,6.744138244277965e-06
CASSPQGAYEQYF_TCRBV09_TCRBJ02,4.398351028876934e-06
