combined,frequency
CASSLATPYEQYF_TCRBV07_TCRBJ02,5.757165079800065e-07
CASSLEGQGHNEQFF_TCRBV05_TCRBJ02,2.878582539900033e-06
CASSPRQGATDTQYF_TCRBV11_TCRBJ02,8.635747619700098e-07
CASSLFGTGGNTEAFF_TCRBV05_TCRBJ01,1.1802188413590136e-05
CASSRGRQETQYF_TCRBV07_TCRBJ02,1.0362897143640115e-05
CASSRGRQETQYF_TCRBV07_TCRBJ02,1.4392912699500162e-06
