combined,frequency
CASSSANYGYTF_TCRBV12_TCRBJ01,5.771689657016701e-06
CASSRDRATNEKLFF_TCRBV06_TCRBJ01,3.334754024054094e-06
CASSQVGGELFF_TCRBV04_TCRBJ02,3.847793104677801e-07
CASSQTNTGELFF_TCRBV03_TCRBJ02,3.847793104677801e-07
CSALGHSNQPQHF_TCRBV20_TCRBJ01,3.976052874833728e-06
