combined,frequency
CASSQRTSGAYNEQFF_TCRBV04_TCRBJ02,2.975270739719745e-06
CASSSANYGYTF_TCRBV12_TCRBJ01,3.748841132046879e-05
CASSSANYGYTF_TCRBV12_TCRBJ01,1.05126232803431e-05
CASSSANYGYTF_TCRBV12_TCRBJ01,3.371973505015712e-06
CASSGDRLYEQYF_TCRBV02_TCRBJ02,1.309119125476688e-05
CASSGDRLYEQYF_TCRBV02_TCRBJ02,5.157135948847559e-06
CASSPPGQGSDTQYF_TCRBV18_TCRBJ02,1.9835138264798303e-06
CASSLAPGATNEKLFF_TCRBV07_TCRBJ01,0.0001404327789147
CASSLAPGATNEKLFF_TCRBV07_TCRBJ01,2.1620300708630156e-05
CASSPGDEQYF_TCRBV25_TCRBJ02,3.768676270311677e-06
CASSPGDEQYF_TCRBV25_TCRBJ02,2.57856797442378e-06
CASSPGDEQYF_TCRBV25_TCRBJ02,3.967027652959661e-07
CASSPPSGLTDTQYF_TCRBV28_TCRBJ02,1.98351382647983e-05
CASSPPSGLTDTQYF_TCRBV28_TCRBJ02,6.54559562738344e-06
CASSSGQVQETQYF_TCRBV11_TCRBJ02,6.1488928620874725e-06
CASSQTGGRNQPQHF_TCRBV12_TCRBJ01,3.570324887663694e-06
CSARGAGGNYGYTF_TCRBV20_TCRBJ01,4.5620818009036105e-06
CASSIWGLDTEAFF_TCRBV19_TCRBJ01,1.2099434341526963e-05
CASSIWGLDTEAFF_TCRBV19_TCRBJ01,1.9835138264798303e-06
CASSLPSGLTDTQYF_TCRBV28_TCRBJ02,9.917569132399152e-07
CASSLTGGRNQPQHF_TCRBV12_TCRBJ01,3.609995164193291e-05
CASSLTGGRNQPQHF_TCRBV12_TCRBJ01,4.958784566199575e-06
CASSFPTSGQETQYF_TCRBV07_TCRBJ02,5.157135948847559e-06
CASSFPTSGQETQYF_TCRBV07_TCRBJ02,1.785162443831847e-06
CASSPGDEQFF_TCRBV25_TCRBJ02,6.1488928620874725e-06
CASSPGDEQFF_TCRBV25_TCRBJ02,4.760433183551593e-06
CASSEARGGVEKLFF_TCRBV06_TCRBJ01,3.8083465468412736e-05
CASSEARGGVEKLFF_TCRBV06_TCRBJ01,3.967027652959661e-07
