combined,frequency
CASSEAPSTSTDTQYF_TCRBV02_TCRBJ02,3.1478654231981014e-05
CASGRDTYEQYF_TCRBV02_TCRBJ02,2.77752831458656e-06
CASGRDTYEQYF_TCRBV02_TCRBJ02,6.943820786466402e-06
CASSLGDRPDTQYF_TCRBV11_TCRBJ02,1.8516855430577068e-06
CASSRSGLAGNTGELFF_TCRBV06_TCRBJ02,3.7033710861154137e-06
CSVRDNHNQPQHF_TCRBV29_TCRBJ01,1.8516855430577068e-06
CASSLGGPGDTQYF_TCRBV12_TCRBJ02,4.166292471879842e-06
CASSVGTLNTGELFF_TCRBV09_TCRBJ02,4.166292471879842e-06
CATSDGETQYF_TCRBV24_TCRBJ02,9.258427715288534e-07
CATSDSPYGYTF_TCRBV24_TCRBJ01,1.8516855430577068e-06
CASSIEGNQPQHF_TCRBV28_TCRBJ01,1.8516855430577068e-06
CASSRNRESNQPQHF_TCRBV06_TCRBJ01,2.77752831458656e-06
CASSRNRESNQPQHF_TCRBV06_TCRBJ01,8.332584943759683e-06
CASNRDRGRYEQYF_TCRBV06_TCRBJ02,6.017978014937548e-06
CATSRGTVSYEQYF_TCRBV15_TCRBJ02,1.38876415729328e-06
CASSLGGAGDTQYF_TCRBV12_TCRBJ02,8.795506329524108e-06
CASSLGGAGDTQYF_TCRBV12_TCRBJ02,1.0647191872581816e-05
CASSTTGGDGYTF_TCRBV19_TCRBJ01,7.406742172230827e-06
CATSDGDEQFF_TCRBV24_TCRBJ02,2.314606928822133e-06
CASSFPTSGQETQYF_TCRBV07_TCRBJ02,9.258427715288534e-07
CASSFPTSGQETQYF_TCRBV07_TCRBJ02,2.314606928822133e-06
CASSRGRQETQYF_TCRBV07_TCRBJ02,3.7033710861154137e-06
