combined,frequency
CASSYSTVGETQYF_TCRBV06_TCRBJ02,1.473938012308611e-06
CASSQNRGQETQYF_TCRBV14_TCRBJ02,9.703425247698354e-06
CASSQNRGQETQYF_TCRBV14_TCRBJ02,3.684845030771528e-06
CASSQNRGQETQYF_TCRBV14_TCRBJ02,2.3337351861553003e-06
CASSGQGAYEQYF_TCRBV09_TCRBJ02,8.106659067697361e-06
CASSGQGAYEQYF_TCRBV09_TCRBJ02,4.176157701541064e-06
CASSGQGAYEQYF_TCRBV09_TCRBJ02,3.4391886953867584e-06
CASSLDGGGTEAFF_TCRBV12_TCRBJ01,4.0533295338486805e-06
CASSIWGLDTEAFF_TCRBV19_TCRBJ01,4.790298540002985e-06
CASSIWGLDTEAFF_TCRBV19_TCRBJ01,4.544642204618216e-06
CASSYRTRQETQYF_TCRBV06_TCRBJ02,1.7195943476933792e-06
CASSPSTGTEAFF_TCRBV05_TCRBJ01,3.4883199624637124e-05
CASSLNRGQETQYF_TCRBV14_TCRBJ02,2.456563353847685e-07
