combined,frequency
CASSGDRLYEQYF_TCRBV02_TCRBJ02,2.1838471743747367e-06
CASSGDRLYEQYF_TCRBV02_TCRBJ02,1.0919235871873683e-06
CASSHRDRNYEQYF_TCRBV07_TCRBJ02,5.295829397858738e-05
CASSHRDRNYEQYF_TCRBV07_TCRBJ02,1.528693022062316e-05
CASSVGTLNTGELFF_TCRBV09_TCRBJ02,2.1838471743747367e-06
CASSPGDEQFF_TCRBV25_TCRBJ02,1.8016739188591587e-05
CASSPGDEQFF_TCRBV25_TCRBJ02,8.189426903905265e-06
CASSFPTSGQETQYF_TCRBV07_TCRBJ02,1.0919235871873683e-06
CASSYGGLGSYEQYF_TCRBV06_TCRBJ02,4.367694348749473e-06
