combined,frequency
CASSQRTSGAYNEQFF_TCRBV04_TCRBJ02,5.888414544383925e-06
CASSQRTSGAYNEQFF_TCRBV04_TCRBJ02,1.177682908876785e-05
CATSDGETQYF_TCRBV24_TCRBJ02,5.888414544383925e-06
CATSRGTVSYEQYF_TCRBV15_TCRBJ02,5.888414544383925e-06
CATSRGTVSYEQYF_TCRBV15_TCRBJ02,5.888414544383925e-06
CATSRGTVSYEQYF_TCRBV15_TCRBJ02,5.888414544383925e-06
CASSLPSGLTDTQYF_TCRBV28_TCRBJ02,5.888414544383925e-06
CASSFPTSGQETQYF_TCRBV07_TCRBJ02,5.888414544383925e-06
