combined,frequency
CSASPGQGASYGYTF_TCRBV20_TCRBJ01,3.105754907375095e-06
CSASPGQGASYGYTF_TCRBV20_TCRBJ01,8.470240656477531e-07
CASSVGTLNTGELFF_TCRBV09_TCRBJ02,1.6940481312955065e-06
CASSPPSGLTDTQYF_TCRBV28_TCRBJ02,1.6375798602523227e-05
CASSLEQYGYTF_TCRBV05_TCRBJ01,5.646827104318353e-07
CASSTTGGDGYTF_TCRBV19_TCRBJ01,1.0446630142988956e-05
