combined,frequency
CASSPDRVGQETQYF_TCRBV05_TCRBJ02,3.736023535952003e-07
CATSDGDTQYF_TCRBV24_TCRBJ02,8.343785896959475e-06
CASSSRGTGELFF_TCRBV28_TCRBJ02,1.6189435322458685e-06
CSVEEDEGIYGYTF_TCRBV29_TCRBJ01,1.6313969440323747e-05
CASSPPGQGSDTQYF_TCRBV18_TCRBJ02,9.962729429205342e-07
CATSREGSGYEQYF_TCRBV15_TCRBJ02,1.1208070607856012e-06
CASSPGTGTYGYTF_TCRBV10_TCRBJ01,3.86055765381707e-06
CASSLVAGGRETQYF_TCRBV05_TCRBJ02,2.366148239436269e-06
