combined,frequency
CASSSANYGYTF_TCRBV12_TCRBJ01,0.002202787535391
CASSSANYGYTF_TCRBV12_TCRBJ01,3.3421603985244154e-05
CASSSANYGYTF_TCRBV12_TCRBJ01,1.5915049516782923e-06
CASSSANYGYTF_TCRBV12_TCRBJ01,8.680936100063413e-07
CASSSANYGYTF_TCRBV12_TCRBJ01,8.680936100063413e-07
CASSSANYGYTF_TCRBV12_TCRBJ01,5.787290733375609e-07
CASSSANYGYTF_TCRBV12_TCRBJ01,5.787290733375609e-07
CASSPDNSGNTIYF_TCRBV18_TCRBJ01,1.302140415009512e-06
CAWSVSDLAKNIQYF_TCRBV30_TCRBJ02,1.0127758783407315e-06
CAWSVSDLAKNIQYF_TCRBV30_TCRBJ02,2.893645366687805e-07
CASSVGTLNTGELFF_TCRBV09_TCRBJ02,1.0127758783407315e-06
CASSPPSGLTDTQYF_TCRBV28_TCRBJ02,3.761738976694146e-06
CASSPPSGLTDTQYF_TCRBV28_TCRBJ02,1.4468226833439029e-06
CASSQTGGRNQPQHF_TCRBV12_TCRBJ01,3.906421245028537e-06
CASSLGLHYEQYF_TCRBV28_TCRBJ02,4.3404680500317066e-07
CATSRGTVSYEQYF_TCRBV15_TCRBJ02,8.680936100063414e-06
CATSRGTVSYEQYF_TCRBV15_TCRBJ02,5.497926196706829e-06
CASSLTGGRNQPQHF_TCRBV12_TCRBJ01,3.183009903356585e-06
CATSDGDEQFF_TCRBV24_TCRBJ02,1.0127758783407315e-06
