combined,frequency
CASSQRTSGAYNEQFF_TCRBV04_TCRBJ02,5.643946021300252e-06
CASSQRTSGAYNEQFF_TCRBV04_TCRBJ02,5.643946021300252e-06
CASSRSGLAGNTGELFF_TCRBV06_TCRBJ02,1.1287892042600505e-05
CASSLAPGATNEKLFF_TCRBV07_TCRBJ01,5.643946021300252e-06
CASSYSTAGELFF_TCRBV06_TCRBJ02,5.643946021300252e-06
CASSYSTAGELFF_TCRBV06_TCRBJ02,5.643946021300252e-06
CASSGQGAYEQYF_TCRBV09_TCRBJ02,1.1287892042600505e-05
CASSPRQGATDTQYF_TCRBV11_TCRBJ02,5.643946021300252e-06
CASSLGLKGTQYF_TCRBV12_TCRBJ02,1.1287892042600505e-05
CASSAQGAYEQYF_TCRBV09_TCRBJ02,5.643946021300252e-06
CASSAQGAYEQYF_TCRBV09_TCRBJ02,5.643946021300252e-06
CASSFPTSGQETQYF_TCRBV07_TCRBJ02,5.643946021300252e-06
CASSFPTSGQETQYF_TCRBV07_TCRBJ02,5.643946021300252e-06
CASSLGPAGLSTDTQYF_TCRBV07_TCRBJ02,5.643946021300252e-06
CSVRDNYNQPQHF_TCRBV29_TCRBJ01,1.1287892042600505e-05
