combined,frequency
CASSSANYGYTF_TCRBV12_TCRBJ01,3.97831618761938e-06
CASSRDRATNEKLFF_TCRBV06_TCRBJ01,6.630526979365635e-07
CASSLVGGSEQYF_TCRBV05_TCRBJ02,2.320684442777972e-06
CASSYSTAGELFF_TCRBV06_TCRBJ02,1.6576317448414088e-06
CASSESPGNTEAFF_TCRBV10_TCRBJ01,5.470184757976648e-06
CASSLGQGIEAFF_TCRBV05_TCRBJ01,8.785448247659466e-06
