combined,frequency
CASSVGTLNTGELFF_TCRBV09_TCRBJ02,3.5191919130980804e-06
CATSRDSQGSYGYTF_TCRBV15_TCRBJ01,1.3574025950521169e-05
CASSGQGAYEQYF_TCRBV09_TCRBJ02,2.2623376584201943e-05
CASSPAGLNTEAFF_TCRBV19_TCRBJ01,1.1060317441165396e-05
CASSLFGTGGNTEAFF_TCRBV05_TCRBJ01,2.010966807484617e-06
CASSSGQVQETQYF_TCRBV11_TCRBJ02,0.0001759595956549
CASSSGQVQETQYF_TCRBV11_TCRBJ02,2.6142568497300025e-05
CASSSGQVQETQYF_TCRBV11_TCRBJ02,1.2065800844907703e-05
CASSQTNTGELFF_TCRBV03_TCRBJ02,1.0054834037423088e-05
CASSLDGGGTEAFF_TCRBV12_TCRBJ01,1.0054834037423087e-06
CSAPGRLNTEAFF_TCRBV20_TCRBJ01,8.546608931809625e-06
CASSQGRHTDTQYF_TCRBV14_TCRBJ02,0.0001669102450212
CASSAQGAYEQYF_TCRBV09_TCRBJ02,2.513708509355772e-06
CATSRDTQGSYGYTF_TCRBV15_TCRBJ01,1.1060317441165396e-05
CATSRDTQGSYGYTF_TCRBV15_TCRBJ01,1.0054834037423087e-06
