combined,frequency
CASSLGARETQYF_TCRBV11_TCRBJ02,2.151666681011111e-06
CASSQRTSGAYNEQFF_TCRBV04_TCRBJ02,2.151666681011111e-06
CASSPRGTYEQYF_TCRBV19_TCRBJ02,2.151666681011111e-06
CASSSANYGYTF_TCRBV12_TCRBJ01,0.0001936500012909
CSASGQGAEAFF_TCRBV20_TCRBJ01,2.151666681011111e-06
CASMGGASYEQYF_TCRBV27_TCRBJ02,1.93650001291e-05
CASMGGASYEQYF_TCRBV27_TCRBJ02,2.151666681011111e-06
CASSPRQGATDTQYF_TCRBV11_TCRBJ02,2.3668333491122227e-05
CASSPRQGATDTQYF_TCRBV11_TCRBJ02,2.3668333491122227e-05
CASSPRQGATDTQYF_TCRBV11_TCRBJ02,8.606666724044445e-06
CASSSGQVQETQYF_TCRBV11_TCRBJ02,2.151666681011111e-06
CASSSGQVQETQYF_TCRBV11_TCRBJ02,2.151666681011111e-06
CASSESPGNTEAFF_TCRBV10_TCRBJ01,2.151666681011111e-06
CASSQTGGRNQPQHF_TCRBV12_TCRBJ01,2.151666681011111e-06
CASSQTGGRNQPQHF_TCRBV12_TCRBJ01,6.455000043033334e-06
CASSYRTRQETQYF_TCRBV06_TCRBJ02,2.151666681011111e-06
CASSLTGGRNQPQHF_TCRBV12_TCRBJ01,1.0758333405055557e-05
CASSLTGGRNQPQHF_TCRBV12_TCRBJ01,2.151666681011111e-06
CASSLTGGRNQPQHF_TCRBV12_TCRBJ01,8.606666724044445e-06
CASSLTGGRNQPQHF_TCRBV12_TCRBJ01,4.303333362022222e-06
CASSLTGGRNQPQHF_TCRBV12_TCRBJ01,2.151666681011111e-06
