combined,frequency
CASSHRDRNYEQYF_TCRBV07_TCRBJ02,5.071939494745322e-05
CASSVGTLNTGELFF_TCRBV09_TCRBJ02,7.458734551096063e-07
CATSDGETQYF_TCRBV24_TCRBJ02,1.6409216012411336e-05
CASSSGQVQETQYF_TCRBV11_TCRBJ02,4.027716657591873e-05
CASSFPTSGQETQYF_TCRBV07_TCRBJ02,1.4917469102192123e-06
CASSFPTSGQETQYF_TCRBV07_TCRBJ02,2.0138583287959365e-05
