combined,frequency
CASSLGDRPDTQYF_TCRBV11_TCRBJ02,1.4703963269499752e-05
CASSLGHRDPNTGELFF_TCRBV05_TCRBJ02,1.378496556515602e-05
CASSSRGTGELFF_TCRBV28_TCRBJ02,5.513986226062408e-06
CASSLAPGATNEKLFF_TCRBV07_TCRBJ01,0.0005486416294932
CASSLGGPGDTQYF_TCRBV12_TCRBJ02,3.6759908173749375e-06
CASSIEGNQPQHF_TCRBV28_TCRBJ01,8.270979339093611e-06
CASSGQGAYEQYF_TCRBV09_TCRBJ02,7.351981634749878e-06
CASSGQGAYEQYF_TCRBV09_TCRBJ02,1.837995408687469e-05
CASNRDRGRYEQYF_TCRBV06_TCRBJ02,7.351981634749878e-06
CASNRDRGRYEQYF_TCRBV06_TCRBJ02,4.503088751284299e-05
CASSLFGTGGNTEAFF_TCRBV05_TCRBJ01,8.454778879962359e-05
CASSRNRESNQPQHF_TCRBV06_TCRBJ01,1.8379954086874688e-06
CASSAQGAYEQYF_TCRBV09_TCRBJ02,1.8379954086874688e-06
CASSLGGAGDTQYF_TCRBV12_TCRBJ02,2.2974942608593366e-05
CASSFGDRAYNEQFF_TCRBV05_TCRBJ02,3.9516901286780586e-05
CASSFGDRAYNEQFF_TCRBV05_TCRBJ02,0.0002609953480336
CASSSPGRSGANVLTF_TCRBV28_TCRBJ02,4.594988521718673e-06
CASSFGGAGDTQYF_TCRBV12_TCRBJ02,1.4703963269499752e-05
CASSFGGAGDTQYF_TCRBV12_TCRBJ02,3.5840910469405654e-05
CASSFGGAGDTQYF_TCRBV12_TCRBJ02,0.0005899965261886
CASSLGPAGLSTDTQYF_TCRBV07_TCRBJ02,2.756993113031204e-06
CASSLVAGGRETQYF_TCRBV05_TCRBJ02,1.8379954086874688e-06
