combined,frequency
CASSYSTAGELFF_TCRBV06_TCRBJ02,1.4993268022657826e-06
CATSDGETQYF_TCRBV24_TCRBJ02,1.4993268022657826e-06
CASSESPGNTEAFF_TCRBV10_TCRBJ01,1.4993268022657826e-06
CASSQGTSGGYEQYF_TCRBV03_TCRBJ02,4.497980406797348e-06
CASSPLGEQYF_TCRBV18_TCRBJ02,1.4993268022657826e-06
CASSLVAGGRETQYF_TCRBV05_TCRBJ02,1.4993268022657826e-06
