combined,frequency
CASSEAPSTSTDTQYF_TCRBV02_TCRBJ02,3.027662236019391e-06
CASSQNRGQETQYF_TCRBV14_TCRBJ02,1.2615259316747465e-06
CASMGGASYEQYF_TCRBV27_TCRBJ02,1.5138311180096956e-06
CASSHRDRNYEQYF_TCRBV07_TCRBJ02,1.5138311180096956e-06
CAWSVSDLAKNIQYF_TCRBV30_TCRBJ02,8.830681521723225e-06
CASSLFGTGGNTEAFF_TCRBV05_TCRBJ01,2.018441490679594e-06
CASSLGGAGDTQYF_TCRBV12_TCRBJ02,0.0007912290643464
CASSLGGAGDTQYF_TCRBV12_TCRBJ02,1.009220745339797e-06
CASSLEGQQPQHF_TCRBV28_TCRBJ01,1.2615259316747465e-06
CASSEARGGVEKLFF_TCRBV06_TCRBJ01,2.270746677014544e-06
