combined,frequency
CASSLEGQGFGYTF_TCRBV05_TCRBJ01,1.99607173083372e-06
CATSDGDTQYF_TCRBV24_TCRBJ02,2.721915996591436e-06
CASTPGDEQFF_TCRBV25_TCRBJ02,0.0009426902401528
CASSSANYGYTF_TCRBV12_TCRBJ01,9.073053321971452e-07
CASSISAGEAFF_TCRBV19_TCRBJ01,1.99607173083372e-06
CAWRGTGNSPLHF_TCRBV30_TCRBJ01,3.629221328788581e-07
CASSPGDEQYF_TCRBV25_TCRBJ02,0.0001564194392707
CASSPRWQETQYF_TCRBV27_TCRBJ02,3.647367435432523e-05
CASSLIGVSSYNEQFF_TCRBV07_TCRBJ02,0.0013709383569498
CASSLIGVSSYNEQFF_TCRBV07_TCRBJ02,1.6331495979548612e-06
CASSLIGVSSYNEQFF_TCRBV07_TCRBJ02,1.6331495979548612e-06
CASSLGLHYEQYF_TCRBV28_TCRBJ02,0.0015837921878833
CASSLGLHYEQYF_TCRBV28_TCRBJ02,7.258442657577161e-07
CASSIWGLDTEAFF_TCRBV19_TCRBJ01,7.439903724016589e-06
CASSPQDRVYGYTF_TCRBV27_TCRBJ01,0.0013789226438732
CASSPQDRVYGYTF_TCRBV27_TCRBJ01,7.258442657577161e-07
CAWSPLTPNTEAFF_TCRBV30_TCRBJ01,2.358993863712577e-06
CASSYGGLGSYEQYF_TCRBV06_TCRBJ02,2.5404549301520063e-06
CASSYGGLGSYEQYF_TCRBV06_TCRBJ02,3.629221328788581e-07
