combined,frequency
CASSQNRGQETQYF_TCRBV14_TCRBJ02,6.957901218676398e-06
CASMGGASYEQYF_TCRBV27_TCRBJ02,8.79969860009074e-06
CASSQVGGELFF_TCRBV04_TCRBJ02,1.064149598150508e-05
CASSPPSGLTDTQYF_TCRBV28_TCRBJ02,1.780404135367196e-05
CASSPPSGLTDTQYF_TCRBV28_TCRBJ02,1.227864920942894e-05
CASSPLGEQYF_TCRBV18_TCRBJ02,1.0232207674524116e-05
CASSLPSGLTDTQYF_TCRBV28_TCRBJ02,1.064149598150508e-05
CASSLPSGLTDTQYF_TCRBV28_TCRBJ02,1.0027563521033633e-05
CASSLPSGLTDTQYF_TCRBV28_TCRBJ02,2.2510856883953053e-06
CASSLPSGLTDTQYF_TCRBV28_TCRBJ02,8.185766139619292e-07
CASSAQGAYEQYF_TCRBV09_TCRBJ02,1.841797381414341e-06
CASSLTGGRNQPQHF_TCRBV12_TCRBJ01,2.455729841885788e-06
CASSLGPAGLSTDTQYF_TCRBV07_TCRBJ02,1.0027563521033633e-05
CASSLGPAGLSTDTQYF_TCRBV07_TCRBJ02,4.5021713767906114e-06
CSVRDNYNQPQHF_TCRBV29_TCRBJ01,4.706815530281093e-06
