combined,frequency
CASSRNRGYEQYF_TCRBV12_TCRBJ02,1.113185292595914e-05
CAWRGTGNSPLHF_TCRBV30_TCRBJ01,2.0569728232750597e-06
CASSPPGQGSDTQYF_TCRBV18_TCRBJ02,4.113945646550119e-06
CATSDSPYGYTF_TCRBV24_TCRBJ01,4.960934456133966e-06
CSVEVRGTDTQYF_TCRBV29_TCRBJ02,9.679872109529689e-07
CATSDGETQYF_TCRBV24_TCRBJ02,1.6939776191676956e-06
CASSMGQHSNQPQHF_TCRBV19_TCRBJ01,5.44492806161045e-06
CASSFHGFNQPQHF_TCRBV05_TCRBJ01,2.190071064781093e-05
CASSEARTRAFF_TCRBV06_TCRBJ01,7.138905680778145e-06
CASSEARTRAFF_TCRBV06_TCRBJ01,2.419968027382422e-07
