combined,frequency
CASSLGDRPDTQYF_TCRBV11_TCRBJ02,1.9963462998816104e-05
CASSLGDRPDTQYF_TCRBV11_TCRBJ02,5.151861419049315e-07
CASSPDNSGNTIYF_TCRBV18_TCRBJ01,1.2879653547623291e-06
CASSRSGLAGNTGELFF_TCRBV06_TCRBJ02,1.9319480321434936e-06
CASSPPGQGSDTQYF_TCRBV18_TCRBJ02,7.727792128573975e-07
CASSLAPGATNEKLFF_TCRBV07_TCRBJ01,0.0005574314055411
CASSLAPGATNEKLFF_TCRBV07_TCRBJ01,8.191459656288414e-05
CASSLAPGATNEKLFF_TCRBV07_TCRBJ01,8.152820695645544e-05
CASSLAPGATNEKLFF_TCRBV07_TCRBJ01,6.452706427359269e-05
CASSLAPGATNEKLFF_TCRBV07_TCRBJ01,1.6743549611910282e-06
CASSLAPGATNEKLFF_TCRBV07_TCRBJ01,5.151861419049315e-07
CASSLAPGATNEKLFF_TCRBV07_TCRBJ01,3.863896064286987e-07
CASSLAPGATNEKLFF_TCRBV07_TCRBJ01,2.5759307095246577e-07
CASSLGGPGDTQYF_TCRBV12_TCRBJ02,3.7350995288107545e-06
CAWSVSDLAKNIQYF_TCRBV30_TCRBJ02,2.18954110309596e-06
CASSRGRQETQYF_TCRBV07_TCRBJ02,3.863896064286987e-07
CSVRDNFNQPQHF_TCRBV29_TCRBJ01,1.6743549611910282e-06
CSVRDNFNQPQHF_TCRBV29_TCRBJ01,1.545558425714795e-06
CASSLGGAGDTQYF_TCRBV12_TCRBJ02,1.455400850881432e-05
CASSLGGAGDTQYF_TCRBV12_TCRBJ02,2.3183376385721926e-06
CAWSPLTPNTEAFF_TCRBV30_TCRBJ01,5.151861419049317e-06
CASSFGGAGDTQYF_TCRBV12_TCRBJ02,3.863896064286987e-07
CASSEARGGVEKLFF_TCRBV06_TCRBJ01,6.826216380240344e-06
CASSEARGGVEKLFF_TCRBV06_TCRBJ01,3.6063029933345215e-06
CASSEARGGVEKLFF_TCRBV06_TCRBJ01,1.1591688192860963e-06
CASSEARGGVEKLFF_TCRBV06_TCRBJ01,3.863896064286987e-07
CASSLVAGGRETQYF_TCRBV05_TCRBJ02,2.3183376385721926e-06
