combined,frequency
CASSISAGEAFF_TCRBV19_TCRBJ01,6.010186720109974e-06
CASSQNRGQETQYF_TCRBV14_TCRBJ02,6.556567331029065e-06
CASSSGQVQETQYF_TCRBV11_TCRBJ02,2.731903054595444e-06
CASSIWGLDTEAFF_TCRBV19_TCRBJ01,1.96697019930872e-05
CASSIWGLDTEAFF_TCRBV19_TCRBJ01,1.748417954941084e-05
CASSIWGLDTEAFF_TCRBV19_TCRBJ01,6.010186720109974e-06
CASSLTGGRNQPQHF_TCRBV12_TCRBJ01,8.195709163786329e-06
CASSPGDEQFF_TCRBV25_TCRBJ02,3.278283665514532e-06
CSVRDNYNQPQHF_TCRBV29_TCRBJ01,1.4205895883896304e-05
