combined,frequency
CASSQVGGELFF_TCRBV04_TCRBJ02,4.194189446199225e-06
CASSESPGNTEAFF_TCRBV10_TCRBJ01,6.481929144126076e-06
CASSPLGEQYF_TCRBV18_TCRBJ02,2.6690296475813253e-06
CASSLGQGIEAFF_TCRBV05_TCRBJ01,5.909994219644363e-06
CASSLGGAGDTQYF_TCRBV12_TCRBJ02,7.625798993089501e-07
