combined,frequency
CAWRGTGNSPLHF_TCRBV30_TCRBJ01,2.7952942491903177e-06
CASSLAPGATNEKLFF_TCRBV07_TCRBJ01,0.0001107952993315
CASSLAPGATNEKLFF_TCRBV07_TCRBJ01,3.811764885259524e-06
CASMGGASYEQYF_TCRBV27_TCRBJ02,5.844706157397937e-05
CASMGGASYEQYF_TCRBV27_TCRBJ02,3.3035295672249207e-06
CASSPGDEQYF_TCRBV25_TCRBJ02,3.0494119082076188e-06
CASSYSTAGELFF_TCRBV06_TCRBJ02,1.270588295086508e-06
CATSRDSQGSYGYTF_TCRBV15_TCRBJ01,3.481411928537032e-05
CASSSDSGGTDTQYF_TCRBV07_TCRBJ02,2.160000101647064e-05
CASSQTGGRNQPQHF_TCRBV12_TCRBJ01,6.35294147543254e-06
CASSQTGGRNQPQHF_TCRBV12_TCRBJ01,3.0494119082076188e-06
CASSQTGGRNQPQHF_TCRBV12_TCRBJ01,1.270588295086508e-06
CASSLGGAGDTQYF_TCRBV12_TCRBJ02,1.270588295086508e-06
CATSRDTQGSYGYTF_TCRBV15_TCRBJ01,1.0164706360692063e-06
