combined,frequency
CATSDGDTQYF_TCRBV24_TCRBJ02,1.7051810220172977e-06
CASSLVGGSEQYF_TCRBV05_TCRBJ02,1.7051810220172977e-06
CASSEIPNTEAFF_TCRBV06_TCRBJ01,1.7051810220172977e-06
CASSPGDEQYF_TCRBV25_TCRBJ02,3.4103620440345957e-06
CASSYSTAGELFF_TCRBV06_TCRBJ02,3.4103620440345957e-06
CASSGQGAYEQYF_TCRBV09_TCRBJ02,1.7051810220172977e-06
CASSGQGAYEQYF_TCRBV09_TCRBJ02,1.7051810220172977e-06
CATSDGDEQFF_TCRBV24_TCRBJ02,1.7051810220172977e-06
CASSLVASGRETQYF_TCRBV05_TCRBJ02,1.7051810220172977e-06
CASSLVASGRETQYF_TCRBV05_TCRBJ02,1.7051810220172977e-06
CASSLSRGEQYF_TCRBV27_TCRBJ02,1.7051810220172977e-06
