combined,frequency
CASSLGARETQYF_TCRBV11_TCRBJ02,2.205596274130326e-06
CASSQRTSGAYNEQFF_TCRBV04_TCRBJ02,2.9407950321737684e-06
CASSQVGGELFF_TCRBV04_TCRBJ02,4.411192548260652e-06
CASSQVGGELFF_TCRBV04_TCRBJ02,2.940795032173768e-07
CASSGQGAYEQYF_TCRBV09_TCRBJ02,8.822385096521305e-07
CASSQGTSGGYEQYF_TCRBV03_TCRBJ02,3.823033541825899e-06
