combined,frequency
CASSLEGQGFGYTF_TCRBV05_TCRBJ01,5.8437498173828185e-06
CASSLATPYEQYF_TCRBV07_TCRBJ02,5.8437498173828185e-06
CASSHRDRNYEQYF_TCRBV07_TCRBJ02,1.7531249452148457e-05
CASSFPTSGQETQYF_TCRBV07_TCRBJ02,1.7531249452148457e-05
CASSFPTSGQETQYF_TCRBV07_TCRBJ02,5.8437498173828185e-06
CASSYGGLGSYEQYF_TCRBV06_TCRBJ02,5.8437498173828185e-06
