combined,frequency
CSVRDNHNQPQHF_TCRBV29_TCRBJ01,2.087444076068549e-06
CASRSDSGANVLTF_TCRBV06_TCRBJ02,4.696749171154236e-06
CATSDGETQYF_TCRBV24_TCRBJ02,2.087444076068549e-06
CASSRGRQETQYF_TCRBV07_TCRBJ02,5.218610190171374e-06
CASSLGLKGTQYF_TCRBV12_TCRBJ02,8.349776304274198e-06
CASSQGRHTDTQYF_TCRBV14_TCRBJ02,3.6530271331199615e-06
CASSAQGAYEQYF_TCRBV09_TCRBJ02,2.087444076068549e-06
CASSEARGGVEKLFF_TCRBV06_TCRBJ01,4.174888152137099e-06
