combined,frequency
CASSLGARETQYF_TCRBV11_TCRBJ02,1.050355702958807e-06
CASSRNRGYEQYF_TCRBV12_TCRBJ02,8.252794808962056e-06
CASSRNRGYEQYF_TCRBV12_TCRBJ02,1.8006097765008117e-06
CASSSRGTGELFF_TCRBV28_TCRBJ02,8.402845623670456e-06
CASSSRGTGELFF_TCRBV28_TCRBJ02,6.602235847169643e-06
CASSEIPNTEAFF_TCRBV06_TCRBJ01,1.0803658659004872e-05
CASSEIPNTEAFF_TCRBV06_TCRBJ01,4.951676885377233e-06
CASSHRDRNYEQYF_TCRBV07_TCRBJ02,1.7255843691466117e-05
CASSHRDRNYEQYF_TCRBV07_TCRBJ02,1.50050814708401e-06
CASSPPGQGSDTQYF_TCRBV18_TCRBJ02,1.950660591209213e-06
CASSGQGAYEQYF_TCRBV09_TCRBJ02,2.850965479459619e-06
CASSIWGLDTEAFF_TCRBV19_TCRBJ01,5.371819166560756e-05
CASSPDSGGTDTQYF_TCRBV07_TCRBJ02,0.0001554526440379
CASSPDSGGTDTQYF_TCRBV07_TCRBJ02,9.003048882504058e-07
CASSPDSGGTDTQYF_TCRBV07_TCRBJ02,3.00101629416802e-07
CASSLVAGGRETQYF_TCRBV05_TCRBJ02,2.100711405917614e-06
CASSLVAGGRETQYF_TCRBV05_TCRBJ02,2.100711405917614e-06
