combined,frequency
CASSGQGAYEQYF_TCRBV09_TCRBJ02,5.423806769290514e-07
CASSQTNTGELFF_TCRBV03_TCRBJ02,9.762852184722929e-06
CASSESPGNTEAFF_TCRBV10_TCRBJ01,4.6102357538969375e-06
CASSLEQYGYTF_TCRBV05_TCRBJ01,8.135710153935772e-07
CATSDGDEQFF_TCRBV24_TCRBJ02,8.949281169329349e-06
