combined,frequency
CASSESGDPSSYEQYF_TCRBV10_TCRBJ02,2.9212377157191168e-06
CASSPQRNTEAFF_TCRBV04_TCRBJ01,0.0001652404464413
CASSPQRNTEAFF_TCRBV04_TCRBJ01,1.0160826837283885e-06
CASSLRREKLFF_TCRBV05_TCRBJ01,1.7781446965246796e-06
CASSPPGQGSDTQYF_TCRBV18_TCRBJ02,2.032165367456777e-06
CASSLGGPGDTQYF_TCRBV12_TCRBJ02,3.429279057583311e-06
CASSLIGVSSYNEQFF_TCRBV07_TCRBJ02,1.3082064553003e-05
CASSLIGVSSYNEQFF_TCRBV07_TCRBJ02,3.429279057583311e-06
CASSYSTAGELFF_TCRBV06_TCRBJ02,2.66721704478702e-06
CSVEVRGTDTQYF_TCRBV29_TCRBJ02,5.080413418641942e-07
CASSPRQGATDTQYF_TCRBV11_TCRBJ02,1.143093019194437e-06
CASSPAGLNTEAFF_TCRBV19_TCRBJ01,9.65278549541969e-06
CASSSDSGGTDTQYF_TCRBV07_TCRBJ02,4.4453617413117e-06
CSARGAGGNYGYTF_TCRBV20_TCRBJ01,6.350516773302428e-07
CATSREGSGYEQYF_TCRBV15_TCRBJ02,5.969485766904283e-06
CASSLGGAGDTQYF_TCRBV12_TCRBJ02,3.810310063981457e-05
CASSLGGAGDTQYF_TCRBV12_TCRBJ02,2.66721704478702e-06
CASSLGGAGDTQYF_TCRBV12_TCRBJ02,8.890723482623398e-07
CASSFGGAGDTQYF_TCRBV12_TCRBJ02,3.429279057583311e-06
CASSFGGAGDTQYF_TCRBV12_TCRBJ02,3.429279057583311e-06
CASSEARGGVEKLFF_TCRBV06_TCRBJ01,1.574928159779002e-05
CASSEARGGVEKLFF_TCRBV06_TCRBJ01,5.969485766904283e-06
CASSEARGGVEKLFF_TCRBV06_TCRBJ01,1.397113690126534e-06
CASSLVAGGRETQYF_TCRBV05_TCRBJ02,1.397113690126534e-06
