combined,frequency
CASSLEGQGFGYTF_TCRBV05_TCRBJ01,1.8463362073607888e-06
CATSDGDTQYF_TCRBV24_TCRBJ02,7.231483478829756e-05
CASSIGPLEHNEQFF_TCRBV19_TCRBJ02,3.384949713494779e-06
CSASPGQGASYGYTF_TCRBV20_TCRBJ01,2.9233656616545816e-06
CSASPGQGASYGYTF_TCRBV20_TCRBJ01,1.2308908049071924e-06
CASMGGASYEQYF_TCRBV27_TCRBJ02,4.154256466561774e-06
CASSPPSGLTDTQYF_TCRBV28_TCRBJ02,2.154058908587586e-06
CASSPPSGLTDTQYF_TCRBV28_TCRBJ02,3.077227012267981e-07
CATSRGTVSYEQYF_TCRBV15_TCRBJ02,2.307920259200985e-06
CASSAGQGVTYEQYF_TCRBV09_TCRBJ02,5.892889728493184e-05
CASSFGDRAYNEQFF_TCRBV05_TCRBJ02,1.8463362073607888e-06
CATSDGDEQFF_TCRBV24_TCRBJ02,2.000197557974188e-06
CASSLSRGEQYF_TCRBV27_TCRBJ02,6.154454024535962e-07
