combined,frequency
CASSFTGDSNQPQHF_TCRBV07_TCRBJ01,4.189615437020608e-06
CASSQVGGELFF_TCRBV04_TCRBJ02,2.5502007007951528e-06
CASSLEQYGYTF_TCRBV05_TCRBJ01,1.7122776133910307e-05
CASSSGQVQETQYF_TCRBV11_TCRBJ02,2.1858863149672737e-06
