combined,frequency
CASSPQRNTEAFF_TCRBV04_TCRBJ01,1.1294952144699633e-05
CASSPQRNTEAFF_TCRBV04_TCRBJ01,2.117803527131181e-05
CASSQNRGQETQYF_TCRBV14_TCRBJ02,1.411869018087454e-06
CASSQVGGELFF_TCRBV04_TCRBJ02,2.823738036174908e-06
CASSVGTLNTGELFF_TCRBV09_TCRBJ02,1.411869018087454e-06
CASSGQGAYEQYF_TCRBV09_TCRBJ02,2.823738036174908e-06
CASSGQGAYEQYF_TCRBV09_TCRBJ02,2.823738036174908e-06
CASSGQGAYEQYF_TCRBV09_TCRBJ02,2.823738036174908e-06
CASSGQGAYEQYF_TCRBV09_TCRBJ02,1.411869018087454e-06
CASSLGLKGTQYF_TCRBV12_TCRBJ02,1.411869018087454e-06
CASSLGLKGTQYF_TCRBV12_TCRBJ02,4.235607054262362e-06
CASSLGLKGTQYF_TCRBV12_TCRBJ02,1.411869018087454e-06
CASSAQGAYEQYF_TCRBV09_TCRBJ02,1.411869018087454e-06
CASSAQGAYEQYF_TCRBV09_TCRBJ02,1.411869018087454e-06
CASSQDLRGGNQPQHF_TCRBV04_TCRBJ01,1.411869018087454e-06
CASSPDNSGNTIYF_TCRBV18_TCRBJ01,2.823738036174908e-06
CASSHRDRNYEQYF_TCRBV07_TCRBJ02,5.647476072349816e-06
CASSIWGLDTEAFF_TCRBV19_TCRBJ01,2.823738036174908e-06
CATSDGDTQYF_TCRBV24_TCRBJ02,1.411869018087454e-06
CASSRDRATNEKLFF_TCRBV06_TCRBJ01,1.411869018087454e-06
CASSLRREKLFF_TCRBV05_TCRBJ01,1.411869018087454e-06
CSARGAGGNYGYTF_TCRBV20_TCRBJ01,1.411869018087454e-06
CASSQGRHTDTQYF_TCRBV14_TCRBJ02,1.411869018087454e-06
CASSQGRHTDTQYF_TCRBV14_TCRBJ02,1.411869018087454e-06
CASSPQGAYEQYF_TCRBV09_TCRBJ02,1.411869018087454e-06
CASSFGGAGDTQYF_TCRBV12_TCRBJ02,1.411869018087454e-06
CASSPRGTYEQYF_TCRBV19_TCRBJ02,1.411869018087454e-06
CASSPRGTYEQYF_TCRBV19_TCRBJ02,1.411869018087454e-06
CASSSANYGYTF_TCRBV12_TCRBJ01,1.411869018087454e-06
CASSGDRLYEQYF_TCRBV02_TCRBJ02,2.400177330748672e-05
CASSGDRLYEQYF_TCRBV02_TCRBJ02,1.411869018087454e-06
CATSDSPYGYTF_TCRBV24_TCRBJ01,2.823738036174908e-06
CASSFPTSGQETQYF_TCRBV07_TCRBJ02,1.411869018087454e-06
CASSFPTSGQETQYF_TCRBV07_TCRBJ02,2.823738036174908e-06
