combined,frequency
CASSRSGLAGNTGELFF_TCRBV06_TCRBJ02,2.0105244251910665e-06
CASSLGGPGDTQYF_TCRBV12_TCRBJ02,2.0105244251910665e-06
CASSGQGAYEQYF_TCRBV09_TCRBJ02,3.082804118626302e-05
CASSGQGAYEQYF_TCRBV09_TCRBJ02,1.4073670976337468e-05
CASSGQGAYEQYF_TCRBV09_TCRBJ02,5.361398467176178e-06
CASSGQGAYEQYF_TCRBV09_TCRBJ02,1.3403496167940446e-06
CASSAQGAYEQYF_TCRBV09_TCRBJ02,4.021048850382133e-06
