combined,frequency
CASSRTSGGAEDTQYF_TCRBV04_TCRBJ02,2.951135104932528e-06
CASSLATPYEQYF_TCRBV07_TCRBJ02,3.934846806576703e-06
CASSSANYGYTF_TCRBV12_TCRBJ01,1.377196382301846e-05
CASSSANYGYTF_TCRBV12_TCRBJ01,1.9674234032883515e-06
CASSPDNSGNTIYF_TCRBV18_TCRBJ01,2.951135104932528e-06
CASSPQRNTEAFF_TCRBV04_TCRBJ01,4.918558508220879e-06
CSASPGQGASYGYTF_TCRBV20_TCRBJ01,1.9674234032883515e-06
CASRSDSGANVLTF_TCRBV06_TCRBJ02,5.902270209865055e-06
CASSSGQVQETQYF_TCRBV11_TCRBJ02,3.934846806576703e-06
CAWSPLTPNTEAFF_TCRBV30_TCRBJ01,4.918558508220879e-06
