combined,frequency
CASSYSTAGELFF_TCRBV06_TCRBJ02,3.895971331884553e-07
CASSESPGNTEAFF_TCRBV10_TCRBJ01,7.791942663769103e-07
CSARETGSNYGYTF_TCRBV20_TCRBJ01,3.895971331884553e-07
CSAPGRLNTEAFF_TCRBV20_TCRBJ01,7.791942663769103e-07
CASSLSRGEQYF_TCRBV27_TCRBJ02,5.843956997826827e-07
CASSLSRGEQYF_TCRBV27_TCRBJ02,3.895971331884553e-07
