combined,frequency
CASSLEQYGYTF_TCRBV05_TCRBJ01,9.491011943896188e-07
CASSYRTRQETQYF_TCRBV06_TCRBJ02,5.830193051250515e-06
CASSYRTRQETQYF_TCRBV06_TCRBJ02,2.7117176982560537e-07
CASSAQGAYEQYF_TCRBV09_TCRBJ02,2.169374158604843e-06
CASSAQGAYEQYF_TCRBV09_TCRBJ02,2.7117176982560537e-07
CASSAQGAYEQYF_TCRBV09_TCRBJ02,2.7117176982560537e-07
