combined,frequency
CASSLGARETQYF_TCRBV11_TCRBJ02,2.261052752621772e-06
CASSRNRGYEQYF_TCRBV12_TCRBJ02,1.7442406948796523e-05
CASSQRTSGAYNEQFF_TCRBV04_TCRBJ02,9.690226082664734e-07
CATSDGDTQYF_TCRBV24_TCRBJ02,1.0336241154842385e-05
CATSDGDTQYF_TCRBV24_TCRBJ02,4.199097969154718e-06
CATSDGDTQYF_TCRBV24_TCRBJ02,1.292030144355298e-06
CASTPGDEQFF_TCRBV25_TCRBJ02,8.979609503269321e-05
CSVEEDEGIYGYTF_TCRBV29_TCRBJ01,2.584060288710596e-06
CASSPGDEQYF_TCRBV25_TCRBJ02,0.0001854063257149
CASSPGDEQYF_TCRBV25_TCRBJ02,6.460150721776489e-07
CASSVGTLNTGELFF_TCRBV09_TCRBJ02,6.460150721776489e-07
CATSDGETQYF_TCRBV24_TCRBJ02,3.1654738536704806e-05
CATSDGETQYF_TCRBV24_TCRBJ02,6.137143185687665e-06
CASSLVIGGDTEAFF_TCRBV05_TCRBJ01,3.876090433065894e-06
CASSFHGFNQPQHF_TCRBV05_TCRBJ01,6.460150721776489e-07
CASSAGQGVTYEQYF_TCRBV09_TCRBJ02,2.6163610423194783e-05
CASSAGQGVTYEQYF_TCRBV09_TCRBJ02,1.4212331587908277e-05
CASSAGQGVTYEQYF_TCRBV09_TCRBJ02,3.230075360888245e-06
CASSLEAEYEQYF_TCRBV07_TCRBJ02,1.8411429557063e-05
CASSPGDEQFF_TCRBV25_TCRBJ02,0.0004922634849993
CATSDSVTNTGELFF_TCRBV24_TCRBJ02,9.690226082664734e-07
CATSDGDEQFF_TCRBV24_TCRBJ02,4.392902490808013e-05
