combined,frequency
CASSPDRVGQETQYF_TCRBV05_TCRBJ02,5.958019792541752e-06
CASSPDNSGNTIYF_TCRBV18_TCRBJ01,5.958019792541752e-06
CASSPPSGLTDTQYF_TCRBV28_TCRBJ02,1.19160395850835e-05
CASSPPSGLTDTQYF_TCRBV28_TCRBJ02,5.958019792541752e-06
CASSSGLAGGPYEQYF_TCRBV05_TCRBJ02,5.958019792541752e-06
CASSAGQGVTYEQYF_TCRBV09_TCRBJ02,5.958019792541752e-06
CASSAQGAYEQYF_TCRBV09_TCRBJ02,5.958019792541752e-06
CATSDGDEQFF_TCRBV24_TCRBJ02,1.7874059377625252e-05
CATSDGDEQFF_TCRBV24_TCRBJ02,2.3832079170167e-05
CATSDGDEQFF_TCRBV24_TCRBJ02,1.19160395850835e-05
CATSDGDEQFF_TCRBV24_TCRBJ02,5.958019792541752e-06
