combined,frequency
CASSLGARETQYF_TCRBV11_TCRBJ02,2.284299325446409e-06
CASSQVGGELFF_TCRBV04_TCRBJ02,1.0279346964508842e-05
CASSYSTAGELFF_TCRBV06_TCRBJ02,3.997523819531216e-06
CASSYSTAGELFF_TCRBV06_TCRBJ02,1.1421496627232046e-06
CASSLTGGRNQPQHF_TCRBV12_TCRBJ01,1.1421496627232046e-06
CASSRGRQETQYF_TCRBV07_TCRBJ02,3.997523819531216e-06
