combined,frequency
CASSSANYGYTF_TCRBV12_TCRBJ01,0.0063419461507826
CASSSANYGYTF_TCRBV12_TCRBJ01,8.045602474827319e-06
CASSSANYGYTF_TCRBV12_TCRBJ01,6.034201856120491e-06
CASSSANYGYTF_TCRBV12_TCRBJ01,6.034201856120491e-06
CASSSANYGYTF_TCRBV12_TCRBJ01,4.02280123741366e-06
CASSQNRGQETQYF_TCRBV14_TCRBJ02,8.045602474827319e-06
CSVEVRGTDTQYF_TCRBV29_TCRBJ02,2.0114006187068298e-06
CASRSDSGANVLTF_TCRBV06_TCRBJ02,6.537052010797198e-05
CASSLEGQGHNEQFF_TCRBV05_TCRBJ02,6.034201856120491e-06
CASSIEGNQPQHF_TCRBV28_TCRBJ01,7.039902165473908e-05
CASSGQGAYEQYF_TCRBV09_TCRBJ02,1.2068403712240982e-05
CASSGQGAYEQYF_TCRBV09_TCRBJ02,4.02280123741366e-06
CASSLFGTGGNTEAFF_TCRBV05_TCRBJ01,0.0889521809616908
CASSLFGTGGNTEAFF_TCRBV05_TCRBJ01,0.0002453908754822
CASSLFGTGGNTEAFF_TCRBV05_TCRBJ01,0.0001629234501152
CASSLFGTGGNTEAFF_TCRBV05_TCRBJ01,0.0001216897374317
CASSLFGTGGNTEAFF_TCRBV05_TCRBJ01,7.94503244389198e-05
CASSLFGTGGNTEAFF_TCRBV05_TCRBJ01,6.134771887055833e-05
CASSLFGTGGNTEAFF_TCRBV05_TCRBJ01,5.330211639573101e-05
CASSLFGTGGNTEAFF_TCRBV05_TCRBJ01,5.229641608637759e-05
CASSLFGTGGNTEAFF_TCRBV05_TCRBJ01,5.229641608637759e-05
CASSLFGTGGNTEAFF_TCRBV05_TCRBJ01,2.916530897124904e-05
CASSLFGTGGNTEAFF_TCRBV05_TCRBJ01,2.4136807424481964e-05
CASSLFGTGGNTEAFF_TCRBV05_TCRBJ01,2.4136807424481964e-05
CASSLFGTGGNTEAFF_TCRBV05_TCRBJ01,2.313110711512855e-05
CASSLFGTGGNTEAFF_TCRBV05_TCRBJ01,2.0114006187068304e-05
CASSLFGTGGNTEAFF_TCRBV05_TCRBJ01,1.0057003093534152e-05
CASSLFGTGGNTEAFF_TCRBV05_TCRBJ01,1.0057003093534152e-05
CASSLFGTGGNTEAFF_TCRBV05_TCRBJ01,8.045602474827319e-06
CASSLFGTGGNTEAFF_TCRBV05_TCRBJ01,8.045602474827319e-06
CASSLFGTGGNTEAFF_TCRBV05_TCRBJ01,8.045602474827319e-06
CASSLFGTGGNTEAFF_TCRBV05_TCRBJ01,8.045602474827319e-06
CASSLFGTGGNTEAFF_TCRBV05_TCRBJ01,6.034201856120491e-06
CASSLFGTGGNTEAFF_TCRBV05_TCRBJ01,6.034201856120491e-06
CASSLFGTGGNTEAFF_TCRBV05_TCRBJ01,6.034201856120491e-06
CASSLFGTGGNTEAFF_TCRBV05_TCRBJ01,4.02280123741366e-06
CASSLFGTGGNTEAFF_TCRBV05_TCRBJ01,4.02280123741366e-06
CASSLFGTGGNTEAFF_TCRBV05_TCRBJ01,4.02280123741366e-06
CASSLFGTGGNTEAFF_TCRBV05_TCRBJ01,4.02280123741366e-06
CASSQNRAQETQYF_TCRBV14_TCRBJ02,8.045602474827319e-06
CASSPQDRVYGYTF_TCRBV27_TCRBJ01,2.111970649642172e-05
CASSLVASGRETQYF_TCRBV05_TCRBJ02,2.0114006187068298e-06
CASSYGGLGSYEQYF_TCRBV06_TCRBJ02,2.0114006187068298e-06
