combined,frequency
CASSLGARETQYF_TCRBV11_TCRBJ02,1.9903747817173542e-06
CASSQDLRGGNQPQHF_TCRBV04_TCRBJ01,1.0888520864689051e-05
CASSQDLRGGNQPQHF_TCRBV04_TCRBJ01,4.917396519536992e-06
CASSQDLRGGNQPQHF_TCRBV04_TCRBJ01,2.10745565123014e-06
CASSPDNSGNTIYF_TCRBV18_TCRBJ01,3.9807495634347085e-06
CASSLRREKLFF_TCRBV05_TCRBJ01,4.214911302460279e-06
CASSPRWQETQYF_TCRBV27_TCRBJ02,4.683234780511421e-07
CASSPRWQETQYF_TCRBV27_TCRBJ02,3.5124260853835656e-07
CASSLGLKGTQYF_TCRBV12_TCRBJ02,3.5124260853835656e-07
CSVRDNFNQPQHF_TCRBV29_TCRBJ01,2.5757791292812814e-06
CATSREGSGYEQYF_TCRBV15_TCRBJ02,2.3416173902557103e-06
CAISESGTGGGYTF_TCRBV10_TCRBJ01,2.8099408683068525e-06
CSVRDNYNQPQHF_TCRBV29_TCRBJ01,4.601278171852471e-05
