combined,frequency
CASSFTGDSNQPQHF_TCRBV07_TCRBJ01,4.7118455168046405e-06
CASSPRGTYEQYF_TCRBV19_TCRBJ02,3.141230344536426e-06
CASSPRGTYEQYF_TCRBV19_TCRBJ02,1.2564921378145707e-06
CASSPRGTYEQYF_TCRBV19_TCRBJ02,6.282460689072854e-07
CASSSANYGYTF_TCRBV12_TCRBJ01,2.1988612411754986e-06
