combined,frequency
CASSRNRGYEQYF_TCRBV12_TCRBJ02,1.1442853978557727e-06
CASSLATPYEQYF_TCRBV07_TCRBJ02,9.80816055304948e-07
CASSRDRATNEKLFF_TCRBV06_TCRBJ01,7.846528442439584e-06
CASSSLAGPTDTQYF_TCRBV05_TCRBJ02,2.45204013826237e-06
CATSDGETQYF_TCRBV24_TCRBJ02,1.7981627680590713e-06
CASSQTNTGELFF_TCRBV03_TCRBJ02,3.759794878668968e-06
CASSQGTSGGYEQYF_TCRBV03_TCRBJ02,4.740610933973915e-06
CASSLGGAGDTQYF_TCRBV12_TCRBJ02,2.288570795711545e-06
