combined,frequency
CASSRNRGYEQYF_TCRBV12_TCRBJ02,4.9831249242841855e-06
CATSDGDTQYF_TCRBV24_TCRBJ02,3.13383189682761e-05
CASSPPGQGSDTQYF_TCRBV18_TCRBJ02,4.817020760141379e-05
CASSLIGVSSYNEQFF_TCRBV07_TCRBJ02,2.657666626284899e-06
CAWSVSDLAKNIQYF_TCRBV30_TCRBJ02,1.771777750856599e-06
CATSDGETQYF_TCRBV24_TCRBJ02,2.2147221885707488e-06
CASSLVIGGDTEAFF_TCRBV05_TCRBJ01,6.644166565712247e-07
CASSMGQHSNQPQHF_TCRBV19_TCRBJ01,1.937881914999405e-05
CASSMGQHSNQPQHF_TCRBV19_TCRBJ01,9.855513739139831e-06
CASSMGQHSNQPQHF_TCRBV19_TCRBJ01,2.657666626284899e-06
CASSSDSGGTDTQYF_TCRBV07_TCRBJ02,9.191097082568608e-06
CATSDGDEQFF_TCRBV24_TCRBJ02,2.7684027357134363e-06
CASSAGQGVTYEQYF_TCRBV09_TCRBJ02,0.0001647753308296
CASSAGQGVTYEQYF_TCRBV09_TCRBJ02,0.0001559164420753
CASSAGQGVTYEQYF_TCRBV09_TCRBJ02,1.3288333131424497e-06
CASSAGQGVTYEQYF_TCRBV09_TCRBJ02,4.429444377141498e-07
CASSAGQGVTYEQYF_TCRBV09_TCRBJ02,2.214722188570749e-07
CAISESGTGGGYTF_TCRBV10_TCRBJ01,2.2147221885707488e-06
CASSLVASGRETQYF_TCRBV05_TCRBJ02,8.858888754282995e-07
CASSLVAGGRETQYF_TCRBV05_TCRBJ02,8.858888754282995e-07
CASSLVAGGRETQYF_TCRBV05_TCRBJ02,7.751527659997622e-07
CASSLVAGGRETQYF_TCRBV05_TCRBJ02,2.214722188570749e-07
