combined,frequency
CASSEAPSTSTDTQYF_TCRBV02_TCRBJ02,3.703947825082668e-05
CASSEAPSTSTDTQYF_TCRBV02_TCRBJ02,4.083092090642311e-06
CASSEAPSTSTDTQYF_TCRBV02_TCRBJ02,3.208143785504673e-06
CASSEAPSTSTDTQYF_TCRBV02_TCRBJ02,2.6248449154129144e-06
CASSLGDRPDTQYF_TCRBV11_TCRBJ02,8.457833616330503e-06
CASSLRREKLFF_TCRBV05_TCRBJ01,1.4582471752293968e-06
CASNRDRGRYEQYF_TCRBV06_TCRBJ02,0.0033560100490729
CASNRDRGRYEQYF_TCRBV06_TCRBJ02,0.0003106066483238
CASNRDRGRYEQYF_TCRBV06_TCRBJ02,1.7790615537798647e-05
CASNRDRGRYEQYF_TCRBV06_TCRBJ02,7.874534746238742e-06
CASNRDRGRYEQYF_TCRBV06_TCRBJ02,2.333195480367035e-06
CASNRDRGRYEQYF_TCRBV06_TCRBJ02,1.749896610275276e-06
CASNRDRGRYEQYF_TCRBV06_TCRBJ02,1.1665977401835176e-06
CASNRDRGRYEQYF_TCRBV06_TCRBJ02,1.1665977401835176e-06
CASSRNRESNQPQHF_TCRBV06_TCRBJ01,6.853761723578165e-05
CASSRNRESNQPQHF_TCRBV06_TCRBJ01,1.1665977401835176e-06
CASSRNRESNQPQHF_TCRBV06_TCRBJ01,5.832988700917588e-07
CASSYGGLGSYEQYF_TCRBV06_TCRBJ02,6.707937006055225e-06
CASSYGGLGSYEQYF_TCRBV06_TCRBJ02,4.66639096073407e-06
CASSYGGLGSYEQYF_TCRBV06_TCRBJ02,3.208143785504673e-06
CASSYGGLGSYEQYF_TCRBV06_TCRBJ02,5.832988700917588e-07
CASSLGGAGDTQYF_TCRBV12_TCRBJ02,0.0001219094638491
CASSLGGAGDTQYF_TCRBV12_TCRBJ02,6.882926667082754e-05
CASSLGGAGDTQYF_TCRBV12_TCRBJ02,2.333195480367035e-06
CASSTTGGDGYTF_TCRBV19_TCRBJ01,1.2540925706972813e-05
CASSFGGAGDTQYF_TCRBV12_TCRBJ02,0.0019490931744116
CASSFGGAGDTQYF_TCRBV12_TCRBJ02,0.0002131957370185
CASSFGGAGDTQYF_TCRBV12_TCRBJ02,1.924886271302804e-05
CASSFGGAGDTQYF_TCRBV12_TCRBJ02,1.1665977401835176e-06
CASSFGGAGDTQYF_TCRBV12_TCRBJ02,5.832988700917588e-07
CASSRGRQETQYF_TCRBV07_TCRBJ02,1.1374327966789294e-05
