combined,frequency
CASSSANYGYTF_TCRBV12_TCRBJ01,3.103737458572864e-07
CASSPQRNTEAFF_TCRBV04_TCRBJ01,0.0002005014398238
CASSPQRNTEAFF_TCRBV04_TCRBJ01,1.2414949834291456e-06
CASSSRGTGELFF_TCRBV28_TCRBJ02,4.0348586961447226e-06
CSVRDNHNQPQHF_TCRBV29_TCRBJ01,8.69046488400402e-06
CASSLIGVSSYNEQFF_TCRBV07_TCRBJ02,0.0001185627709174
CASSLIGVSSYNEQFF_TCRBV07_TCRBJ02,2.348494676986801e-05
CASSLIGVSSYNEQFF_TCRBV07_TCRBJ02,4.138316611430486e-07
CASSPAGLNTEAFF_TCRBV19_TCRBJ01,2.482989966858292e-06
CATSRGTVSYEQYF_TCRBV15_TCRBJ02,2.482989966858292e-06
CATSRGTVSYEQYF_TCRBV15_TCRBJ02,1.9657003904294813e-06
CASSLGGAGDTQYF_TCRBV12_TCRBJ02,6.517848663003015e-06
CASSLGGAGDTQYF_TCRBV12_TCRBJ02,2.069158305715243e-06
CASSFGGAGDTQYF_TCRBV12_TCRBJ02,9.311212375718592e-07
CASSEARGGVEKLFF_TCRBV06_TCRBJ01,6.310932832431491e-06
