combined,frequency
CATSDGDTQYF_TCRBV24_TCRBJ02,1.1794644853807736e-06
CASSVGTLNTGELFF_TCRBV09_TCRBJ02,9.435715883046188e-07
CASSLTGGRNQPQHF_TCRBV12_TCRBJ01,2.3589289707615472e-06
CASSPSTGTEAFF_TCRBV05_TCRBJ01,4.48196504444694e-06
CASSLVAGGRETQYF_TCRBV05_TCRBJ02,1.8871431766092376e-06
CASSLVAGGRETQYF_TCRBV05_TCRBJ02,1.1794644853807736e-06
CASSLVAGGRETQYF_TCRBV05_TCRBJ02,7.076786912284642e-07
CASSQVPGQGDNEQFF_TCRBV14_TCRBJ02,1.651250279533083e-06
