combined,frequency
CASSIGPLEHNEQFF_TCRBV19_TCRBJ02,9.001872389457007e-06
CASSIGPLEHNEQFF_TCRBV19_TCRBJ02,3.0006241298190024e-06
CATSDGDTQYF_TCRBV24_TCRBJ02,2.850592923328052e-05
CATSDGDTQYF_TCRBV24_TCRBJ02,4.500936194728504e-06
CATSDGDTQYF_TCRBV24_TCRBJ02,6.001248259638005e-06
CATSDGDTQYF_TCRBV24_TCRBJ02,1.200249651927601e-05
CATSDGDTQYF_TCRBV24_TCRBJ02,1.5003120649095014e-05
CATSDGDTQYF_TCRBV24_TCRBJ02,4.500936194728504e-06
CATSDGDTQYF_TCRBV24_TCRBJ02,3.0006241298190024e-06
CATSDGDTQYF_TCRBV24_TCRBJ02,3.0006241298190024e-06
CATSDGDTQYF_TCRBV24_TCRBJ02,1.5003120649095012e-06
CASSLRREKLFF_TCRBV05_TCRBJ01,1.5003120649095012e-06
CASSLRREKLFF_TCRBV05_TCRBJ01,1.5003120649095012e-06
CASSIEGNQPQHF_TCRBV28_TCRBJ01,1.8003744778914014e-05
CATSDGETQYF_TCRBV24_TCRBJ02,1.8003744778914014e-05
CATSDGETQYF_TCRBV24_TCRBJ02,1.5003120649095012e-06
CATSDGETQYF_TCRBV24_TCRBJ02,1.5003120649095012e-06
CATSDGETQYF_TCRBV24_TCRBJ02,1.5003120649095012e-06
CASSGQGAYEQYF_TCRBV09_TCRBJ02,1.5003120649095012e-06
CASSGQGAYEQYF_TCRBV09_TCRBJ02,1.5003120649095012e-06
CASSLFGTGGNTEAFF_TCRBV05_TCRBJ01,5.851217053147054e-05
CASSLFGTGGNTEAFF_TCRBV05_TCRBJ01,1.350280858418551e-05
CASSLFGTGGNTEAFF_TCRBV05_TCRBJ01,1.5003120649095012e-06
CASSSDSGGTDTQYF_TCRBV07_TCRBJ02,1.5003120649095012e-06
CASSSDSGGTDTQYF_TCRBV07_TCRBJ02,1.5003120649095012e-06
CASSSDSGGTDTQYF_TCRBV07_TCRBJ02,1.5003120649095012e-06
CASSLDGGGTEAFF_TCRBV12_TCRBJ01,9.301934802438908e-05
CASSPQDRVYGYTF_TCRBV27_TCRBJ01,4.500936194728504e-06
CASSAGQGVTYEQYF_TCRBV09_TCRBJ02,0.000696144798118
CASSAGQGVTYEQYF_TCRBV09_TCRBJ02,5.5511546401651536e-05
CASSAGQGVTYEQYF_TCRBV09_TCRBJ02,3.150655336309952e-05
CASSAGQGVTYEQYF_TCRBV09_TCRBJ02,9.45196600892986e-05
CASSAGQGVTYEQYF_TCRBV09_TCRBJ02,1.5003120649095012e-06
CASSAGQGVTYEQYF_TCRBV09_TCRBJ02,2.400499303855202e-05
CASSAGQGVTYEQYF_TCRBV09_TCRBJ02,1.5003120649095012e-06
CASSAGQGVTYEQYF_TCRBV09_TCRBJ02,1.5003120649095012e-06
CASSAGQGVTYEQYF_TCRBV09_TCRBJ02,4.500936194728504e-06
CASSPQGAYEQYF_TCRBV09_TCRBJ02,1.5003120649095012e-06
CASSAQGAYEQYF_TCRBV09_TCRBJ02,3.0006241298190024e-06
CASSAQGAYEQYF_TCRBV09_TCRBJ02,3.0006241298190024e-06
CASSPDSGGTDTQYF_TCRBV07_TCRBJ02,4.500936194728504e-06
CATSDGDEQFF_TCRBV24_TCRBJ02,0.0001125234048682
CATSDGDEQFF_TCRBV24_TCRBJ02,3.0006241298190024e-06
CASSRGRQETQYF_TCRBV07_TCRBJ02,6.001248259638005e-06
