combined,frequency
CASSLGARETQYF_TCRBV11_TCRBJ02,2.5537270571145087e-06
CASSGDRLYEQYF_TCRBV02_TCRBJ02,1.4919142281037396e-05
CASSEIPNTEAFF_TCRBV06_TCRBJ01,6.182707611961442e-06
CASSLIGVSSYNEQFF_TCRBV07_TCRBJ02,0.000188706988852
CASSLIGVSSYNEQFF_TCRBV07_TCRBJ02,7.661181171343527e-06
CASSVGTLNTGELFF_TCRBV09_TCRBJ02,9.408468105158716e-07
CASSLGLKGTQYF_TCRBV12_TCRBJ02,6.720334360827655e-07
CASSRNRESNQPQHF_TCRBV06_TCRBJ01,3.360167180413828e-06
CASSPQGAYEQYF_TCRBV09_TCRBJ02,4.435420678146252e-06
CASSPGDEQFF_TCRBV25_TCRBJ02,0.0032646040258028
CASSPGDEQFF_TCRBV25_TCRBJ02,1.478473559382084e-05
CATSDGDEQFF_TCRBV24_TCRBJ02,9.408468105158716e-07
CASSLNRGQETQYF_TCRBV14_TCRBJ02,1.344066872165531e-06
