combined,frequency
CATSDGDTQYF_TCRBV24_TCRBJ02,4.236000283812018e-06
CASSRDRATNEKLFF_TCRBV06_TCRBJ01,1.9768001324456093e-05
CASSRDRATNEKLFF_TCRBV06_TCRBJ01,2.1180001419060096e-06
CASSPLGEQYF_TCRBV18_TCRBJ02,1.0590000709530048e-06
CASSLVASGRETQYF_TCRBV05_TCRBJ02,1.765000118255008e-06
CATSDGDEQFF_TCRBV24_TCRBJ02,1.0590000709530048e-06
