combined,frequency
CASSLGARETQYF_TCRBV11_TCRBJ02,2.3427049339708616e-06
CASSSANYGYTF_TCRBV12_TCRBJ01,2.5769754273679475e-05
CASSSANYGYTF_TCRBV12_TCRBJ01,2.3427049339708616e-06
CASSSANYGYTF_TCRBV12_TCRBJ01,2.3427049339708616e-06
CASSQDLRGGNQPQHF_TCRBV04_TCRBJ01,2.3427049339708616e-06
CASSQDLRGGNQPQHF_TCRBV04_TCRBJ01,2.3427049339708616e-06
CASSTTGGDGYTF_TCRBV19_TCRBJ01,7.028114801912584e-06
CASSTTGGDGYTF_TCRBV19_TCRBJ01,7.028114801912584e-06
CATSRDSQGSYGYTF_TCRBV15_TCRBJ01,2.3427049339708616e-06
CASSPRQGATDTQYF_TCRBV11_TCRBJ02,2.3427049339708616e-06
CASSPQDRVYGYTF_TCRBV27_TCRBJ01,1.1713524669854308e-05
CASSFGDRAYNEQFF_TCRBV05_TCRBJ02,7.028114801912584e-06
CATSRDTQGSYGYTF_TCRBV15_TCRBJ01,1.4056229603825169e-05
CATSRDTQGSYGYTF_TCRBV15_TCRBJ01,2.3427049339708616e-06
CASSSPGRSGANVLTF_TCRBV28_TCRBJ02,2.3427049339708616e-06
CASSLEGQQPQHF_TCRBV28_TCRBJ01,2.3427049339708616e-06
