combined,frequency
CASSLSRGEQYF_TCRBV27_TCRBJ02,2.452949364992733e-06
CASSQVGGELFF_TCRBV04_TCRBJ02,2.452949364992733e-06
CATSDGETQYF_TCRBV24_TCRBJ02,1.533093353120458e-06
CATSDGETQYF_TCRBV24_TCRBJ02,1.2264746824963665e-06
CASSYRTRQETQYF_TCRBV06_TCRBJ02,9.198560118722748e-07
