combined,frequency
CASSSDRVGQETQYF_TCRBV05_TCRBJ02,1.1415231914705388e-05
CASSSDRVGQETQYF_TCRBV05_TCRBJ02,8.153737081932421e-07
CASSRNRGYEQYF_TCRBV12_TCRBJ02,3.873025113917899e-05
CASSPDNSGNTIYF_TCRBV18_TCRBJ01,1.6307474163864842e-06
CASSESGHRNQPQHF_TCRBV10_TCRBJ01,3.2614948327729675e-05
CASSESGHRNQPQHF_TCRBV10_TCRBJ01,1.5899787309768217e-05
CASSESGHRNQPQHF_TCRBV10_TCRBJ01,2.446121124579726e-06
CASSESGHRNQPQHF_TCRBV10_TCRBJ01,2.446121124579726e-06
CASSEIPNTEAFF_TCRBV06_TCRBJ01,2.4461211245797258e-05
CAWSPLTPNTEAFF_TCRBV30_TCRBJ01,8.153737081932421e-07
CASSFPTSGQETQYF_TCRBV07_TCRBJ02,4.484555395062832e-06
