combined,frequency
CSVRDNHNQPQHF_TCRBV29_TCRBJ01,1.0127000177475678e-06
CASSPRWQETQYF_TCRBV27_TCRBJ02,5.823025102048515e-06
CASSPPSGLTDTQYF_TCRBV28_TCRBJ02,1.7722250310582437e-06
CASSPAGLNTEAFF_TCRBV19_TCRBJ01,1.0127000177475678e-06
CASSMGQHSNQPQHF_TCRBV19_TCRBJ01,4.303975075427163e-06
CSALGHSNQPQHF_TCRBV20_TCRBJ01,5.063500088737839e-07
CASSLGLHYEQYF_TCRBV28_TCRBJ02,3.367227559010663e-05
CASSLGLHYEQYF_TCRBV28_TCRBJ02,1.1139700195223248e-05
CASSLGLHYEQYF_TCRBV28_TCRBJ02,2.53175004436892e-06
CASSLGLHYEQYF_TCRBV28_TCRBJ02,5.063500088737839e-07
CASSGQGAYEQYF_TCRBV09_TCRBJ02,5.063500088737839e-07
CASSLDGGGTEAFF_TCRBV12_TCRBJ01,3.2912750576795955e-06
CASSLDGGGTEAFF_TCRBV12_TCRBJ01,1.2658750221844597e-06
CASSIWGLDTEAFF_TCRBV19_TCRBJ01,1.544367527065041e-05
CASSFGDRAYNEQFF_TCRBV05_TCRBJ02,5.063500088737839e-07
CASSFPTSGQETQYF_TCRBV07_TCRBJ02,7.595250133106759e-07
