combined,frequency
CASSPRGTYEQYF_TCRBV19_TCRBJ02,2.356500878974828e-06
CATSDGDTQYF_TCRBV24_TCRBJ02,2.356500878974828e-06
CASSQDLRGGNQPQHF_TCRBV04_TCRBJ01,2.356500878974828e-06
CASTPGDEQFF_TCRBV25_TCRBJ02,2.356500878974828e-06
CASSPQRNTEAFF_TCRBV04_TCRBJ01,5.773427153488328e-05
CASSPQRNTEAFF_TCRBV04_TCRBJ01,1.178250439487414e-05
CASSESGHRNQPQHF_TCRBV10_TCRBJ01,2.356500878974828e-06
CASSPGDEQYF_TCRBV25_TCRBJ02,4.713001757949656e-06
CASSQVGGELFF_TCRBV04_TCRBJ02,1.178250439487414e-06
CASSLGLHYEQYF_TCRBV28_TCRBJ02,1.178250439487414e-06
CATSREGSGYEQYF_TCRBV15_TCRBJ02,1.178250439487414e-06
CASSIWGLDTEAFF_TCRBV19_TCRBJ01,1.178250439487414e-06
CASSQGRHTDTQYF_TCRBV14_TCRBJ02,1.178250439487414e-06
CASSQGRHTDTQYF_TCRBV14_TCRBJ02,1.178250439487414e-06
CASSPGDEQFF_TCRBV25_TCRBJ02,1.178250439487414e-06
CASSPGDEQFF_TCRBV25_TCRBJ02,8.247753076411897e-06
CASSPGDEQFF_TCRBV25_TCRBJ02,2.356500878974828e-06
CASSPGDEQFF_TCRBV25_TCRBJ02,1.4139005273848967e-05
CASSPGDEQFF_TCRBV25_TCRBJ02,5.89125219743707e-06
CASSPGDEQFF_TCRBV25_TCRBJ02,2.356500878974828e-06
CASSPGDEQFF_TCRBV25_TCRBJ02,1.178250439487414e-06
CASSPDSGGTDTQYF_TCRBV07_TCRBJ02,1.178250439487414e-06
CASSSPGRSGANVLTF_TCRBV28_TCRBJ02,1.178250439487414e-06
CSVRDNYNQPQHF_TCRBV29_TCRBJ01,2.356500878974828e-06
