combined,frequency
CASSRNRGYEQYF_TCRBV12_TCRBJ02,5.721205648737044e-06
CASSRNRGYEQYF_TCRBV12_TCRBJ02,1.830785807595854e-05
CASSRNRGYEQYF_TCRBV12_TCRBJ02,2.1740581465200765e-05
CASSLGQGIEAFF_TCRBV05_TCRBJ01,1.9070685495790144e-06
CATSDGETQYF_TCRBV24_TCRBJ02,2.288482259494817e-06
