combined,frequency
CASSLGHRDPNTGELFF_TCRBV05_TCRBJ02,1.99236040471481e-05
CASSLGHRDPNTGELFF_TCRBV05_TCRBJ02,6.364484626172312e-06
CASSIGPLEHNEQFF_TCRBV19_TCRBJ02,3.943213300998062e-05
CASSIGPLEHNEQFF_TCRBV19_TCRBJ02,6.917918071926424e-07
CATSDGDTQYF_TCRBV24_TCRBJ02,2.130718766153339e-05
CATSDGDTQYF_TCRBV24_TCRBJ02,8.024784963434652e-06
CATSDGDTQYF_TCRBV24_TCRBJ02,3.182242313086156e-06
CASSQNRGQETQYF_TCRBV14_TCRBJ02,9.685085300696991e-07
CASSYSTAGELFF_TCRBV06_TCRBJ02,2.6288088673320414e-06
CATSDGETQYF_TCRBV24_TCRBJ02,3.182242313086156e-06
CASSGQGAYEQYF_TCRBV09_TCRBJ02,7.886426601996123e-06
CASSGQGAYEQYF_TCRBV09_TCRBJ02,4.8425426503484974e-06
CASSGQGAYEQYF_TCRBV09_TCRBJ02,3.182242313086156e-06
CASSPAGLNTEAFF_TCRBV19_TCRBJ01,1.2452252529467563e-06
CASSSGLAGGPYEQYF_TCRBV05_TCRBJ02,4.8425426503484974e-06
CSARGAGGNYGYTF_TCRBV20_TCRBJ01,1.1068668915082278e-06
CASSAQGAYEQYF_TCRBV09_TCRBJ02,1.2728969252344623e-05
CATSDGDEQFF_TCRBV24_TCRBJ02,3.458959035963212e-06
CASSRGRQETQYF_TCRBV07_TCRBJ02,2.213733783016456e-06
CASSRGRQETQYF_TCRBV07_TCRBJ02,2.76716722877057e-07
CASSLVAGGRETQYF_TCRBV05_TCRBJ02,1.0376877107889637e-05
CASSLVAGGRETQYF_TCRBV05_TCRBJ02,8.854935132065823e-06
CASSLVAGGRETQYF_TCRBV05_TCRBJ02,3.0438839516476267e-06
CASSLVAGGRETQYF_TCRBV05_TCRBJ02,1.3835836143852848e-06
CASSLVAGGRETQYF_TCRBV05_TCRBJ02,1.1068668915082278e-06
