combined,frequency
CASSLEQYGYTF_TCRBV05_TCRBJ01,1.2374476404967116e-06
CATSDGDTQYF_TCRBV24_TCRBJ02,8.249650936644744e-07
CASSYSTAGELFF_TCRBV06_TCRBJ02,1.8149232060618434e-05
CASSYSTAGELFF_TCRBV06_TCRBJ02,2.88737782782566e-06
CASSQTNTGELFF_TCRBV03_TCRBJ02,2.474895280993423e-06
