combined,frequency
CASSSANYGYTF_TCRBV12_TCRBJ01,2.7956804872684707e-06
CASSLDAGGSYNEQFF_TCRBV05_TCRBJ02,2.329733739390393e-06
CASSPPGQGSDTQYF_TCRBV18_TCRBJ02,3.106311652520524e-06
CASSLAPGATNEKLFF_TCRBV07_TCRBJ01,8.697672627057466e-06
CASSLAPGATNEKLFF_TCRBV07_TCRBJ01,1.2425246610082094e-06
CASSPGDEQYF_TCRBV25_TCRBJ02,0.0015671342286966
CASSPGDEQYF_TCRBV25_TCRBJ02,0.0003095439561736
CASSPGDEQYF_TCRBV25_TCRBJ02,3.106311652520524e-07
CASSLGLANEQFF_TCRBV06_TCRBJ02,1.087209078382183e-06
CASSPRQGATDTQYF_TCRBV11_TCRBJ02,1.941444782825327e-05
CASSPRQGATDTQYF_TCRBV11_TCRBJ02,2.174418156764366e-06
CASSPRQGATDTQYF_TCRBV11_TCRBJ02,6.212623305041047e-07
CASSPRQGATDTQYF_TCRBV11_TCRBJ02,4.659467478780786e-07
CASSLGLKGTQYF_TCRBV12_TCRBJ02,6.057307722415022e-06
CASSQTGGRNQPQHF_TCRBV12_TCRBJ01,3.5722584003986014e-06
CASSQTGGRNQPQHF_TCRBV12_TCRBJ01,9.318934957561572e-07
CASSQTGGRNQPQHF_TCRBV12_TCRBJ01,7.76577913130131e-07
CASSQTGGRNQPQHF_TCRBV12_TCRBJ01,3.106311652520524e-07
CASSQVPGQGDNEQFF_TCRBV14_TCRBJ02,2.950996069894497e-06
