combined,frequency
CASSIGPLEHNEQFF_TCRBV19_TCRBJ02,4.631115139446185e-06
CSVEEDEGIYGYTF_TCRBV29_TCRBJ01,3.307939385318704e-06
CSVEEDEGIYGYTF_TCRBV29_TCRBJ01,1.984763631191222e-06
CATSDGETQYF_TCRBV24_TCRBJ02,2.315557569723093e-06
CASSLVIGGDTEAFF_TCRBV05_TCRBJ01,2.977145446786833e-06
CASSLGLKGTQYF_TCRBV12_TCRBJ02,6.615878770637407e-07
CASSLGLHYEQYF_TCRBV28_TCRBJ02,1.7201284803657258e-05
CASSLGLHYEQYF_TCRBV28_TCRBJ02,1.653969692659352e-06
CASSFHGFNQPQHF_TCRBV05_TCRBJ01,8.269848463296759e-06
CASSFHGFNQPQHF_TCRBV05_TCRBJ01,9.92381815595611e-07
CATSDGDEQFF_TCRBV24_TCRBJ02,2.4478751451358405e-05
CASSEARTRAFF_TCRBV06_TCRBJ01,1.3231757541274816e-05
CASSLVAGGRETQYF_TCRBV05_TCRBJ02,4.961909077978055e-06
