combined,frequency
CASSLEGQGFGYTF_TCRBV05_TCRBJ01,2.134947923282781e-06
CASSLATPYEQYF_TCRBV07_TCRBJ02,1.0674739616413907e-06
CASSIGPLEHNEQFF_TCRBV19_TCRBJ02,0.0058949470408376
CASSIGPLEHNEQFF_TCRBV19_TCRBJ02,0.0019527657004959
CASSIGPLEHNEQFF_TCRBV19_TCRBJ02,1.423298615521854e-06
CASSLVIGGDTEAFF_TCRBV05_TCRBJ01,1.7791232694023182e-05
CASSSGLAGGPYEQYF_TCRBV05_TCRBJ02,8.183967039250661e-06
CASSSGLAGGPYEQYF_TCRBV05_TCRBJ02,7.11649307760927e-07
CSARGAGGNYGYTF_TCRBV20_TCRBJ01,7.11649307760927e-07
CASSPDSGGTDTQYF_TCRBV07_TCRBJ02,1.6367934078501322e-05
CASSLVASGRETQYF_TCRBV05_TCRBJ02,1.7791232694023178e-06
CASSLVAGGRETQYF_TCRBV05_TCRBJ02,7.11649307760927e-07
