combined,frequency
CASSLGARETQYF_TCRBV11_TCRBJ02,8.036478263679837e-07
CASSQDLRGGNQPQHF_TCRBV04_TCRBJ01,3.903432299501635e-06
CASSPDNSGNTIYF_TCRBV18_TCRBJ01,3.903432299501635e-06
CASSLAPGATNEKLFF_TCRBV07_TCRBJ01,0.000210096503179
CASSLAPGATNEKLFF_TCRBV07_TCRBJ01,1.630257019203624e-05
CASSLAPGATNEKLFF_TCRBV07_TCRBJ01,6.199568946267303e-06
CASSLAPGATNEKLFF_TCRBV07_TCRBJ01,4.0182391318399175e-06
CASSLAPGATNEKLFF_TCRBV07_TCRBJ01,4.5922732935313366e-07
CASSLAPGATNEKLFF_TCRBV07_TCRBJ01,4.5922732935313366e-07
CASSPRWQETQYF_TCRBV27_TCRBJ02,2.2961366467656683e-07
CSVEVRGTDTQYF_TCRBV29_TCRBJ02,8.036478263679837e-07
CASSPAGLNTEAFF_TCRBV19_TCRBJ01,1.2628751557211173e-06
CASSSDSGGTDTQYF_TCRBV07_TCRBJ02,8.725319257709537e-06
CASSSDSGGTDTQYF_TCRBV07_TCRBJ02,2.2961366467656675e-06
CASSSDSGGTDTQYF_TCRBV07_TCRBJ02,9.184546587062672e-07
CASSQTGGRNQPQHF_TCRBV12_TCRBJ01,2.8701708084570844e-06
CSVRDNFNQPQHF_TCRBV29_TCRBJ01,1.1825103730843188e-05
CASSLGQGIEAFF_TCRBV05_TCRBJ01,2.181329814427384e-06
CASSEARTRAFF_TCRBV06_TCRBJ01,6.42918261094387e-06
CASSEARTRAFF_TCRBV06_TCRBJ01,2.755363976118801e-06
CASSEARTRAFF_TCRBV06_TCRBJ01,2.2961366467656683e-07
CASSRGRQETQYF_TCRBV07_TCRBJ02,2.2961366467656683e-07
CSVRDNYNQPQHF_TCRBV29_TCRBJ01,1.951716149750817e-06
