combined,frequency
CASSQVGGELFF_TCRBV04_TCRBJ02,3.0288816849582284e-06
CASSQTNTGELFF_TCRBV03_TCRBJ02,2.1634869178273047e-06
CASSLEQYGYTF_TCRBV05_TCRBJ01,2.379835609610036e-06
CSAPGRLNTEAFF_TCRBV20_TCRBJ01,1.947138226044574e-06
CSAPGRLNTEAFF_TCRBV20_TCRBJ01,4.326973835654611e-07
CASSRGRQETQYF_TCRBV07_TCRBJ02,1.2980921506963829e-06
CASSRGRQETQYF_TCRBV07_TCRBJ02,6.490460753481914e-07
