combined,frequency
CASMGGASYEQYF_TCRBV27_TCRBJ02,4.5444449556945016e-06
CASSLVIGGDTEAFF_TCRBV05_TCRBJ01,1.249722362815988e-05
CASSLVIGGDTEAFF_TCRBV05_TCRBJ01,2.2722224778472508e-06
CASSLEAEYEQYF_TCRBV07_TCRBJ02,0.0002317666927404
CASSLEAEYEQYF_TCRBV07_TCRBJ02,3.4083337167708766e-06
CASSLEAEYEQYF_TCRBV07_TCRBJ02,1.1361112389236254e-06
CASSLTGGRNQPQHF_TCRBV12_TCRBJ01,2.2722224778472508e-06
CASSLVASGRETQYF_TCRBV05_TCRBJ02,1.249722362815988e-05
CASSLVAGGRETQYF_TCRBV05_TCRBJ02,4.5444449556945016e-06
