combined,frequency
CASSSANYGYTF_TCRBV12_TCRBJ01,7.192334078385377e-05
CASSLRREKLFF_TCRBV05_TCRBJ01,6.224135260141191e-06
CASSQNRGQETQYF_TCRBV14_TCRBJ02,2.7662823378405293e-06
CASSQNRGQETQYF_TCRBV14_TCRBJ02,2.7662823378405293e-06
CASSGQGAYEQYF_TCRBV09_TCRBJ02,2.074711753380397e-06
CASSLFGTGGNTEAFF_TCRBV05_TCRBJ01,1.3831411689202646e-06
CASSQTGGRNQPQHF_TCRBV12_TCRBJ01,9.128731714873748e-05
CASSQTGGRNQPQHF_TCRBV12_TCRBJ01,1.3831411689202646e-06
CASSPQGAYEQYF_TCRBV09_TCRBJ02,1.3831411689202646e-06
CASSFGDRAYNEQFF_TCRBV05_TCRBJ02,1.3831411689202646e-06
