combined,frequency
CASSSANYGYTF_TCRBV12_TCRBJ01,4.7717501484355145e-06
CATSDGETQYF_TCRBV24_TCRBJ02,3.4083929631682235e-06
CSASGQGAEAFF_TCRBV20_TCRBJ01,1.0225178889504671e-05
