combined,frequency
CASSLATPYEQYF_TCRBV07_TCRBJ02,1.835904522473948e-05
CASSLATPYEQYF_TCRBV07_TCRBJ02,3.934081119587032e-06
CASSLATPYEQYF_TCRBV07_TCRBJ02,3.934081119587032e-06
CASSLGHRDSSYEQYF_TCRBV05_TCRBJ02,1.67562714352781e-05
CASSLGHRDSSYEQYF_TCRBV05_TCRBJ02,3.35125428705562e-06
CASSLGHRDSSYEQYF_TCRBV05_TCRBJ02,2.914134162657061e-07
CASSGDRLYEQYF_TCRBV02_TCRBJ02,4.516907952118445e-06
CASSGDRLYEQYF_TCRBV02_TCRBJ02,4.371201243985592e-07
CSASGQGAEAFF_TCRBV20_TCRBJ01,2.914134162657061e-06
CASSSANYGYTF_TCRBV12_TCRBJ01,7.299906077455937e-05
CASSSANYGYTF_TCRBV12_TCRBJ01,2.156459280366225e-05
CASSSANYGYTF_TCRBV12_TCRBJ01,1.8941872057270896e-06
CASSQNRGQETQYF_TCRBV14_TCRBJ02,2.0398939138599426e-06
CASRSDSGANVLTF_TCRBV06_TCRBJ02,1.311360373195677e-06
CASSGQGAYEQYF_TCRBV09_TCRBJ02,1.0199469569299713e-06
CASSGQGAYEQYF_TCRBV09_TCRBJ02,2.914134162657061e-07
CASSLFGTGGNTEAFF_TCRBV05_TCRBJ01,1.311360373195677e-06
CASSIWGLDTEAFF_TCRBV19_TCRBJ01,1.0490882985565417e-05
CASSIWGLDTEAFF_TCRBV19_TCRBJ01,9.03381590423689e-06
CASSIWGLDTEAFF_TCRBV19_TCRBJ01,1.3550723856355333e-05
CASSAQGAYEQYF_TCRBV09_TCRBJ02,2.914134162657061e-06
