combined,frequency
CASSLATPYEQYF_TCRBV07_TCRBJ02,3.594793444966049e-07
CASSGDRLYEQYF_TCRBV02_TCRBJ02,5.032710822952469e-06
CASSPQRNTEAFF_TCRBV04_TCRBJ01,6.650367873187191e-06
CASMGGASYEQYF_TCRBV27_TCRBJ02,2.498381444251404e-05
CASRSDSGANVLTF_TCRBV06_TCRBJ02,6.290888528690586e-06
CASSVGTLNTGELFF_TCRBV09_TCRBJ02,1.0784380334898147e-06
CASSLVAGGRETQYF_TCRBV05_TCRBJ02,3.594793444966049e-07
