combined,frequency
CASSSANYGYTF_TCRBV12_TCRBJ01,1.4073293996600173e-06
CASSLDAGGSYNEQFF_TCRBV05_TCRBJ02,1.688795279592021e-06
CASSYSTVGETQYF_TCRBV06_TCRBJ02,6.4737152384360805e-06
CASSPGDEQYF_TCRBV25_TCRBJ02,4.362721138946055e-06
CASSLGQGIEAFF_TCRBV05_TCRBJ01,5.4885846586740674e-06
CASSLGGAGDTQYF_TCRBV12_TCRBJ02,2.8146587993200345e-06
