combined,frequency
CASSSRGTGELFF_TCRBV28_TCRBJ02,6.611737818148561e-07
CATSRDSQGSYGYTF_TCRBV15_TCRBJ01,3.460142791497746e-05
CATSRDSQGSYGYTF_TCRBV15_TCRBJ01,9.256432945407985e-06
CASSAGQGVTYEQYF_TCRBV09_TCRBJ02,2.20391260604952e-06
CASSAGQGVTYEQYF_TCRBV09_TCRBJ02,8.815650424198078e-07
CASSLEAEYEQYF_TCRBV07_TCRBJ02,1.322347563629712e-06
CASSLEGQQPQHF_TCRBV28_TCRBJ01,9.697215466617886e-06
CASSLVAGGRETQYF_TCRBV05_TCRBJ02,8.154476642383223e-06
CASSLVAGGRETQYF_TCRBV05_TCRBJ02,3.3058689090742795e-06
CASSLVAGGRETQYF_TCRBV05_TCRBJ02,1.5427388242346638e-06
CASSLVAGGRETQYF_TCRBV05_TCRBJ02,4.407825212099039e-07
CSVRDNHNQPQHF_TCRBV29_TCRBJ01,4.848607733308943e-06
CATSDGETQYF_TCRBV24_TCRBJ02,7.713694121173319e-06
CATSDGDEQFF_TCRBV24_TCRBJ02,3.746651430284184e-06
CASSYGGLGSYEQYF_TCRBV06_TCRBJ02,3.3058689090742795e-06
CASSYGGLGSYEQYF_TCRBV06_TCRBJ02,8.815650424198078e-07
CASSQVPGQGDNEQFF_TCRBV14_TCRBJ02,3.967042690889136e-06
CASSPDRVGQETQYF_TCRBV05_TCRBJ02,2.20391260604952e-06
CASSLRREKLFF_TCRBV05_TCRBJ01,1.322347563629712e-06
CASSPGQEAGANVLTF_TCRBV05_TCRBJ02,8.815650424198079e-06
CASSSGLAGGPYEQYF_TCRBV05_TCRBJ02,4.407825212099039e-07
CATSREGSGYEQYF_TCRBV15_TCRBJ02,6.611737818148561e-07
CASSRGRQETQYF_TCRBV07_TCRBJ02,2.20391260604952e-06
CASSRGRQETQYF_TCRBV07_TCRBJ02,4.407825212099039e-07
CASSPRQGATDTQYF_TCRBV11_TCRBJ02,8.815650424198078e-07
CASSMGQHSNQPQHF_TCRBV19_TCRBJ01,3.526260169679232e-06
CASSMGQHSNQPQHF_TCRBV19_TCRBJ01,4.407825212099039e-07
CASSFHGFNQPQHF_TCRBV05_TCRBJ01,2.20391260604952e-05
CASSFHGFNQPQHF_TCRBV05_TCRBJ01,2.115756101807539e-05
CASSFHGFNQPQHF_TCRBV05_TCRBJ01,9.697215466617886e-06
CASSFHGFNQPQHF_TCRBV05_TCRBJ01,3.526260169679232e-06
CAWSPLTPNTEAFF_TCRBV30_TCRBJ01,1.983521345444568e-06
CASSLVASGRETQYF_TCRBV05_TCRBJ02,6.611737818148561e-07
