combined,frequency
CASSQDLRGGNQPQHF_TCRBV04_TCRBJ01,1.80491405901708e-06
CASSSLAGPTDTQYF_TCRBV05_TCRBJ02,2.1433354450827822e-06
CASSESPGNTEAFF_TCRBV10_TCRBJ01,1.6921069303285126e-06
CASSESPGNTEAFF_TCRBV10_TCRBJ01,3.384213860657025e-07
CASSLGQGIEAFF_TCRBV05_TCRBJ01,5.640356434428374e-07
CASSLSRGEQYF_TCRBV27_TCRBJ02,1.0152641581971074e-06
