combined,frequency
CASSIGPLEHNEQFF_TCRBV19_TCRBJ02,0.0007672397467814
CASSIGPLEHNEQFF_TCRBV19_TCRBJ02,4.079856851422608e-07
CASSIGPLEHNEQFF_TCRBV19_TCRBJ02,2.2665871396792258e-07
CASSIGPLEHNEQFF_TCRBV19_TCRBJ02,1.3599522838075357e-07
CASSIGPLEHNEQFF_TCRBV19_TCRBJ02,1.3599522838075357e-07
CASSIGPLEHNEQFF_TCRBV19_TCRBJ02,1.1332935698396129e-07
CASSIGPLEHNEQFF_TCRBV19_TCRBJ02,1.1332935698396129e-07
CASSIGPLEHNEQFF_TCRBV19_TCRBJ02,9.066348558716904e-08
CASSIGPLEHNEQFF_TCRBV19_TCRBJ02,9.066348558716904e-08
CASSIGPLEHNEQFF_TCRBV19_TCRBJ02,9.066348558716904e-08
CASSIGPLEHNEQFF_TCRBV19_TCRBJ02,9.066348558716904e-08
CASSIGPLEHNEQFF_TCRBV19_TCRBJ02,6.799761419037678e-08
CASSIGPLEHNEQFF_TCRBV19_TCRBJ02,6.799761419037678e-08
CASSIGPLEHNEQFF_TCRBV19_TCRBJ02,1.813269711743381e-07
CATSDGDTQYF_TCRBV24_TCRBJ02,7.228146388437051e-05
CATSDGDTQYF_TCRBV24_TCRBJ02,9.066348558716904e-08
CATSDGDTQYF_TCRBV24_TCRBJ02,9.066348558716904e-08
CASSSANYGYTF_TCRBV12_TCRBJ01,3.2865513525348773e-06
CASSPQRNTEAFF_TCRBV04_TCRBJ01,8.658362873574643e-06
CASSPQRNTEAFF_TCRBV04_TCRBJ01,7.253078846973522e-07
CASSGQGAYEQYF_TCRBV09_TCRBJ02,2.6745728248214863e-06
CASSSGQVQETQYF_TCRBV11_TCRBJ02,9.293007272684826e-07
