combined,frequency
CASSMGQHSNQPQHF_TCRBV19_TCRBJ01,4.264417242518404e-05
CASSPAGLNTEAFF_TCRBV19_TCRBJ01,6.688794392055104e-05
CASSLGLKGTQYF_TCRBV12_TCRBJ02,1.11894329978617e-05
CASSQGRHTDTQYF_TCRBV14_TCRBJ02,7.459621998574466e-07
CASSRGRQETQYF_TCRBV07_TCRBJ02,2.5114060728534035e-05
CASSRGRQETQYF_TCRBV07_TCRBJ02,1.2432703330957442e-06
CASSQVPGQGDNEQFF_TCRBV14_TCRBJ02,8.702892331670212e-07
