combined,frequency
CASSSDRVGQETQYF_TCRBV05_TCRBJ02,1.6948204591946552e-06
CASSPDRVGQETQYF_TCRBV05_TCRBJ02,1.6948204591946552e-06
CASSPDNSGNTIYF_TCRBV18_TCRBJ01,1.6948204591946552e-06
CASSPGQEAGANVLTF_TCRBV05_TCRBJ02,6.779281836778621e-06
CATSDGETQYF_TCRBV24_TCRBJ02,1.6948204591946552e-06
CASSPPSGLTDTQYF_TCRBV28_TCRBJ02,1.6948204591946552e-06
CASSPPSGLTDTQYF_TCRBV28_TCRBJ02,5.084461377583966e-06
CASSPPSGLTDTQYF_TCRBV28_TCRBJ02,1.6948204591946552e-06
CSVRDNFNQPQHF_TCRBV29_TCRBJ01,5.084461377583966e-06
CATSRGTVSYEQYF_TCRBV15_TCRBJ02,1.6948204591946552e-06
CASSLPSGLTDTQYF_TCRBV28_TCRBJ02,1.1863743214362586e-05
CASSLEGQQPQHF_TCRBV28_TCRBJ01,6.779281836778621e-06
