combined,frequency
CASSIGPLEHNEQFF_TCRBV19_TCRBJ02,1.137149303154907e-05
CASSISAGEAFF_TCRBV19_TCRBJ01,1.990011280521088e-05
CATSDGETQYF_TCRBV24_TCRBJ02,8.528619773661803e-06
CATSDGETQYF_TCRBV24_TCRBJ02,2.274298606309814e-06
CASSLGGAGDTQYF_TCRBV12_TCRBJ02,1.7057239547323607e-05
CATSRDTQGSYGYTF_TCRBV15_TCRBJ01,1.137149303154907e-05
CATSRDTQGSYGYTF_TCRBV15_TCRBJ01,9.097194425239256e-06
CATSDGDEQFF_TCRBV24_TCRBJ02,5.685746515774535e-06
CASSFGGAGDTQYF_TCRBV12_TCRBJ02,6.2543211673519886e-06
