combined,frequency
CASSLGARETQYF_TCRBV11_TCRBJ02,1.042889128266707e-06
CASSLGGPGDTQYF_TCRBV12_TCRBJ02,4.484423251546838e-06
CASSYSTAGELFF_TCRBV06_TCRBJ02,6.361623682426913e-06
CATSDGETQYF_TCRBV24_TCRBJ02,7.091646072213606e-06
CASSPAGLNTEAFF_TCRBV19_TCRBJ01,3.650111948933474e-06
CASSLEQYGYTF_TCRBV05_TCRBJ01,2.294356082186755e-06
CSAPGRLNTEAFF_TCRBV20_TCRBJ01,4.067267600240157e-06
