combined,frequency
CASSLGARETQYF_TCRBV11_TCRBJ02,4.131920657206772e-07
CASSRTSGGAEDTQYF_TCRBV04_TCRBJ02,4.131920657206772e-07
CASSPDRVGQETQYF_TCRBV05_TCRBJ02,1.652768262882709e-07
CASSQDLRGGNQPQHF_TCRBV04_TCRBJ01,3.9211927036892266e-05
CASSQDLRGGNQPQHF_TCRBV04_TCRBJ01,1.016452481672866e-05
CASSQDLRGGNQPQHF_TCRBV04_TCRBJ01,1.3222146103061671e-06
CASSQDLRGGNQPQHF_TCRBV04_TCRBJ01,3.305536525765418e-07
CASSQDLRGGNQPQHF_TCRBV04_TCRBJ01,2.479152394324064e-07
CSASPGQGASYGYTF_TCRBV20_TCRBJ01,2.479152394324064e-07
CASSSRGTGELFF_TCRBV28_TCRBJ02,2.479152394324064e-07
CASSHRDRNYEQYF_TCRBV07_TCRBJ02,2.231237154891657e-06
CASSHRDRNYEQYF_TCRBV07_TCRBJ02,1.652768262882709e-07
CASSPGQEAGANVLTF_TCRBV05_TCRBJ02,4.131920657206772e-07
CASSRGRQETQYF_TCRBV07_TCRBJ02,4.421155103211246e-06
CSALGHSNQPQHF_TCRBV20_TCRBJ01,4.297197483495043e-06
CASSAQGAYEQYF_TCRBV09_TCRBJ02,2.479152394324064e-07
CASSFPTSGQETQYF_TCRBV07_TCRBJ02,3.569979447826651e-05
CASSFPTSGQETQYF_TCRBV07_TCRBJ02,5.0822624083643305e-06
CASSFPTSGQETQYF_TCRBV07_TCRBJ02,2.892344460044741e-07
CASSFPTSGQETQYF_TCRBV07_TCRBJ02,8.263841314413546e-08
CASSFPTSGQETQYF_TCRBV07_TCRBJ02,8.263841314413546e-08
CASSLRGQSTDTQYF_TCRBV27_TCRBJ02,3.2228981126212817e-06
CASSEARGGVEKLFF_TCRBV06_TCRBJ01,4.090601450634704e-06
CASSEARGGVEKLFF_TCRBV06_TCRBJ01,1.652768262882709e-07
