combined,frequency
CASSQNRGQETQYF_TCRBV14_TCRBJ02,4.319340350341696e-06
CASSGQGAYEQYF_TCRBV09_TCRBJ02,1.7997251459757067e-05
CASSGQGAYEQYF_TCRBV09_TCRBJ02,4.319340350341696e-06
CASSGQGAYEQYF_TCRBV09_TCRBJ02,1.4397801167805653e-06
CASSLGLKGTQYF_TCRBV12_TCRBJ02,1.2958021051025086e-05
CASSLGLKGTQYF_TCRBV12_TCRBJ02,2.8795602335611305e-06
CASSAQGAYEQYF_TCRBV09_TCRBJ02,5.759120467122261e-06
CASSAQGAYEQYF_TCRBV09_TCRBJ02,5.039230408731978e-06
CASSLVAGGRETQYF_TCRBV05_TCRBJ02,2.159670175170848e-06
CASSRTSGGAEDTQYF_TCRBV04_TCRBJ02,2.8795602335611305e-06
CASSRTSGGAEDTQYF_TCRBV04_TCRBJ02,2.159670175170848e-06
CASRSDSGANVLTF_TCRBV06_TCRBJ02,2.8795602335611305e-06
CASSSPGRSGANVLTF_TCRBV28_TCRBJ02,2.7355822218830745e-05
CASSSPGRSGANVLTF_TCRBV28_TCRBJ02,2.8795602335611305e-06
CASSYGGLGSYEQYF_TCRBV06_TCRBJ02,1.4397801167805653e-06
CASSSDRVGQETQYF_TCRBV05_TCRBJ02,1.4397801167805653e-06
CASSPDRVGQETQYF_TCRBV05_TCRBJ02,1.2238130992634803e-05
CASSPDRVGQETQYF_TCRBV05_TCRBJ02,1.4397801167805653e-06
CASSLRREKLFF_TCRBV05_TCRBJ01,2.159670175170848e-06
CSALGHSNQPQHF_TCRBV20_TCRBJ01,1.4397801167805653e-06
CSALGHSNQPQHF_TCRBV20_TCRBJ01,1.4397801167805653e-06
CASSQTGGRNQPQHF_TCRBV12_TCRBJ01,5.039230408731978e-06
CASSPQGAYEQYF_TCRBV09_TCRBJ02,2.8795602335611305e-06
CASSRGRQETQYF_TCRBV07_TCRBJ02,1.5837581284586218e-05
CASSQRTSGAYNEQFF_TCRBV04_TCRBJ02,2.159670175170848e-06
CASSLPSGLTDTQYF_TCRBV28_TCRBJ02,1.3677911109415373e-05
CASSLPSGLTDTQYF_TCRBV28_TCRBJ02,6.479010525512543e-06
CASSLPSGLTDTQYF_TCRBV28_TCRBJ02,4.319340350341696e-06
CASSLPSGLTDTQYF_TCRBV28_TCRBJ02,1.4397801167805653e-06
CASSLNRGQETQYF_TCRBV14_TCRBJ02,5.039230408731978e-06
CASSLNRGQETQYF_TCRBV14_TCRBJ02,2.159670175170848e-06
CASSLNRGQETQYF_TCRBV14_TCRBJ02,1.4397801167805653e-06
