combined,frequency
CASSLGARETQYF_TCRBV11_TCRBJ02,3.607131619242469e-06
CASSPDNSGNTIYF_TCRBV18_TCRBJ01,4.041072265166375e-06
CAWRGTGNSPLHF_TCRBV30_TCRBJ01,4.881832266643943e-06
CSASPGQGASYGYTF_TCRBV20_TCRBJ01,1.4970952284374756e-05
CSASPGQGASYGYTF_TCRBV20_TCRBJ01,1.1553669697723998e-05
CSASPGQGASYGYTF_TCRBV20_TCRBJ01,5.4242580740488256e-06
CASSLAPGATNEKLFF_TCRBV07_TCRBJ01,1.1119729051800094e-05
CATSRDSQGSYGYTF_TCRBV15_TCRBJ01,3.363040005910272e-06
CATSRDSQGSYGYTF_TCRBV15_TCRBJ01,9.492451629585444e-07
CASSLTGGRNQPQHF_TCRBV12_TCRBJ01,7.051535496263474e-07
CATSRDTQGSYGYTF_TCRBV15_TCRBJ01,3.715616780723445e-06
CATSRDTQGSYGYTF_TCRBV15_TCRBJ01,3.580010328872225e-06
CATSRDTQGSYGYTF_TCRBV15_TCRBJ01,5.4242580740488256e-08
