combined,frequency
CASSSLAGPTDTQYF_TCRBV05_TCRBJ02,5.135418708946607e-06
CSARETGSNYGYTF_TCRBV20_TCRBJ01,2.168287899333012e-06
CASSQGTSGGYEQYF_TCRBV03_TCRBJ02,1.597685820561166e-06
CSARGAGGNYGYTF_TCRBV20_TCRBJ01,2.282408315087381e-07
CSAPGRLNTEAFF_TCRBV20_TCRBJ01,3.994214551402916e-06
CSAPGRLNTEAFF_TCRBV20_TCRBJ01,1.0270837417893213e-06
CASSLGGAGDTQYF_TCRBV12_TCRBJ02,4.108334967157285e-06
