{"test_frac": 0.15, "layer_1": 159, "dropout": 0.3502680508507822, "preweight": 4, "activation": "tanh", "learning_rate": 0.0037871170427801, "batch_size": 10, "layer_2": 49, "train_frac": 0.7, "epochs": 200, "regularization": 0.0022609630846973, "optimizer": "adam"}