combined,frequency
CASSLRREKLFF_TCRBV05_TCRBJ01,4.481767995418943e-06
CASSSANYGYTF_TCRBV12_TCRBJ01,6.550276300996918e-06
CASSLGARETQYF_TCRBV11_TCRBJ02,3.102762458366961e-06
CASSLGARETQYF_TCRBV11_TCRBJ02,2.068508305577974e-06
CASSLDAGGSYNEQFF_TCRBV05_TCRBJ02,6.895027685259915e-07
