combined,frequency
CASSLRREKLFF_TCRBV05_TCRBJ01,3.510312156263652e-07
CASSLGGAGDTQYF_TCRBV12_TCRBJ02,1.0530936468790956e-06
CASSEIPNTEAFF_TCRBV06_TCRBJ01,6.494077489087756e-06
CASSLGHRDPNTGELFF_TCRBV05_TCRBJ02,1.755156078131826e-06
CASSLGLKGTQYF_TCRBV12_TCRBJ02,5.265468234395478e-07
CASSGQGAYEQYF_TCRBV09_TCRBJ02,1.755156078131826e-06
CATSDGETQYF_TCRBV24_TCRBJ02,4.73892141095593e-06
CATSDGETQYF_TCRBV24_TCRBJ02,2.2817029015713736e-06
CATSDGETQYF_TCRBV24_TCRBJ02,1.228609254692278e-06
CSVRDNYNQPQHF_TCRBV29_TCRBJ01,1.5796404703186434e-06
CASSRGRQETQYF_TCRBV07_TCRBJ02,7.371655528153668e-06
CASSQVGGELFF_TCRBV04_TCRBJ02,3.1592809406372867e-06
