combined,frequency
CASSESGHRNQPQHF_TCRBV10_TCRBJ01,1.5668480032089047e-06
CASSESGHRNQPQHF_TCRBV10_TCRBJ01,1.5668480032089047e-06
CASSEARGGVEKLFF_TCRBV06_TCRBJ01,1.5668480032089047e-06
CASSSGQVQETQYF_TCRBV11_TCRBJ02,0.0001002782722053
CASSSGQVQETQYF_TCRBV11_TCRBJ02,4.700544009626714e-06
CASSRGRQETQYF_TCRBV07_TCRBJ02,3.133696006417809e-06
CASSPQGAYEQYF_TCRBV09_TCRBJ02,1.5668480032089047e-06
