combined,frequency
CASSLVAGGRETQYF_TCRBV05_TCRBJ02,1.5324443368327975e-06
CSALGHSNQPQHF_TCRBV20_TCRBJ01,1.5324443368327975e-06
CATSDGETQYF_TCRBV24_TCRBJ02,5.363555178914792e-06
CATSREGSGYEQYF_TCRBV15_TCRBJ02,7.662221684163989e-07
CASSLSRGEQYF_TCRBV27_TCRBJ02,2.681777589457396e-06
CASSQVGGELFF_TCRBV04_TCRBJ02,1.5324443368327975e-06
CASSSANYGYTF_TCRBV12_TCRBJ01,3.831110842081994e-06
