combined,frequency
CATSDGETQYF_TCRBV24_TCRBJ02,7.503747183749885e-06
CASSSANYGYTF_TCRBV12_TCRBJ01,7.920622027291547e-06
CSARGAGGNYGYTF_TCRBV20_TCRBJ01,8.545934292604034e-06
CASSLGARETQYF_TCRBV11_TCRBJ02,1.1255620775624828e-05
