combined,frequency
CASSQVPGQGDNEQFF_TCRBV14_TCRBJ02,0.0003142687226849
CASSLRREKLFF_TCRBV05_TCRBJ01,5.312371646810046e-06
CATSDGDTQYF_TCRBV24_TCRBJ02,0.0001241417374307
CATSDGDTQYF_TCRBV24_TCRBJ02,8.667553739532182e-06
CASSQNRGQETQYF_TCRBV14_TCRBJ02,1.3979925386342227e-06
CASSQNRGQETQYF_TCRBV14_TCRBJ02,8.387955231805338e-07
CASSGQGAYEQYF_TCRBV09_TCRBJ02,3.07558358499529e-06
CASSGQGAYEQYF_TCRBV09_TCRBJ02,5.591970154536891e-07
CASSLAPGATNEKLFF_TCRBV07_TCRBJ01,1.957189554087912e-06
CATSDGETQYF_TCRBV24_TCRBJ02,2.544346420314285e-05
CATSDGETQYF_TCRBV24_TCRBJ02,6.710364185444271e-06
CASSLGQGIEAFF_TCRBV05_TCRBJ01,1.1183940309073782e-06
CASSMGQHSNQPQHF_TCRBV19_TCRBJ01,5.591970154536891e-07
CASSSGLAGGPYEQYF_TCRBV05_TCRBJ02,6.430765677717424e-06
CASSAGQGVTYEQYF_TCRBV09_TCRBJ02,1.1183940309073782e-06
CASSAGQGVTYEQYF_TCRBV09_TCRBJ02,8.387955231805338e-07
CASSAQGAYEQYF_TCRBV09_TCRBJ02,9.226750754985871e-06
CASSAQGAYEQYF_TCRBV09_TCRBJ02,5.591970154536891e-07
