combined,frequency
CASRSDSGANVLTF_TCRBV06_TCRBJ02,4.241342571542968e-06
CASSIWGLDTEAFF_TCRBV19_TCRBJ01,2.375151840064061e-05
CASSIWGLDTEAFF_TCRBV19_TCRBJ01,2.54480554292578e-06
CASSLVAGGRETQYF_TCRBV05_TCRBJ02,2.54480554292578e-06
CASSLGARETQYF_TCRBV11_TCRBJ02,3.393074057234373e-06
CASSISAGEAFF_TCRBV19_TCRBJ01,3.393074057234373e-06
CASSGDRLYEQYF_TCRBV02_TCRBJ02,5.937879600160153e-06
CASSHRDRNYEQYF_TCRBV07_TCRBJ02,0.0002222463507488
CASSEARTRAFF_TCRBV06_TCRBJ01,5.937879600160153e-06
