combined,frequency
CASSESGHRNQPQHF_TCRBV10_TCRBJ01,9.515158281486292e-07
CASSESGHRNQPQHF_TCRBV10_TCRBJ01,2.114479618108065e-07
CATSDGDTQYF_TCRBV24_TCRBJ02,7.612126625189035e-06
CASSSLAGPTDTQYF_TCRBV05_TCRBJ02,1.6915836944864518e-06
CASSPQRNTEAFF_TCRBV04_TCRBJ01,0.0005385579587321
CASSPQRNTEAFF_TCRBV04_TCRBJ01,1.6915836944864518e-06
CASSPQRNTEAFF_TCRBV04_TCRBJ01,1.5858597135810491e-06
CASSPQRNTEAFF_TCRBV04_TCRBJ01,4.22895923621613e-07
CASSLIGVSSYNEQFF_TCRBV07_TCRBJ02,0.0002228661517485
CASSLIGVSSYNEQFF_TCRBV07_TCRBJ02,4.22895923621613e-07
CASSGDRLYEQYF_TCRBV02_TCRBJ02,2.643099522635081e-06
CASSGDRLYEQYF_TCRBV02_TCRBJ02,2.114479618108065e-07
CASSQGTSGGYEQYF_TCRBV03_TCRBJ02,2.9602714653512912e-06
CASSESPGNTEAFF_TCRBV10_TCRBJ01,5.391923026175567e-06
CASSPPSGLTDTQYF_TCRBV28_TCRBJ02,3.806063312594517e-06
CASSPGDEQFF_TCRBV25_TCRBJ02,4.969027102553952e-06
