combined,frequency
CSASGQGAEAFF_TCRBV20_TCRBJ01,1.7225163897434483e-06
CASSQTNTGELFF_TCRBV03_TCRBJ02,1.7225163897434483e-06
CASSLRGQSTDTQYF_TCRBV27_TCRBJ02,1.7225163897434483e-06
CASSFGGAGDTQYF_TCRBV12_TCRBJ02,1.7225163897434483e-06
CASSRDRATNEKLFF_TCRBV06_TCRBJ01,1.7225163897434483e-06
