combined,frequency
CASSLEQYGYTF_TCRBV05_TCRBJ01,1.469279530275974e-05
CASSYSTVGETQYF_TCRBV06_TCRBJ02,1.3919490286825016e-06
CASSLVAGGRETQYF_TCRBV05_TCRBJ02,7.73305015934723e-07
CATSDGETQYF_TCRBV24_TCRBJ02,7.73305015934723e-07
CASSRGRQETQYF_TCRBV07_TCRBJ02,4.639830095608339e-07
CASSESPGNTEAFF_TCRBV10_TCRBJ01,3.402542070112782e-06
