combined,frequency
CASSPPGQGSDTQYF_TCRBV18_TCRBJ02,4.156149299965918e-06
CASSPPGQGSDTQYF_TCRBV18_TCRBJ02,2.3089718333144e-06
CASSEARGGVEKLFF_TCRBV06_TCRBJ01,9.697681699920477e-06
CASSLTGGRNQPQHF_TCRBV12_TCRBJ01,1.84717746665152e-06
CSVRDNFNQPQHF_TCRBV29_TCRBJ01,4.895020286626528e-05
CASSLGGPGDTQYF_TCRBV12_TCRBJ02,9.2358873332576e-07
CASSLGDRPDTQYF_TCRBV11_TCRBJ02,7.989042543267823e-05
CASSYGGLGSYEQYF_TCRBV06_TCRBJ02,3.23256056664016e-06
CASSLPSGLTDTQYF_TCRBV28_TCRBJ02,7.850504233268957e-06
CASSLVASGRETQYF_TCRBV05_TCRBJ02,3.694354933303041e-06
CASSRNRESNQPQHF_TCRBV06_TCRBJ01,0.0001625516170653
CASSRNRESNQPQHF_TCRBV06_TCRBJ01,1.84717746665152e-06
CASSRNRESNQPQHF_TCRBV06_TCRBJ01,1.84717746665152e-06
CASSLVIGGDTEAFF_TCRBV05_TCRBJ01,5.079738033291678e-06
CASSLVIGGDTEAFF_TCRBV05_TCRBJ01,4.156149299965918e-06
CASSFGGAGDTQYF_TCRBV12_TCRBJ02,3.4634577499716e-05
CASSFGGAGDTQYF_TCRBV12_TCRBJ02,6.465121133280318e-06
CASSPAGLNTEAFF_TCRBV19_TCRBJ01,1.1544859166571997e-05
