combined,frequency
CASMGGASYEQYF_TCRBV27_TCRBJ02,1.1778798019335014e-05
CASSRGRQETQYF_TCRBV07_TCRBJ02,6.730741725334295e-06
CASSRGRQETQYF_TCRBV07_TCRBJ02,5.288439927048375e-06
CASSPAGLNTEAFF_TCRBV19_TCRBJ01,7.211508991429604e-07
CASSPDNSGNTIYF_TCRBV18_TCRBJ01,1.201918165238267e-06
CASSQTGGRNQPQHF_TCRBV12_TCRBJ01,2.884603596571841e-06
CASSQVGGELFF_TCRBV04_TCRBJ02,2.163452697428881e-06
CASSSANYGYTF_TCRBV12_TCRBJ01,0.0001951915100346
CASSSANYGYTF_TCRBV12_TCRBJ01,5.528823560096028e-06
