combined,frequency
CASSLGGAGDTQYF_TCRBV12_TCRBJ02,9.641021389088002e-07
CASSYSTVGETQYF_TCRBV06_TCRBJ02,6.266663902907202e-05
CASSYSTVGETQYF_TCRBV06_TCRBJ02,2.8923064167264013e-06
CASSYSTVGETQYF_TCRBV06_TCRBJ02,1.9282042778176004e-06
CASSSGQVQETQYF_TCRBV11_TCRBJ02,9.641021389088002e-07
CATSDGETQYF_TCRBV24_TCRBJ02,3.856408555635201e-06
CASSQVGGELFF_TCRBV04_TCRBJ02,3.856408555635201e-06
CASSPQGAYEQYF_TCRBV09_TCRBJ02,3.3743574861808013e-06
