combined,frequency
CASSRNRGYEQYF_TCRBV12_TCRBJ02,3.223588860161084e-05
CASSPPGQGSDTQYF_TCRBV18_TCRBJ02,1.8420507772349049e-06
CASSPPGQGSDTQYF_TCRBV18_TCRBJ02,5.526152331704715e-07
CASSLVAGGRETQYF_TCRBV05_TCRBJ02,2.578871088128867e-06
CSARETGSNYGYTF_TCRBV20_TCRBJ01,3.1314863212993383e-06
CSALGHSNQPQHF_TCRBV20_TCRBJ01,2.7999171813970563e-05
CSALGHSNQPQHF_TCRBV20_TCRBJ01,4.7893320208107526e-06
CSALGHSNQPQHF_TCRBV20_TCRBJ01,7.36820310893962e-07
CSALGHSNQPQHF_TCRBV20_TCRBJ01,3.68410155446981e-07
CASSLVASGRETQYF_TCRBV05_TCRBJ02,2.026255854958396e-06
CASSTTGGDGYTF_TCRBV19_TCRBJ01,9.026048808451036e-06
CASSLVIGGDTEAFF_TCRBV05_TCRBJ01,8.657638653004052e-06
