combined,frequency
CASSLGGAGDTQYF_TCRBV12_TCRBJ02,4.352320330776345e-06
CASSPSTGTEAFF_TCRBV05_TCRBJ01,0.0152004787552363
CASSPSTGTEAFF_TCRBV05_TCRBJ01,2.90154688718423e-06
CASSPSTGTEAFF_TCRBV05_TCRBJ01,2.90154688718423e-06
CASSPSTGTEAFF_TCRBV05_TCRBJ01,3.626933608980288e-06
CASSPSTGTEAFF_TCRBV05_TCRBJ01,4.352320330776345e-06
CASSPSTGTEAFF_TCRBV05_TCRBJ01,1.0155414105144805e-05
CASSPSTGTEAFF_TCRBV05_TCRBJ01,1.160618754873692e-05
CASSPSTGTEAFF_TCRBV05_TCRBJ01,1.6683894601309328e-05
CASSPSTGTEAFF_TCRBV05_TCRBJ01,1.958544148849356e-05
CATSDGDTQYF_TCRBV24_TCRBJ02,1.2331574270532977e-05
CATSRDTQGSYGYTF_TCRBV15_TCRBJ01,5.80309377436846e-06
CATSRDTQGSYGYTF_TCRBV15_TCRBJ01,8.994795350271114e-05
CATSRDSQGSYGYTF_TCRBV15_TCRBJ01,2.90154688718423e-06
CATSRDSQGSYGYTF_TCRBV15_TCRBJ01,7.2538672179605744e-06
CATSRDSQGSYGYTF_TCRBV15_TCRBJ01,2.466314854106596e-05
CASSSRGTGELFF_TCRBV28_TCRBJ02,4.352320330776345e-06
CASSLDAGGSYNEQFF_TCRBV05_TCRBJ02,1.0155414105144805e-05
CSVRDNHNQPQHF_TCRBV29_TCRBJ01,2.90154688718423e-06
CASSAGQGVTYEQYF_TCRBV09_TCRBJ02,1.8860054766697493e-05
CASSAGQGVTYEQYF_TCRBV09_TCRBJ02,0.0001370980904194
CASSAQGAYEQYF_TCRBV09_TCRBJ02,2.90154688718423e-06
CASSAQGAYEQYF_TCRBV09_TCRBJ02,6.528480496164517e-06
CATSDGDEQFF_TCRBV24_TCRBJ02,5.80309377436846e-06
CATSDGDEQFF_TCRBV24_TCRBJ02,4.279781658596739e-05
