combined,frequency
CASSESGHRNQPQHF_TCRBV10_TCRBJ01,1.004974624390734e-05
CASRSDSGANVLTF_TCRBV06_TCRBJ02,4.0198984975629375e-06
CASSPPGQGSDTQYF_TCRBV18_TCRBJ02,4.0198984975629375e-06
CASSLRREKLFF_TCRBV05_TCRBJ01,2.0099492487814687e-06
CASSLGHRDSSYEQYF_TCRBV05_TCRBJ02,4.0198984975629375e-06
CASSLFGTGGNTEAFF_TCRBV05_TCRBJ01,7.034822370735139e-05
CASSPQGAYEQYF_TCRBV09_TCRBJ02,4.0198984975629375e-06
CASSGQGAYEQYF_TCRBV09_TCRBJ02,1.6079593990251746e-05
CASSGQGAYEQYF_TCRBV09_TCRBJ02,8.039796995125873e-06
CASSGQGAYEQYF_TCRBV09_TCRBJ02,8.039796995125873e-06
CASSGQGAYEQYF_TCRBV09_TCRBJ02,4.0198984975629375e-06
CASSLAPGATNEKLFF_TCRBV07_TCRBJ01,2.2109441736596152e-05
CASSLAPGATNEKLFF_TCRBV07_TCRBJ01,1.6079593990251746e-05
CASSLAPGATNEKLFF_TCRBV07_TCRBJ01,6.029847746344406e-06
CASSLAPGATNEKLFF_TCRBV07_TCRBJ01,2.0099492487814687e-06
CATSDGETQYF_TCRBV24_TCRBJ02,2.0099492487814687e-06
CAWSVSDLAKNIQYF_TCRBV30_TCRBJ02,8.039796995125873e-06
CASSYSTAGELFF_TCRBV06_TCRBJ02,2.0099492487814687e-06
CASSRDRATNEKLFF_TCRBV06_TCRBJ01,2.0099492487814687e-06
CASSAQGAYEQYF_TCRBV09_TCRBJ02,6.029847746344406e-06
