combined,frequency
CSARETGSNYGYTF_TCRBV20_TCRBJ01,3.2786498257725485e-07
CASSVGTLNTGELFF_TCRBV09_TCRBJ02,6.557299651545097e-07
CASSGQGAYEQYF_TCRBV09_TCRBJ02,9.835949477317644e-07
CASSLGQGIEAFF_TCRBV05_TCRBJ01,1.9671898954635293e-06
CASSLGQGIEAFF_TCRBV05_TCRBJ01,4.917974738658822e-07
CASSYSTAGELFF_TCRBV06_TCRBJ02,1.3114599303090194e-06
CATSDGDEQFF_TCRBV24_TCRBJ02,3.2786498257725483e-06
