combined,frequency
CASSLDGGGTEAFF_TCRBV12_TCRBJ01,2.38688549632897e-06
CASSLDGGGTEAFF_TCRBV12_TCRBJ01,2.38688549632897e-06
CASSLTGGRNQPQHF_TCRBV12_TCRBJ01,7.160656488986911e-06
CAWRGTGNSPLHF_TCRBV30_TCRBJ01,2.38688549632897e-06
CASSPQGAYEQYF_TCRBV09_TCRBJ02,4.77377099265794e-06
CASSPQGAYEQYF_TCRBV09_TCRBJ02,7.160656488986911e-06
CASSPQGAYEQYF_TCRBV09_TCRBJ02,2.38688549632897e-06
CASSGQGAYEQYF_TCRBV09_TCRBJ02,2.148196946696073e-05
CATSDGETQYF_TCRBV24_TCRBJ02,4.77377099265794e-06
CASSISAGEAFF_TCRBV19_TCRBJ01,2.38688549632897e-06
CASSESPGNTEAFF_TCRBV10_TCRBJ01,2.38688549632897e-06
CSVRDNHNQPQHF_TCRBV29_TCRBJ01,2.148196946696073e-05
CASSSANYGYTF_TCRBV12_TCRBJ01,2.38688549632897e-06
CASSLGHRDSSYEQYF_TCRBV05_TCRBJ02,7.160656488986911e-06
CASSLVGGSEQYF_TCRBV05_TCRBJ02,2.38688549632897e-06
