combined,frequency
CASSEIPNTEAFF_TCRBV06_TCRBJ01,1.2215260967355106e-05
CASSEIPNTEAFF_TCRBV06_TCRBJ01,1.0395966780727751e-06
CASSLVAGGRETQYF_TCRBV05_TCRBJ02,4.93808422084568e-06
CASSLNRGQETQYF_TCRBV14_TCRBJ02,3.638588373254712e-06
CASSLNRGQETQYF_TCRBV14_TCRBJ02,1.5593950171091623e-06
CASSGQGAYEQYF_TCRBV09_TCRBJ02,1.4034555153982458e-05
CASSLAPGATNEKLFF_TCRBV07_TCRBJ01,3.898487542772906e-05
CASSLAPGATNEKLFF_TCRBV07_TCRBJ01,1.819294186627356e-06
CASSLSRGEQYF_TCRBV27_TCRBJ02,1.2994958475909684e-06
CASSLSRGEQYF_TCRBV27_TCRBJ02,7.796975085545813e-07
CASSLGQGIEAFF_TCRBV05_TCRBJ01,7.796975085545811e-06
CASSQVGGELFF_TCRBV04_TCRBJ02,6.4974792379548425e-06
CASSRDRATNEKLFF_TCRBV06_TCRBJ01,4.158386712291101e-06
CASSPQGAYEQYF_TCRBV09_TCRBJ02,3.638588373254712e-06
CASSPQGAYEQYF_TCRBV09_TCRBJ02,1.819294186627356e-06
CASSPQGAYEQYF_TCRBV09_TCRBJ02,1.0395966780727751e-06
