{"activation": "tanh", "batch_size": 50.0, "dropout": 0.0327436692178783, "epochs": 200.0, "layer_1": 36.0, "layer_2": 86.0, "learning_rate": 0.0149583067555524, "optimizer": "adam", "preweight": 9.0, "regularization": 0.0001659183204794, "test_frac": 0.15, "train_frac": 0.7
, "embedding_algorithm": "node2vec", "embedding_size": 128}