,train_metric_mean,val_metric_mean,test_metric_mean,train_metric_std,val_metric_std,test_metric_std
Cirrhosis,0.9530163953303177,0.885410607910608,0.8321428571428571,0.023068875404926893,0.054505877630627836,0.01761743879398663
IBD,0.9858456923628178,0.9817246185463006,0.9809523809523808,0.009132452584372463,0.017546382507668462,0.00469634935656532
bw,0.7274668844908587,0.6797502533210253,0.5784461152882205,0.0869329912264767,0.07310046070467587,0.02781390355690243
IBD_Chrone,0.9092099231911256,0.849681354902124,0.9496012759170653,0.015970444478287327,0.03350539126601756,0.00983677444664067
male_female,0.6870150356862599,0.5952033995416348,0.428125,0.09052986446500033,0.060644733865553996,0.04812905827044613
nugent,0.9571954866164492,0.9665568434140491,0.9555102040816326,0.02020345350288864,0.012610027584257241,0.0025077970872336027
