,train_metric_mean,val_metric_mean,test_metric_mean,train_metric_std,val_metric_std,test_metric_std
Cirrhosis,0.9401520011601512,0.9309848484848485,0.8410714285714285,0.018182743739003204,0.06383016613863622,0.012780303900942782
IBD,0.9846645235983947,0.9798290783079112,0.9828869047619048,0.006599048159894602,0.01236847475747985,0.007267330623258786
bw,0.7554655703540569,0.7038570966088865,0.6210526315789474,0.048180594099479286,0.07543546824688493,0.035084138736034304
IBD_Chrone,0.92866303832666,0.8628920453748041,0.9149920255183414,0.02284397074169481,0.03137965357568373,0.019933652149261367
male_female,0.6728284460360228,0.6669808949220715,0.446875,0.07318541659295755,0.12488459744507144,0.06393661411898506
nugent,0.9613217417451901,0.9844913870842765,0.9617346938775511,0.014523856159282974,0.012268141393524518,0.0026313871343321767
