combined,frequency
CASSPRGTYEQYF_TCRBV19_TCRBJ02,2.065898464134969e-06
CASSQDLRGGNQPQHF_TCRBV04_TCRBJ01,5.327843407505976e-06
CASSPQRNTEAFF_TCRBV04_TCRBJ01,0.0001885404177268
CASSPQRNTEAFF_TCRBV04_TCRBJ01,4.349259924494673e-07
CASSLIGVSSYNEQFF_TCRBV07_TCRBJ02,2.533443906018147e-05
CASSIEGNQPQHF_TCRBV28_TCRBJ01,2.935750449033904e-06
CASSLVIGGDTEAFF_TCRBV05_TCRBJ01,4.240528426382306e-06
CASSLVIGGDTEAFF_TCRBV05_TCRBJ01,1.848435467910236e-06
CASSMGQHSNQPQHF_TCRBV19_TCRBJ01,7.611204867865678e-07
CASSLGLKGTQYF_TCRBV12_TCRBJ02,2.065898464134969e-06
CSALGHSNQPQHF_TCRBV20_TCRBJ01,1.6309724716855024e-06
CASSSGLAGGPYEQYF_TCRBV05_TCRBJ02,3.5881394377081045e-06
CASSLDGGGTEAFF_TCRBV12_TCRBJ01,3.370676441483372e-06
CASSIWGLDTEAFF_TCRBV19_TCRBJ01,4.240528426382306e-06
CASSIWGLDTEAFF_TCRBV19_TCRBJ01,1.6309724716855024e-06
CASSLPSGLTDTQYF_TCRBV28_TCRBJ02,4.240528426382306e-06
CASSLPSGLTDTQYF_TCRBV28_TCRBJ02,2.283361460359704e-06
CASSLPSGLTDTQYF_TCRBV28_TCRBJ02,8.698519848989346e-07
CASSLEAEYEQYF_TCRBV07_TCRBJ02,1.196046479236035e-06
CASSLEAEYEQYF_TCRBV07_TCRBJ02,9.785834830113017e-07
CASSLEAEYEQYF_TCRBV07_TCRBJ02,4.349259924494673e-07
CASSPSTGTEAFF_TCRBV05_TCRBJ01,2.0115327150787868e-05
CASSLVASGRETQYF_TCRBV05_TCRBJ02,4.892917415056508e-06
CASSPGTGTYGYTF_TCRBV10_TCRBJ01,1.6309724716855024e-06
CSVRDNYNQPQHF_TCRBV29_TCRBJ01,2.39209295847207e-06
