combined,frequency
CASSQRTSGAYNEQFF_TCRBV04_TCRBJ02,1.961049824490944e-07
CASSLATPYEQYF_TCRBV07_TCRBJ02,1.2746823859191131e-06
CAWRGTGNSPLHF_TCRBV30_TCRBJ01,1.0785774034700188e-06
CASSESGHRNQPQHF_TCRBV10_TCRBJ01,2.451312280613679e-06
CASSEIPNTEAFF_TCRBV06_TCRBJ01,2.8435222455118684e-06
CASSHRDRNYEQYF_TCRBV07_TCRBJ02,0.0002662125136746
CASSHRDRNYEQYF_TCRBV07_TCRBJ02,5.883149473472829e-07
CASSHRDRNYEQYF_TCRBV07_TCRBJ02,3.922099648981888e-07
CSVEVRGTDTQYF_TCRBV29_TCRBJ02,7.844199297963773e-07
CATSDGETQYF_TCRBV24_TCRBJ02,3.922099648981888e-07
CATSRGTVSYEQYF_TCRBV15_TCRBJ02,0.0007901069742874
CATSRGTVSYEQYF_TCRBV15_TCRBJ02,1.5492293613478454e-05
CATSRGTVSYEQYF_TCRBV15_TCRBJ02,4.804572070002812e-06
CATSRGTVSYEQYF_TCRBV15_TCRBJ02,9.80524912245472e-07
CSARGAGGNYGYTF_TCRBV20_TCRBJ01,5.7850969822482825e-06
CASSFGDRAYNEQFF_TCRBV05_TCRBJ02,6.491074919065022e-05
CASSFGDRAYNEQFF_TCRBV05_TCRBJ02,7.844199297963774e-06
CASSFGDRAYNEQFF_TCRBV05_TCRBJ02,5.883149473472829e-07
CASSFGDRAYNEQFF_TCRBV05_TCRBJ02,3.922099648981888e-07
CASSFGDRAYNEQFF_TCRBV05_TCRBJ02,3.922099648981888e-07
CASSEARGGVEKLFF_TCRBV06_TCRBJ01,6.079254455921924e-06
CASSEARGGVEKLFF_TCRBV06_TCRBJ01,2.0591023157154904e-06
CASSEARGGVEKLFF_TCRBV06_TCRBJ01,1.3727348771436606e-06
CASSEARGGVEKLFF_TCRBV06_TCRBJ01,3.922099648981888e-07
