combined,frequency
CASSPQRNTEAFF_TCRBV04_TCRBJ01,0.0005438235642519
CASSPQRNTEAFF_TCRBV04_TCRBJ01,4.845952552740117e-05
CASSPQRNTEAFF_TCRBV04_TCRBJ01,5.384391725266797e-06
CASSPQRNTEAFF_TCRBV04_TCRBJ01,1.4358377934044791e-05
CASSPQRNTEAFF_TCRBV04_TCRBJ01,7.1791889670223965e-06
CSVEEDEGIYGYTF_TCRBV29_TCRBJ01,7.1791889670223965e-06
CASSQTNTGELFF_TCRBV03_TCRBJ02,5.384391725266797e-06
CASSLGLKGTQYF_TCRBV12_TCRBJ02,1.7947972417555991e-06
CASSLEAEYEQYF_TCRBV07_TCRBJ02,1.4358377934044791e-05
CASSLEAEYEQYF_TCRBV07_TCRBJ02,1.7947972417555991e-06
CASSPGDEQFF_TCRBV25_TCRBJ02,3.5895944835111983e-06
CASSPGDEQFF_TCRBV25_TCRBJ02,1.7947972417555991e-06
CASSPGDEQFF_TCRBV25_TCRBJ02,1.7947972417555991e-06
CASSLVAGGRETQYF_TCRBV05_TCRBJ02,1.7947972417555991e-06
CASSLATPYEQYF_TCRBV07_TCRBJ02,1.7947972417555991e-06
CASSLIGVSSYNEQFF_TCRBV07_TCRBJ02,6.999709242846835e-05
CASSLRGQSTDTQYF_TCRBV27_TCRBJ02,1.7947972417555991e-06
CASSRNRGYEQYF_TCRBV12_TCRBJ02,1.794797241755599e-05
CASSRNRGYEQYF_TCRBV12_TCRBJ02,3.9485539318623166e-05
CASSRNRGYEQYF_TCRBV12_TCRBJ02,7.1791889670223965e-06
CASSRNRGYEQYF_TCRBV12_TCRBJ02,5.384391725266797e-06
CASSRNRGYEQYF_TCRBV12_TCRBJ02,1.7947972417555991e-06
CASSLGDRPDTQYF_TCRBV11_TCRBJ02,1.7947972417555991e-06
CASSPGDEQYF_TCRBV25_TCRBJ02,0.0001184566179558
CASSPGDEQYF_TCRBV25_TCRBJ02,4.4869931043889975e-05
CASSLVIGGDTEAFF_TCRBV05_TCRBJ01,3.5895944835111983e-06
CSALGHSNQPQHF_TCRBV20_TCRBJ01,1.7947972417555991e-06
CASSSGLAGGPYEQYF_TCRBV05_TCRBJ02,1.7947972417555991e-06
CASSQGRHTDTQYF_TCRBV14_TCRBJ02,1.7947972417555991e-06
CASSQGRHTDTQYF_TCRBV14_TCRBJ02,1.7947972417555991e-06
CASSFGGAGDTQYF_TCRBV12_TCRBJ02,0.0001992224938348
CASSFGGAGDTQYF_TCRBV12_TCRBJ02,1.7947972417555991e-06
CASSFGGAGDTQYF_TCRBV12_TCRBJ02,1.7947972417555991e-06
CASSFGGAGDTQYF_TCRBV12_TCRBJ02,1.7947972417555991e-06
CASSRGRQETQYF_TCRBV07_TCRBJ02,3.589594483511198e-05
CASSRGRQETQYF_TCRBV07_TCRBJ02,1.7947972417555991e-06
CASSRGRQETQYF_TCRBV07_TCRBJ02,1.7947972417555991e-06
CASSQRTSGAYNEQFF_TCRBV04_TCRBJ02,1.7947972417555991e-06
CASSPRGTYEQYF_TCRBV19_TCRBJ02,1.7947972417555991e-06
CASSPPGQGSDTQYF_TCRBV18_TCRBJ02,3.5895944835111983e-06
CASSLGGAGDTQYF_TCRBV12_TCRBJ02,3.5895944835111983e-06
CASSLGGAGDTQYF_TCRBV12_TCRBJ02,1.7947972417555991e-06
CASSLGGAGDTQYF_TCRBV12_TCRBJ02,7.1791889670223965e-06
CAWSPLTPNTEAFF_TCRBV30_TCRBJ01,1.7947972417555991e-06
CASSLVASGRETQYF_TCRBV05_TCRBJ02,3.5895944835111983e-06
