combined,frequency
CASSLGDRPDTQYF_TCRBV11_TCRBJ02,3.728445935102346e-05
CASSLGDRPDTQYF_TCRBV11_TCRBJ02,4.8631903501334935e-06
CASSLGHRDPNTGELFF_TCRBV05_TCRBJ02,2.4315951750667467e-06
CSASGQGAEAFF_TCRBV20_TCRBJ01,5.673722075155743e-06
CASSSRGTGELFF_TCRBV28_TCRBJ02,3.242126900088996e-06
CASSPPSGLTDTQYF_TCRBV28_TCRBJ02,1.621063450044498e-06
CASSGQGAYEQYF_TCRBV09_TCRBJ02,1.621063450044498e-06
CASNRDRGRYEQYF_TCRBV06_TCRBJ02,0.0004790242494881
CASNRDRGRYEQYF_TCRBV06_TCRBJ02,9.726380700266989e-06
CASSLPSGLTDTQYF_TCRBV28_TCRBJ02,4.8631903501334935e-06
CASSPQGAYEQYF_TCRBV09_TCRBJ02,1.621063450044498e-06
CASSLGGAGDTQYF_TCRBV12_TCRBJ02,0.0001256324173784
CASSFGDRAYNEQFF_TCRBV05_TCRBJ02,3.242126900088996e-06
CASSLVASGRETQYF_TCRBV05_TCRBJ02,2.4315951750667467e-06
CASSFPTSGQETQYF_TCRBV07_TCRBJ02,3.242126900088996e-06
CASSFPTSGQETQYF_TCRBV07_TCRBJ02,1.621063450044498e-06
CASSLNRGQETQYF_TCRBV14_TCRBJ02,1.621063450044498e-06
CASSLVAGGRETQYF_TCRBV05_TCRBJ02,1.621063450044498e-06
