combined,frequency
CASSRTSGGAEDTQYF_TCRBV04_TCRBJ02,1.7295023702829982e-06
CASSLGHRDSSYEQYF_TCRBV05_TCRBJ02,4.6943635764824246e-06
CASSPDRVGQETQYF_TCRBV05_TCRBJ02,7.412153015498565e-07
CASSPDNSGNTIYF_TCRBV18_TCRBJ01,3.211932973382712e-06
CASSISAGEAFF_TCRBV19_TCRBJ01,3.4590047405659964e-06
CASSISAGEAFF_TCRBV19_TCRBJ01,2.7177894390161406e-06
CASSLRREKLFF_TCRBV05_TCRBJ01,2.4089497300370333e-05
CASSLAPGATNEKLFF_TCRBV07_TCRBJ01,6.670937713948707e-06
CSVRDNHNQPQHF_TCRBV29_TCRBJ01,2.594253555424498e-06
CATSRDSQGSYGYTF_TCRBV15_TCRBJ01,7.535688899090207e-06
CATSRDSQGSYGYTF_TCRBV15_TCRBJ01,6.670937713948707e-06
CATSRDSQGSYGYTF_TCRBV15_TCRBJ01,1.2847731893530843e-05
CATSRDSQGSYGYTF_TCRBV15_TCRBJ01,8.02983243345678e-06
CASSGQGAYEQYF_TCRBV09_TCRBJ02,1.3588947195080703e-06
CASSGQGAYEQYF_TCRBV09_TCRBJ02,1.2353588359164275e-06
CASSGQGAYEQYF_TCRBV09_TCRBJ02,3.7060765077492827e-07
CASSLGLKGTQYF_TCRBV12_TCRBJ02,7.412153015498565e-07
CSARGAGGNYGYTF_TCRBV20_TCRBJ01,3.3354688569743536e-06
CASSLGQGIEAFF_TCRBV05_TCRBJ01,1.853038253874641e-06
CASSPQGAYEQYF_TCRBV09_TCRBJ02,1.2724196009939203e-05
