combined,frequency
CASSRTSGGAEDTQYF_TCRBV04_TCRBJ02,8.329608147467383e-07
CASSSANYGYTF_TCRBV12_TCRBJ01,2.2212288393246352e-06
CSVEEDEGIYGYTF_TCRBV29_TCRBJ01,8.329608147467383e-07
CASSPRQGATDTQYF_TCRBV11_TCRBJ02,1.1106144196623176e-06
CSARGAGGNYGYTF_TCRBV20_TCRBJ01,5.553072098311588e-07
CASSLEAEYEQYF_TCRBV07_TCRBJ02,8.329608147467383e-07
