combined,frequency
CASSRNRGYEQYF_TCRBV12_TCRBJ02,2.673529120821831e-06
CASSRNRGYEQYF_TCRBV12_TCRBJ02,5.941175824048515e-07
CASSYSTVGETQYF_TCRBV06_TCRBJ02,4.752940659238812e-06
CASSYSTVGETQYF_TCRBV06_TCRBJ02,5.941175824048515e-07
CASSLVGGSEQYF_TCRBV05_TCRBJ02,5.644117032846088e-06
CASSESPGNTEAFF_TCRBV10_TCRBJ01,5.9411758240485125e-06
CASSQGTSGGYEQYF_TCRBV03_TCRBJ02,3.5647054944291083e-06
CSAPGRLNTEAFF_TCRBV20_TCRBJ01,5.941175824048515e-07
