combined,frequency
CASSRDRATNEKLFF_TCRBV06_TCRBJ01,1.1865563169291922e-05
CASSRDRATNEKLFF_TCRBV06_TCRBJ01,1.1865563169291923e-06
CASSRDRATNEKLFF_TCRBV06_TCRBJ01,1.1865563169291923e-06
CASSYSTAGELFF_TCRBV06_TCRBJ02,1.1865563169291923e-06
CASSQTNTGELFF_TCRBV03_TCRBJ02,1.1865563169291923e-06
CSAPGRLNTEAFF_TCRBV20_TCRBJ01,1.1865563169291923e-06
CASSAGQGVTYEQYF_TCRBV09_TCRBJ02,2.3731126338583846e-06
CASSRGRQETQYF_TCRBV07_TCRBJ02,1.1865563169291923e-06
