combined,frequency
CASSPDRVGQETQYF_TCRBV05_TCRBJ02,2.339885441548667e-07
CASTPGDEQFF_TCRBV25_TCRBJ02,3.158845346090701e-06
CSASGQGAEAFF_TCRBV20_TCRBJ01,2.339885441548667e-07
CASSLRREKLFF_TCRBV05_TCRBJ01,5.264742243484501e-06
CASSLRREKLFF_TCRBV05_TCRBJ01,3.626822434400434e-06
CASSLRREKLFF_TCRBV05_TCRBJ01,1.8719083532389331e-06
CASSLRREKLFF_TCRBV05_TCRBJ01,1.637919809084067e-06
CASSLGGPGDTQYF_TCRBV12_TCRBJ02,7.019656324646003e-07
CASSYSTAGELFF_TCRBV06_TCRBJ02,5.615725059716802e-06
CASSYSTAGELFF_TCRBV06_TCRBJ02,2.339885441548667e-07
CASSIEGNQPQHF_TCRBV28_TCRBJ01,2.1058968973938005e-06
CASSPRQGATDTQYF_TCRBV11_TCRBJ02,4.211793794787601e-06
CASSSGQVQETQYF_TCRBV11_TCRBJ02,8.189599045420335e-07
CASSQNRAQETQYF_TCRBV14_TCRBJ02,2.339885441548667e-07
CASSPQGAYEQYF_TCRBV09_TCRBJ02,1.637919809084067e-06
CASSAQGAYEQYF_TCRBV09_TCRBJ02,1.7549140811615002e-06
CASSAQGAYEQYF_TCRBV09_TCRBJ02,2.339885441548667e-07
CASSFPTSGQETQYF_TCRBV07_TCRBJ02,5.849713603871668e-07
CASSPGDEQFF_TCRBV25_TCRBJ02,4.796765155174768e-06
CASSPGDEQFF_TCRBV25_TCRBJ02,1.1699427207743336e-06
CASSLGPAGLSTDTQYF_TCRBV07_TCRBJ02,7.019656324646003e-07
CASSLNRGQETQYF_TCRBV14_TCRBJ02,1.637919809084067e-06
