combined,frequency
CASSLGARETQYF_TCRBV11_TCRBJ02,6.677722006432873e-07
CASGRDTYEQYF_TCRBV02_TCRBJ02,1.3466739379639626e-05
CASSQRTSGAYNEQFF_TCRBV04_TCRBJ02,2.0033166019298613e-06
CASSESGDPSSYEQYF_TCRBV10_TCRBJ02,9.12622007545826e-06
CASSSANYGYTF_TCRBV12_TCRBJ01,1.4579693047378437e-05
CASSGDRLYEQYF_TCRBV02_TCRBJ02,1.6137828182212775e-05
CASSQVGGELFF_TCRBV04_TCRBJ02,1.558135134834337e-06
CASNRDRGRYEQYF_TCRBV06_TCRBJ02,3.450156369990317e-06
CASSPRQGATDTQYF_TCRBV11_TCRBJ02,3.1830474897330016e-05
CASSSGQVQETQYF_TCRBV11_TCRBJ02,1.491357914770008e-05
CASSSGQVQETQYF_TCRBV11_TCRBJ02,3.0049749028947927e-06
CASSSGQVQETQYF_TCRBV11_TCRBJ02,7.790675674171685e-07
CASSQTGGRNQPQHF_TCRBV12_TCRBJ01,1.758466795027323e-05
CASSLPSGLTDTQYF_TCRBV28_TCRBJ02,1.2242490345126932e-06
CASSLPSGLTDTQYF_TCRBV28_TCRBJ02,4.451814670955248e-07
CASSLGGAGDTQYF_TCRBV12_TCRBJ02,3.67274710353808e-06
CASSLGGAGDTQYF_TCRBV12_TCRBJ02,2.671088802573149e-06
CASSLSRGEQYF_TCRBV27_TCRBJ02,4.229223937407486e-06
