combined,frequency
CASSPDRVGQETQYF_TCRBV05_TCRBJ02,1.0341537097130536e-05
CATSDGDTQYF_TCRBV24_TCRBJ02,1.8176034897987007e-05
CASSPGDEQYF_TCRBV25_TCRBJ02,3.2591510851562895e-05
CASSLGLHYEQYF_TCRBV28_TCRBJ02,1.5668995601712936e-05
CASSLGLHYEQYF_TCRBV28_TCRBJ02,7.20773797678795e-06
CASSAGQGVTYEQYF_TCRBV09_TCRBJ02,4.073938856445363e-06
CASSAGQGVTYEQYF_TCRBV09_TCRBJ02,1.880279472205552e-06
CASSAGQGVTYEQYF_TCRBV09_TCRBJ02,6.267598240685174e-07
CASSYRTRQETQYF_TCRBV06_TCRBJ02,7.521117888822208e-06
CASSPDSGGTDTQYF_TCRBV07_TCRBJ02,1.1595056745267571e-05
CATSDGDEQFF_TCRBV24_TCRBJ02,1.5668995601712936e-05
CASSFPTSGQETQYF_TCRBV07_TCRBJ02,9.40139736102776e-07
CASSQVPGQGDNEQFF_TCRBV14_TCRBJ02,1.8176034897987007e-05
