combined,frequency
CASSPDNSGNTIYF_TCRBV18_TCRBJ01,1.640040607405439e-06
CASSPQRNTEAFF_TCRBV04_TCRBJ01,3.280081214810878e-06
CASSHRDRNYEQYF_TCRBV07_TCRBJ02,1.640040607405439e-06
CASSLGQGIEAFF_TCRBV05_TCRBJ01,1.640040607405439e-06
CASSPQGAYEQYF_TCRBV09_TCRBJ02,1.640040607405439e-06
CASSAQGAYEQYF_TCRBV09_TCRBJ02,1.640040607405439e-06
CASSLVAGGRETQYF_TCRBV05_TCRBJ02,1.640040607405439e-06
