combined,frequency
CASGRDTYEQYF_TCRBV02_TCRBJ02,1.3141292739003978e-06
CASSQDLRGGNQPQHF_TCRBV04_TCRBJ01,3.003724054629481e-06
CASSPQRNTEAFF_TCRBV04_TCRBJ01,2.2527930409721102e-05
CASSLVGGSEQYF_TCRBV05_TCRBJ02,2.628258547800795e-06
CASSYSTAGELFF_TCRBV06_TCRBJ02,6.007448109258962e-06
CASSQGTSGGYEQYF_TCRBV03_TCRBJ02,7.509310136573702e-07
CASSLGQGIEAFF_TCRBV05_TCRBJ01,4.317853328529878e-06
CASSLTGGRNQPQHF_TCRBV12_TCRBJ01,4.881051588772906e-06
CASSLTGGRNQPQHF_TCRBV12_TCRBJ01,2.8159913012151382e-06
