combined,frequency
CASSRDRATNEKLFF_TCRBV06_TCRBJ01,1.8703533409186556e-06
CASSYSTAGELFF_TCRBV06_TCRBJ02,6.546236693215292e-06
CATSDGETQYF_TCRBV24_TCRBJ02,1.5586277840988794e-06
CSAPGRLNTEAFF_TCRBV20_TCRBJ01,1.2469022272791035e-06
CASSLVASGRETQYF_TCRBV05_TCRBJ02,1.8703533409186556e-06
CASSRGRQETQYF_TCRBV07_TCRBJ02,6.234511136395519e-07
