combined,frequency
CASSSANYGYTF_TCRBV12_TCRBJ01,0.0020924487683446
CASSVGTLNTGELFF_TCRBV09_TCRBJ02,3.1751878123591013e-06
CASSQTNTGELFF_TCRBV03_TCRBJ02,3.1751878123591013e-06
CASSLGLHYEQYF_TCRBV28_TCRBJ02,0.004032488521696
CASSLGLHYEQYF_TCRBV28_TCRBJ02,3.1751878123591013e-06
CASSLEGQQPQHF_TCRBV28_TCRBJ01,3.1751878123591013e-06
CASSFGGAGDTQYF_TCRBV12_TCRBJ02,3.1751878123591013e-06
CASSRGRQETQYF_TCRBV07_TCRBJ02,1.905112687415461e-05
