combined,frequency
CASSLATPYEQYF_TCRBV07_TCRBJ02,7.151697109448166e-06
CASSQVGGELFF_TCRBV04_TCRBJ02,2.4620596606296965e-06
CATSDGETQYF_TCRBV24_TCRBJ02,5.510324002361702e-06
CASSQTNTGELFF_TCRBV03_TCRBJ02,7.034456173227704e-07
CASSLVAGGRETQYF_TCRBV05_TCRBJ02,1.875854979527388e-06
