combined,frequency
CASSPDNSGNTIYF_TCRBV18_TCRBJ01,3.0690380100357543e-06
CASSPPGQGSDTQYF_TCRBV18_TCRBJ02,3.0690380100357543e-06
CASSPGQEAGANVLTF_TCRBV05_TCRBJ02,3.0690380100357543e-06
CASSPRQGATDTQYF_TCRBV11_TCRBJ02,3.0690380100357543e-06
CASSSDSGGTDTQYF_TCRBV07_TCRBJ02,3.0690380100357543e-06
CASSLPSGLTDTQYF_TCRBV28_TCRBJ02,3.0690380100357543e-06
CASSPDSGGTDTQYF_TCRBV07_TCRBJ02,3.0690380100357543e-06
CASSEARTRAFF_TCRBV06_TCRBJ01,3.0690380100357543e-06
CASSLVAGGRETQYF_TCRBV05_TCRBJ02,3.0690380100357543e-06
CASSLVAGGRETQYF_TCRBV05_TCRBJ02,3.0690380100357543e-06
CSVRDNYNQPQHF_TCRBV29_TCRBJ01,6.138076020071509e-06
