combined,frequency
CASSLGHRDPNTGELFF_TCRBV05_TCRBJ02,4.248721309490829e-05
CASSLGHRDSSYEQYF_TCRBV05_TCRBJ02,1.3968398825723272e-05
CASSLRREKLFF_TCRBV05_TCRBJ01,2.910083088692348e-06
CASSQVGGELFF_TCRBV04_TCRBJ02,1.455041544346174e-05
CASSVGTLNTGELFF_TCRBV09_TCRBJ02,4.656132941907759e-06
CASSIEGNQPQHF_TCRBV28_TCRBJ01,1.9206548385369502e-05
CASSGQGAYEQYF_TCRBV09_TCRBJ02,7.5662160306001055e-06
CASSGQGAYEQYF_TCRBV09_TCRBJ02,1.978856500310797e-05
CSAPGRLNTEAFF_TCRBV20_TCRBJ01,2.3280664709538797e-06
CASSQNRAQETQYF_TCRBV14_TCRBJ02,5.238149559646227e-06
CASSAQGAYEQYF_TCRBV09_TCRBJ02,4.656132941907759e-06
CASSYGGLGSYEQYF_TCRBV06_TCRBJ02,1.1640332354769394e-06
CASSYGGLGSYEQYF_TCRBV06_TCRBJ02,5.238149559646227e-06
