combined,frequency
CASSQRTSGAYNEQFF_TCRBV04_TCRBJ02,1.0679250145771764e-06
CATSDGDTQYF_TCRBV24_TCRBJ02,2.1358500291543528e-06
CASSLVGGSEQYF_TCRBV05_TCRBJ02,3.915725053449646e-06
CASSPRQGATDTQYF_TCRBV11_TCRBJ02,1.0679250145771764e-06
CASSLGGAGDTQYF_TCRBV12_TCRBJ02,5.339625072885882e-06
