combined,frequency
CATSDGDTQYF_TCRBV24_TCRBJ02,2.367818444847398e-05
CASSLAPGATNEKLFF_TCRBV07_TCRBJ01,7.25621781485493e-05
CASSVGTLNTGELFF_TCRBV09_TCRBJ02,2.2914372046910307e-06
CASSIEGNQPQHF_TCRBV28_TCRBJ01,2.902487125941972e-05
CASNRDRGRYEQYF_TCRBV06_TCRBJ02,0.0001038784866126
CASNRDRGRYEQYF_TCRBV06_TCRBJ02,4.735636889694796e-05
CASNRDRGRYEQYF_TCRBV06_TCRBJ02,2.1386747243782948e-05
CASNRDRGRYEQYF_TCRBV06_TCRBJ02,1.2984810826582504e-05
CASSPAGLNTEAFF_TCRBV19_TCRBJ01,1.5276248031273536e-06
CASSIWGLDTEAFF_TCRBV19_TCRBJ01,3.819062007818384e-06
CASSLGGAGDTQYF_TCRBV12_TCRBJ02,0.0029880341149171
CASSSPGRSGANVLTF_TCRBV28_TCRBJ02,9.012986338451386e-05
CSVRDNYNQPQHF_TCRBV29_TCRBJ01,1.5276248031273536e-06
