combined,frequency
CASSLVGGSEQYF_TCRBV05_TCRBJ02,2.4183968415092344e-06
CASSQTNTGELFF_TCRBV03_TCRBJ02,8.061322805030781e-07
CASSLSRGEQYF_TCRBV27_TCRBJ02,6.126605331823394e-06
CASSPQRNTEAFF_TCRBV04_TCRBJ01,1.918594827597325e-05
