combined,frequency
CASSPLGEQYF_TCRBV18_TCRBJ02,1.6050494856819557e-06
CASSLEQYGYTF_TCRBV05_TCRBJ01,4.815148457045868e-06
CASSLGQGIEAFF_TCRBV05_TCRBJ01,2.086564331386542e-05
CASSAQGAYEQYF_TCRBV09_TCRBJ02,5.216410828466355e-06
CASSAQGAYEQYF_TCRBV09_TCRBJ02,8.025247428409776e-07
