combined,frequency
CASGRDTYEQYF_TCRBV02_TCRBJ02,1.2561617494606094e-05
CASSESGDPSSYEQYF_TCRBV10_TCRBJ02,2.760795053759581e-06
CASSPQRNTEAFF_TCRBV04_TCRBJ01,0.0006638331706764
CASSPQRNTEAFF_TCRBV04_TCRBJ01,0.0005964697713647
CASSPQRNTEAFF_TCRBV04_TCRBJ01,0.0001129165176987
CASSPQRNTEAFF_TCRBV04_TCRBJ01,4.8175873688104704e-05
CASSPQRNTEAFF_TCRBV04_TCRBJ01,1.5046333042989718e-05
CASSPQRNTEAFF_TCRBV04_TCRBJ01,1.18714187311662e-05
CASSPQRNTEAFF_TCRBV04_TCRBJ01,3.4509938171994767e-06
CASSPQRNTEAFF_TCRBV04_TCRBJ01,2.484715548383624e-06
CASSPQRNTEAFF_TCRBV04_TCRBJ01,5.521590107519164e-07
CASSPQRNTEAFF_TCRBV04_TCRBJ01,2.760795053759582e-07
CASSPQRNTEAFF_TCRBV04_TCRBJ01,2.760795053759582e-07
CASSLGGPGDTQYF_TCRBV12_TCRBJ02,1.1043180215038328e-06
CASSLIGVSSYNEQFF_TCRBV07_TCRBJ02,0.0003183196696984
CASSLIGVSSYNEQFF_TCRBV07_TCRBJ02,5.521590107519164e-07
CASSLIGVSSYNEQFF_TCRBV07_TCRBJ02,5.521590107519164e-07
CASSVGTLNTGELFF_TCRBV09_TCRBJ02,4.279232333327352e-06
CATSDSPYGYTF_TCRBV24_TCRBJ01,2.484715548383624e-06
CASNRDRGRYEQYF_TCRBV06_TCRBJ02,4.776175443004076e-05
CASNRDRGRYEQYF_TCRBV06_TCRBJ02,1.1043180215038328e-06
CASNRDRGRYEQYF_TCRBV06_TCRBJ02,2.760795053759582e-07
CSARGAGGNYGYTF_TCRBV20_TCRBJ01,1.6564770322557492e-06
CASSLPSGLTDTQYF_TCRBV28_TCRBJ02,1.6150651064493553e-05
CASSAGQGVTYEQYF_TCRBV09_TCRBJ02,8.282385161278746e-07
CASSAGQGVTYEQYF_TCRBV09_TCRBJ02,2.760795053759582e-07
CASSPGDEQFF_TCRBV25_TCRBJ02,0.0002223820415803
CASSPGDEQFF_TCRBV25_TCRBJ02,5.521590107519164e-07
CASSLGGAGDTQYF_TCRBV12_TCRBJ02,6.4878683763350174e-06
CASSLGGAGDTQYF_TCRBV12_TCRBJ02,3.865113075263414e-06
CASSTTGGDGYTF_TCRBV19_TCRBJ01,6.901987634398954e-07
CSVRDNYNQPQHF_TCRBV29_TCRBJ01,1.51843727956777e-06
