combined,frequency
CASSRNRGYEQYF_TCRBV12_TCRBJ02,8.693371415748971e-05
CASSRNRGYEQYF_TCRBV12_TCRBJ02,1.523197555750888e-05
CASSRNRGYEQYF_TCRBV12_TCRBJ02,4.458139187563575e-06
CASSRNRGYEQYF_TCRBV12_TCRBJ02,3.343604390672681e-06
CASSIGPLEHNEQFF_TCRBV19_TCRBJ02,5.34976702507629e-05
CASSIGPLEHNEQFF_TCRBV19_TCRBJ02,2.97209279170905e-06
CATSDGDTQYF_TCRBV24_TCRBJ02,6.687208781345363e-06
CASSSANYGYTF_TCRBV12_TCRBJ01,1.857557994818156e-06
CASSSRGTGELFF_TCRBV28_TCRBJ02,0.000122227316059
CASSSRGTGELFF_TCRBV28_TCRBJ02,3.343604390672681e-06
CASSSRGTGELFF_TCRBV28_TCRBJ02,2.6005811927454187e-06
CASSQNRGQETQYF_TCRBV14_TCRBJ02,1.857557994818156e-06
CSASPGQGASYGYTF_TCRBV20_TCRBJ01,8.173255177199888e-06
CASSGQGAYEQYF_TCRBV09_TCRBJ02,7.430231979272625e-07
CASSMGQHSNQPQHF_TCRBV19_TCRBJ01,1.1145347968908935e-05
CASSQTNTGELFF_TCRBV03_TCRBJ02,3.715115989636312e-06
CASSSGLAGGPYEQYF_TCRBV05_TCRBJ02,3.343604390672681e-06
CASSLEAEYEQYF_TCRBV07_TCRBJ02,7.801743578236258e-06
CASSLVASGRETQYF_TCRBV05_TCRBJ02,1.857557994818156e-06
CASSLGPAGLSTDTQYF_TCRBV07_TCRBJ02,6.315697182381731e-06
CASSLVAGGRETQYF_TCRBV05_TCRBJ02,7.430231979272625e-07
CASSQVPGQGDNEQFF_TCRBV14_TCRBJ02,2.229069593781788e-06
CASSQVPGQGDNEQFF_TCRBV14_TCRBJ02,1.1145347968908937e-06
