combined,frequency
CASSLATPYEQYF_TCRBV07_TCRBJ02,5.273557692112664e-06
CASSLSRGEQYF_TCRBV27_TCRBJ02,2.839607988060665e-06
CASSFTGDSNQPQHF_TCRBV07_TCRBJ01,3.6509245560779984e-06
CASSGQGAYEQYF_TCRBV09_TCRBJ02,1.622633136034666e-06
CASSLEQYGYTF_TCRBV05_TCRBJ01,8.11316568017333e-07
CASSLEQYGYTF_TCRBV05_TCRBJ01,3.6509245560779984e-06
CASSLNRGQETQYF_TCRBV14_TCRBJ02,4.867899408103998e-06
