combined,frequency
CASSQTNTGELFF_TCRBV03_TCRBJ02,1.4415094743210198e-05
CSAPGRLNTEAFF_TCRBV20_TCRBJ01,9.300061124651744e-07
CASSRGRQETQYF_TCRBV07_TCRBJ02,9.300061124651744e-07
CASSRGRQETQYF_TCRBV07_TCRBJ02,9.300061124651744e-07
CASSLSRGEQYF_TCRBV27_TCRBJ02,1.8600122249303489e-06
CASSLSRGEQYF_TCRBV27_TCRBJ02,3.2550213936281103e-06
