combined,frequency
CASSLGARETQYF_TCRBV11_TCRBJ02,4.611514490531408e-06
CASSIGPLEHNEQFF_TCRBV19_TCRBJ02,0.0005464644671279
CASSIGPLEHNEQFF_TCRBV19_TCRBJ02,5.533817388637689e-05
CATSDGDTQYF_TCRBV24_TCRBJ02,1.3834543471594228e-05
CASSLVGGSEQYF_TCRBV05_TCRBJ02,9.223028981062816e-06
CASSLAPGATNEKLFF_TCRBV07_TCRBJ01,2.305757245265704e-05
CATSDGETQYF_TCRBV24_TCRBJ02,2.305757245265704e-05
CASSLVIGGDTEAFF_TCRBV05_TCRBJ01,9.223028981062816e-06
CASSSDSGGTDTQYF_TCRBV07_TCRBJ02,1.8446057962125628e-05
CASSFHGFNQPQHF_TCRBV05_TCRBJ01,1.8446057962125628e-05
CASSLPSGLTDTQYF_TCRBV28_TCRBJ02,3.6892115924251256e-05
CASSYRTRQETQYF_TCRBV06_TCRBJ02,9.223028981062816e-06
CATSDSVTNTGELFF_TCRBV24_TCRBJ02,4.150363041478267e-05
CATSDGDEQFF_TCRBV24_TCRBJ02,3.6892115924251256e-05
CATSDGDEQFF_TCRBV24_TCRBJ02,1.152878622632852e-05
CATSDGDEQFF_TCRBV24_TCRBJ02,9.223028981062816e-06
CATSDGDEQFF_TCRBV24_TCRBJ02,6.917271735797113e-06
CASSLVAGGRETQYF_TCRBV05_TCRBJ02,4.3809387660048377e-05
CASSQVPGQGDNEQFF_TCRBV14_TCRBJ02,5.303241664111119e-05
