combined,frequency
CASSLGHRDPNTGELFF_TCRBV05_TCRBJ02,4.740058498935912e-05
CASSLGHRDPNTGELFF_TCRBV05_TCRBJ02,1.763742697278479e-06
CASSLGHRDPNTGELFF_TCRBV05_TCRBJ02,4.4093567431961963e-07
CASSLEGQGFGYTF_TCRBV05_TCRBJ01,4.4093567431961963e-07
CATSDGDTQYF_TCRBV24_TCRBJ02,3.747953231716768e-06
CATSDGDTQYF_TCRBV24_TCRBJ02,3.086549720237338e-06
CASSIGPLEHNEQFF_TCRBV19_TCRBJ02,3.086549720237338e-06
CASSRSGLAGNTGELFF_TCRBV06_TCRBJ02,4.4093567431961963e-07
CSASGQGAEAFF_TCRBV20_TCRBJ01,8.818713486392395e-07
CASSYSTAGELFF_TCRBV06_TCRBJ02,4.850292417515817e-06
CATSDGETQYF_TCRBV24_TCRBJ02,4.850292417515817e-06
CATSDGETQYF_TCRBV24_TCRBJ02,3.527485394556958e-06
CATSDGETQYF_TCRBV24_TCRBJ02,2.2046783715980987e-06
CATSDGETQYF_TCRBV24_TCRBJ02,1.3228070229588592e-06
CATSDGETQYF_TCRBV24_TCRBJ02,4.4093567431961963e-07
CASSGQGAYEQYF_TCRBV09_TCRBJ02,2.2046783715980987e-06
CASSGQGAYEQYF_TCRBV09_TCRBJ02,1.543274860118669e-06
CASSGQGAYEQYF_TCRBV09_TCRBJ02,1.3228070229588592e-06
CASSGQGAYEQYF_TCRBV09_TCRBJ02,8.818713486392395e-07
CASSGQGAYEQYF_TCRBV09_TCRBJ02,6.614035114794296e-07
CASSESPGNTEAFF_TCRBV10_TCRBJ01,1.3228070229588592e-06
CASSAGQGVTYEQYF_TCRBV09_TCRBJ02,1.3228070229588591e-05
CASSAGQGVTYEQYF_TCRBV09_TCRBJ02,2.2046783715980987e-06
CASSAGQGVTYEQYF_TCRBV09_TCRBJ02,8.818713486392395e-07
CAISESGTGGGYTF_TCRBV10_TCRBJ01,4.4093567431961963e-07
CASSPGTGTYGYTF_TCRBV10_TCRBJ01,1.763742697278479e-05
CASSLNRGQETQYF_TCRBV14_TCRBJ02,2.2046783715980987e-06
