combined,frequency
CASSSDRVGQETQYF_TCRBV05_TCRBJ02,0.0001415554016861
CASSSDRVGQETQYF_TCRBV05_TCRBJ02,1.5868310153426407e-05
CASSSDRVGQETQYF_TCRBV05_TCRBJ02,1.0075117557731052e-06
CASSSDRVGQETQYF_TCRBV05_TCRBJ02,5.037558778865526e-07
CASSRTSGGAEDTQYF_TCRBV04_TCRBJ02,2.2669014504894866e-06
CASSRTSGGAEDTQYF_TCRBV04_TCRBJ02,1.7631455726029342e-06
CASSPDRVGQETQYF_TCRBV05_TCRBJ02,2.6573122558515648e-05
CASSPDRVGQETQYF_TCRBV05_TCRBJ02,4.2819249620356975e-06
CASSPDRVGQETQYF_TCRBV05_TCRBJ02,2.518779389432763e-07
CATSDGDTQYF_TCRBV24_TCRBJ02,1.0075117557731052e-06
CASSESGHRNQPQHF_TCRBV10_TCRBJ01,7.934155076713204e-06
CASSESGHRNQPQHF_TCRBV10_TCRBJ01,2.518779389432763e-06
CASSESGHRNQPQHF_TCRBV10_TCRBJ01,2.3928404199611253e-06
CASSESGHRNQPQHF_TCRBV10_TCRBJ01,1.1334507252447435e-06
CASSESGHRNQPQHF_TCRBV10_TCRBJ01,8.815727863014671e-07
CASSLAPGATNEKLFF_TCRBV07_TCRBJ01,0.0003887735987589
CASSLAPGATNEKLFF_TCRBV07_TCRBJ01,8.299378088180956e-05
CASSLAPGATNEKLFF_TCRBV07_TCRBJ01,2.1787441718593404e-05
CASSLAPGATNEKLFF_TCRBV07_TCRBJ01,1.3853286641880198e-06
CASSLAPGATNEKLFF_TCRBV07_TCRBJ01,1.2593896947163816e-06
CASSLAPGATNEKLFF_TCRBV07_TCRBJ01,7.55633816829829e-07
CASSLAPGATNEKLFF_TCRBV07_TCRBJ01,5.037558778865526e-07
CASSLAPGATNEKLFF_TCRBV07_TCRBJ01,5.037558778865526e-07
CASSLAPGATNEKLFF_TCRBV07_TCRBJ01,5.037558778865526e-07
CASSLAPGATNEKLFF_TCRBV07_TCRBJ01,2.518779389432763e-07
CASSPRQGATDTQYF_TCRBV11_TCRBJ02,3.778169084149145e-07
CASSMGQHSNQPQHF_TCRBV19_TCRBJ01,3.5262911452058684e-06
CASSQTGGRNQPQHF_TCRBV12_TCRBJ01,4.911619809393889e-06
CATSRGTVSYEQYF_TCRBV15_TCRBJ02,2.518779389432763e-06
CASSAGQGVTYEQYF_TCRBV09_TCRBJ02,4.533802900978973e-06
CASSAGQGVTYEQYF_TCRBV09_TCRBJ02,7.55633816829829e-07
CASSLTGGRNQPQHF_TCRBV12_TCRBJ01,1.2719835916635456e-05
CASSLTGGRNQPQHF_TCRBV12_TCRBJ01,8.815727863014673e-06
CASSLTGGRNQPQHF_TCRBV12_TCRBJ01,2.77065732837604e-06
CASSLTGGRNQPQHF_TCRBV12_TCRBJ01,2.518779389432763e-07
CASSPSTGTEAFF_TCRBV05_TCRBJ01,0.0001651059889773
CASSPSTGTEAFF_TCRBV05_TCRBJ01,1.1334507252447435e-06
CASSPSTGTEAFF_TCRBV05_TCRBJ01,7.55633816829829e-07
CASSPSTGTEAFF_TCRBV05_TCRBJ01,5.037558778865526e-07
CASSPSTGTEAFF_TCRBV05_TCRBJ01,5.037558778865526e-07
CASSPSTGTEAFF_TCRBV05_TCRBJ01,2.518779389432763e-07
CASSPGDEQFF_TCRBV25_TCRBJ02,2.6447183589044014e-06
CASSPGTGTYGYTF_TCRBV10_TCRBJ01,0.0001152341570665
