combined,frequency
CASSSANYGYTF_TCRBV12_TCRBJ01,5.945463881306921e-05
CASSRSGLAGNTGELFF_TCRBV06_TCRBJ02,5.404967164824474e-06
CASSSRGTGELFF_TCRBV28_TCRBJ02,2.161986865929789e-05
CASSLIGVSSYNEQFF_TCRBV07_TCRBJ02,5.404967164824474e-06
CAWSVSDLAKNIQYF_TCRBV30_TCRBJ02,5.4049671648244736e-05
CASSLVIGGDTEAFF_TCRBV05_TCRBJ01,1.0809934329648947e-05
CASSMGQHSNQPQHF_TCRBV19_TCRBJ01,5.404967164824474e-06
CASSSDSGGTDTQYF_TCRBV07_TCRBJ02,5.404967164824474e-06
CASSSGLAGGPYEQYF_TCRBV05_TCRBJ02,5.404967164824474e-06
CASSFHGFNQPQHF_TCRBV05_TCRBJ01,1.6214901494473422e-05
CASSLEAEYEQYF_TCRBV07_TCRBJ02,5.404967164824474e-06
CASSLEAEYEQYF_TCRBV07_TCRBJ02,1.0809934329648947e-05
CASSPDSGGTDTQYF_TCRBV07_TCRBJ02,5.404967164824474e-06
CASSLVASGRETQYF_TCRBV05_TCRBJ02,1.0809934329648947e-05
CASSLVAGGRETQYF_TCRBV05_TCRBJ02,5.404967164824474e-06
