combined,frequency
CASSSANYGYTF_TCRBV12_TCRBJ01,9.66314284057747e-07
CASSEIPNTEAFF_TCRBV06_TCRBJ01,9.66314284057747e-07
CATSRDSQGSYGYTF_TCRBV15_TCRBJ01,1.4494714260866204e-05
CATSDGETQYF_TCRBV24_TCRBJ02,9.66314284057747e-07
CASSLDGGGTEAFF_TCRBV12_TCRBJ01,9.66314284057747e-07
CASSSDSGGTDTQYF_TCRBV07_TCRBJ02,1.932628568115494e-06
CASSAGQGVTYEQYF_TCRBV09_TCRBJ02,9.66314284057747e-07
CASSPQGAYEQYF_TCRBV09_TCRBJ02,6.764199988404229e-06
CASSYRTRQETQYF_TCRBV06_TCRBJ02,3.0922057089847904e-05
CASSYRTRQETQYF_TCRBV06_TCRBJ02,4.831571420288736e-06
CASSYRTRQETQYF_TCRBV06_TCRBJ02,9.66314284057747e-07
CASSYRTRQETQYF_TCRBV06_TCRBJ02,1.932628568115494e-06
CATSRDTQGSYGYTF_TCRBV15_TCRBJ01,3.865257136230989e-05
CATSRDTQGSYGYTF_TCRBV15_TCRBJ01,2.319154281738593e-05
CATSRDTQGSYGYTF_TCRBV15_TCRBJ01,9.66314284057747e-07
CASSFPTSGQETQYF_TCRBV07_TCRBJ02,9.66314284057747e-07
CASSFPTSGQETQYF_TCRBV07_TCRBJ02,1.932628568115494e-06
CASSLVAGGRETQYF_TCRBV05_TCRBJ02,9.66314284057747e-07
