combined,frequency
CASSFGGAGDTQYF_TCRBV12_TCRBJ02,1.2035982774101456e-05
CASSSRGTGELFF_TCRBV28_TCRBJ02,6.419190812854109e-06
CASSSRGTGELFF_TCRBV28_TCRBJ02,2.005997129016909e-06
CASSEIPNTEAFF_TCRBV06_TCRBJ01,2.407196554820291e-06
CASNRDRGRYEQYF_TCRBV06_TCRBJ02,2.8083959806236724e-06
CATSRGTVSYEQYF_TCRBV15_TCRBJ02,4.814393109640582e-06
CSARGAGGNYGYTF_TCRBV20_TCRBJ01,1.6047977032135272e-06
CASSAGQGVTYEQYF_TCRBV09_TCRBJ02,1.6047977032135272e-06
CASSLGGAGDTQYF_TCRBV12_TCRBJ02,1.6449176457938652e-05
CASSLGGAGDTQYF_TCRBV12_TCRBJ02,2.407196554820291e-06
CASSFPTSGQETQYF_TCRBV07_TCRBJ02,3.610794832230436e-06
CASSFPTSGQETQYF_TCRBV07_TCRBJ02,3.2095954064270543e-06
CASSEARGGVEKLFF_TCRBV06_TCRBJ01,1.0832384496691309e-05
