combined,frequency
CASSLRREKLFF_TCRBV05_TCRBJ01,3.209854804510672e-06
CASSEARGGVEKLFF_TCRBV06_TCRBJ01,7.948211896883568e-06
CASSSGLAGGPYEQYF_TCRBV05_TCRBJ02,6.114009151448898e-07
CASSSGLAGGPYEQYF_TCRBV05_TCRBJ02,1.681352516648447e-06
CSARGAGGNYGYTF_TCRBV20_TCRBJ01,2.9041543469382265e-06
CASSLEAEYEQYF_TCRBV07_TCRBJ02,6.114009151448898e-07
CASSLEAEYEQYF_TCRBV07_TCRBJ02,9.171013727173348e-07
CASSLGGAGDTQYF_TCRBV12_TCRBJ02,1.987052974220892e-06
CASSLGGAGDTQYF_TCRBV12_TCRBJ02,2.7513041181520044e-06
CASSRGRQETQYF_TCRBV07_TCRBJ02,1.8342027454346688e-06
CASSLVAGGRETQYF_TCRBV05_TCRBJ02,1.069951601503557e-06
CASSLVAGGRETQYF_TCRBV05_TCRBJ02,2.7513041181520044e-06
