combined,frequency
CASSQRTSGAYNEQFF_TCRBV04_TCRBJ02,7.392474079839674e-06
CASSPDRVGQETQYF_TCRBV05_TCRBJ02,4.650104663124956e-06
CASSRDRATNEKLFF_TCRBV06_TCRBJ01,1.8361951746698544e-05
CASSSANYGYTF_TCRBV12_TCRBJ01,3.195456537737149e-05
CASSSANYGYTF_TCRBV12_TCRBJ01,4.292404304423036e-06
CASSTTGGDGYTF_TCRBV19_TCRBJ01,4.530871210224316e-06
CASSLVIGGDTEAFF_TCRBV05_TCRBJ01,5.723205739230715e-06
CASSLGLKGTQYF_TCRBV12_TCRBJ02,3.219303228317277e-06
CASSPSTGTEAFF_TCRBV05_TCRBJ01,2.8973729054855493e-05
CASSPSTGTEAFF_TCRBV05_TCRBJ01,2.3846690580127976e-07
CASSLRGQSTDTQYF_TCRBV27_TCRBJ02,6.6770733624358354e-06
