combined,frequency
CASSRDRATNEKLFF_TCRBV06_TCRBJ01,2.8534268800801693e-06
CASSYSTVGETQYF_TCRBV06_TCRBJ02,3.804569173440226e-07
CASSQTNTGELFF_TCRBV03_TCRBJ02,1.3315992107040792e-06
CASSQTNTGELFF_TCRBV03_TCRBJ02,7.609138346880453e-07
CASSLDGGGTEAFF_TCRBV12_TCRBJ01,4.565483008128272e-06
CASSLTGGRNQPQHF_TCRBV12_TCRBJ01,3.043655338752181e-06
