combined,frequency
CASSLVGGSEQYF_TCRBV05_TCRBJ02,4.92044562015759e-06
CSAPGRLNTEAFF_TCRBV20_TCRBJ01,1.2301114050393977e-06
CASSLSRGEQYF_TCRBV27_TCRBJ02,3.0752785125984936e-06
CASSLSRGEQYF_TCRBV27_TCRBJ02,2.460222810078795e-06
