combined,frequency
CASSLGHRDSSYEQYF_TCRBV05_TCRBJ02,9.623317865265057e-06
CASSQNRGQETQYF_TCRBV14_TCRBJ02,2.971906987802445e-06
CASSQNRGQETQYF_TCRBV14_TCRBJ02,2.8303876074309e-07
CASSQNRGQETQYF_TCRBV14_TCRBJ02,2.8303876074309e-07
CASSSDSGGTDTQYF_TCRBV07_TCRBJ02,4.24558141114635e-07
CASSAQGAYEQYF_TCRBV09_TCRBJ02,7.075969018577248e-07
CASSLVAGGRETQYF_TCRBV05_TCRBJ02,9.90635662600815e-07
CASSPPSGLTDTQYF_TCRBV28_TCRBJ02,6.226852736347979e-06
CASSPPSGLTDTQYF_TCRBV28_TCRBJ02,3.96254265040326e-06
CASSPPSGLTDTQYF_TCRBV28_TCRBJ02,2.8303876074309e-06
CASSPPSGLTDTQYF_TCRBV28_TCRBJ02,2.1227907055731752e-06
CASSPPSGLTDTQYF_TCRBV28_TCRBJ02,1.5567131840869948e-06
CASSLGLANEQFF_TCRBV06_TCRBJ02,1.1321550429723598e-06
CASSLGARETQYF_TCRBV11_TCRBJ02,8.491162822292699e-07
CASSRDRATNEKLFF_TCRBV06_TCRBJ01,2.4058294663162646e-06
CASSISAGEAFF_TCRBV19_TCRBJ01,2.4624372184648823e-05
CASSSGLAGGPYEQYF_TCRBV05_TCRBJ02,1.69823256445854e-06
CASSPQGAYEQYF_TCRBV09_TCRBJ02,1.41519380371545e-06
CASSPQGAYEQYF_TCRBV09_TCRBJ02,2.8303876074309e-07
CASSLTGGRNQPQHF_TCRBV12_TCRBJ01,1.98127132520163e-06
CASSLGPAGLSTDTQYF_TCRBV07_TCRBJ02,9.90635662600815e-07
CASSLGPAGLSTDTQYF_TCRBV07_TCRBJ02,8.491162822292699e-07
CASSRGRQETQYF_TCRBV07_TCRBJ02,7.075969018577248e-07
CASSQRTSGAYNEQFF_TCRBV04_TCRBJ02,1.98127132520163e-06
CASSLVGGSEQYF_TCRBV05_TCRBJ02,4.811658932632528e-06
CASSPRQGATDTQYF_TCRBV11_TCRBJ02,6.651410877462614e-06
CASSLPSGLTDTQYF_TCRBV28_TCRBJ02,6.934449638205704e-06
CASSLPSGLTDTQYF_TCRBV28_TCRBJ02,4.953178313004074e-06
CASSLPSGLTDTQYF_TCRBV28_TCRBJ02,4.528620171889439e-06
CASSLPSGLTDTQYF_TCRBV28_TCRBJ02,1.273674423343905e-06
CASSLPSGLTDTQYF_TCRBV28_TCRBJ02,5.660775214861799e-07
