combined,frequency
CASSRTSGGAEDTQYF_TCRBV04_TCRBJ02,3.678155000670113e-06
CASSLRREKLFF_TCRBV05_TCRBJ01,3.448270313128232e-06
CASSTTGGDGYTF_TCRBV19_TCRBJ01,6.896540626256463e-07
CASSPPGQGSDTQYF_TCRBV18_TCRBJ02,9.195387501675284e-07
CASSPPGQGSDTQYF_TCRBV18_TCRBJ02,1.1494234377094106e-06
CASSPGQEAGANVLTF_TCRBV05_TCRBJ02,1.3793081252512929e-06
CATSDGETQYF_TCRBV24_TCRBJ02,3.448270313128232e-06
CASSMGQHSNQPQHF_TCRBV19_TCRBJ01,1.2413773127261634e-05
CASSLVIGGDTEAFF_TCRBV05_TCRBJ01,9.195387501675284e-07
CSALGHSNQPQHF_TCRBV20_TCRBJ01,2.2988468754188207e-06
CATSDSVTNTGELFF_TCRBV24_TCRBJ02,3.218385625586349e-06
CASSQVPGQGDNEQFF_TCRBV14_TCRBJ02,1.6551697503015508e-05
