combined,frequency
CASSRNRGYEQYF_TCRBV12_TCRBJ02,3.833566478067974e-06
CASSRNRGYEQYF_TCRBV12_TCRBJ02,2.5557109853786504e-07
CASSLGHRDPNTGELFF_TCRBV05_TCRBJ02,2.939067633185447e-06
CATSDGDTQYF_TCRBV24_TCRBJ02,1.916783239033987e-06
CASSLRREKLFF_TCRBV05_TCRBJ01,4.728065322950502e-06
CASSQNRGQETQYF_TCRBV14_TCRBJ02,3.450209830261177e-06
CATSDGETQYF_TCRBV24_TCRBJ02,7.539347406867016e-06
CATSDGETQYF_TCRBV24_TCRBJ02,4.4724942244126365e-06
CASSGQGAYEQYF_TCRBV09_TCRBJ02,3.833566478067974e-06
CASSLGLANEQFF_TCRBV06_TCRBJ02,5.366993069295165e-06
CATSDGDEQFF_TCRBV24_TCRBJ02,5.188093300318659e-05
