combined,frequency
CASSLGARETQYF_TCRBV11_TCRBJ02,5.562091012495238e-07
CASSLGHRDPNTGELFF_TCRBV05_TCRBJ02,7.41612134999365e-07
CASSQRTSGAYNEQFF_TCRBV04_TCRBJ02,5.562091012495239e-06
CASSPRGTYEQYF_TCRBV19_TCRBJ02,1.6686273037485711e-06
CASSSANYGYTF_TCRBV12_TCRBJ01,0.0001442435602573
CASSLRREKLFF_TCRBV05_TCRBJ01,6.859912248744128e-06
CASSLRREKLFF_TCRBV05_TCRBJ01,6.118300113744762e-06
CASSSRGTGELFF_TCRBV28_TCRBJ02,9.270151687492062e-07
CASSLAPGATNEKLFF_TCRBV07_TCRBJ01,1.48322426999873e-05
CASSLAPGATNEKLFF_TCRBV07_TCRBJ01,4.635075843746032e-06
CASRSDSGANVLTF_TCRBV06_TCRBJ02,1.7613288206234918e-05
CASSQNRGQETQYF_TCRBV14_TCRBJ02,7.4161213499936496e-06
CASSQNRGQETQYF_TCRBV14_TCRBJ02,1.8540303374984124e-06
CASSQNRGQETQYF_TCRBV14_TCRBJ02,7.41612134999365e-07
CSVRDNHNQPQHF_TCRBV29_TCRBJ01,1.8540303374984124e-06
CASSGQGAYEQYF_TCRBV09_TCRBJ02,1.1124182024990476e-06
CASSGQGAYEQYF_TCRBV09_TCRBJ02,3.708060674996825e-07
CATSREGSGYEQYF_TCRBV15_TCRBJ02,1.2978212362488888e-06
CASSLPSGLTDTQYF_TCRBV28_TCRBJ02,3.7080606749968248e-06
CASSLPSGLTDTQYF_TCRBV28_TCRBJ02,1.48322426999873e-06
CASSPQGAYEQYF_TCRBV09_TCRBJ02,1.2978212362488888e-06
CASSSPGRSGANVLTF_TCRBV28_TCRBJ02,1.316361539623873e-05
CASSSPGRSGANVLTF_TCRBV28_TCRBJ02,4.264269776246349e-06
CASSSPGRSGANVLTF_TCRBV28_TCRBJ02,1.1124182024990476e-06
CASSFPTSGQETQYF_TCRBV07_TCRBJ02,3.893463708746666e-06
