combined,frequency
CATSDGDTQYF_TCRBV24_TCRBJ02,5.1081018715419e-06
CSVEEDEGIYGYTF_TCRBV29_TCRBJ01,2.4430052429113426e-06
CSVEEDEGIYGYTF_TCRBV29_TCRBJ01,1.7767310857537038e-06
CASSLVIGGDTEAFF_TCRBV05_TCRBJ01,3.775553557226621e-06
CATSRGTVSYEQYF_TCRBV15_TCRBJ02,1.110456928596065e-06
CSARGAGGNYGYTF_TCRBV20_TCRBJ01,1.7767310857537038e-06
CASSPDSGGTDTQYF_TCRBV07_TCRBJ02,4.886010485822685e-06
CASSLVASGRETQYF_TCRBV05_TCRBJ02,4.4418277143842594e-07
