combined,frequency
CASSPQRNTEAFF_TCRBV04_TCRBJ01,0.0034382468019418
CASSPQRNTEAFF_TCRBV04_TCRBJ01,0.000622354991287
CASSPQRNTEAFF_TCRBV04_TCRBJ01,1.616006777994143e-05
CASSPQRNTEAFF_TCRBV04_TCRBJ01,2.6933446299902384e-06
CSVEEDEGIYGYTF_TCRBV29_TCRBJ01,1.7314358335651534e-06
CSVEEDEGIYGYTF_TCRBV29_TCRBJ01,9.619087964250852e-07
CSVEEDEGIYGYTF_TCRBV29_TCRBJ01,3.847635185700341e-07
CASSLEAEYEQYF_TCRBV07_TCRBJ02,7.118125093545632e-06
CASSPGDEQFF_TCRBV25_TCRBJ02,1.7314358335651534e-06
CATSDSVTNTGELFF_TCRBV24_TCRBJ02,3.539824370844314e-05
CASSLVAGGRETQYF_TCRBV05_TCRBJ02,8.464797408540749e-06
CASSLVAGGRETQYF_TCRBV05_TCRBJ02,3.847635185700341e-07
CASSEIPNTEAFF_TCRBV06_TCRBJ01,2.308581111420205e-05
CASSEIPNTEAFF_TCRBV06_TCRBJ01,2.1161993521351875e-05
CASSEIPNTEAFF_TCRBV06_TCRBJ01,7.695270371400681e-06
CASSEIPNTEAFF_TCRBV06_TCRBJ01,4.0400169449853584e-06
CASSEIPNTEAFF_TCRBV06_TCRBJ01,1.3466723149951192e-06
CASSLIGVSSYNEQFF_TCRBV07_TCRBJ02,0.00038476351857
CASSLIGVSSYNEQFF_TCRBV07_TCRBJ02,8.349368352969741e-05
CASSYGGLGSYEQYF_TCRBV06_TCRBJ02,1.1542905557101025e-06
CASSEARGGVEKLFF_TCRBV06_TCRBJ01,1.3081959631381156e-05
CASSEARGGVEKLFF_TCRBV06_TCRBJ01,6.540979815690578e-06
CASSEARGGVEKLFF_TCRBV06_TCRBJ01,7.695270371400682e-07
CASSSDRVGQETQYF_TCRBV05_TCRBJ02,5.771452778550512e-06
CASSSDRVGQETQYF_TCRBV05_TCRBJ02,5.771452778550511e-07
CASSPGDEQYF_TCRBV25_TCRBJ02,1.4621013705661297e-05
CSVRDNFNQPQHF_TCRBV29_TCRBJ01,2.885726389275256e-06
CASSRGRQETQYF_TCRBV07_TCRBJ02,1.173528731638604e-05
CASSQRTSGAYNEQFF_TCRBV04_TCRBJ02,5.001925741410443e-06
CASSGDRLYEQYF_TCRBV02_TCRBJ02,2.6933446299902384e-06
CASSLEGQGHNEQFF_TCRBV05_TCRBJ02,2.885726389275256e-06
CASSFHGFNQPQHF_TCRBV05_TCRBJ01,2.0200084724926788e-05
CASSFHGFNQPQHF_TCRBV05_TCRBJ01,7.502888612115663e-06
CASSFPTSGQETQYF_TCRBV07_TCRBJ02,2.654868278133235e-05
