combined,frequency
CASSLGHRDSSYEQYF_TCRBV05_TCRBJ02,8.71644320692473e-05
CASSPQRNTEAFF_TCRBV04_TCRBJ01,0.0001618191539804
CASSLRREKLFF_TCRBV05_TCRBJ01,4.8021145445557534e-05
CASSGQGAYEQYF_TCRBV09_TCRBJ02,2.017695186788132e-06
CASSLFGTGGNTEAFF_TCRBV05_TCRBJ01,0.0118757503303975
CASSLFGTGGNTEAFF_TCRBV05_TCRBJ01,9.684936896583032e-06
CASSLFGTGGNTEAFF_TCRBV05_TCRBJ01,8.474319784510154e-06
CASSLFGTGGNTEAFF_TCRBV05_TCRBJ01,6.053085560364396e-06
CASSLFGTGGNTEAFF_TCRBV05_TCRBJ01,5.6495465230067705e-06
CASSLFGTGGNTEAFF_TCRBV05_TCRBJ01,5.246007485649143e-06
CASSLFGTGGNTEAFF_TCRBV05_TCRBJ01,4.842468448291516e-06
CASSLFGTGGNTEAFF_TCRBV05_TCRBJ01,3.228312298861011e-06
CASSLFGTGGNTEAFF_TCRBV05_TCRBJ01,2.421234224145758e-06
CASSLFGTGGNTEAFF_TCRBV05_TCRBJ01,1.6141561494305056e-06
CASSLFGTGGNTEAFF_TCRBV05_TCRBJ01,1.6141561494305056e-06
CASSLFGTGGNTEAFF_TCRBV05_TCRBJ01,1.6141561494305056e-06
CASSIWGLDTEAFF_TCRBV19_TCRBJ01,8.070780747152528e-07
CASSPQGAYEQYF_TCRBV09_TCRBJ02,2.8247732615033853e-06
CASSAQGAYEQYF_TCRBV09_TCRBJ02,4.43892941093389e-06
CASSFGGAGDTQYF_TCRBV12_TCRBJ02,7.667241709794901e-06
CASSPGDEQFF_TCRBV25_TCRBJ02,7.667241709794901e-06
CASSLGPAGLSTDTQYF_TCRBV07_TCRBJ02,6.053085560364396e-06
CASSLVAGGRETQYF_TCRBV05_TCRBJ02,6.8601636350796485e-06
