combined,frequency
CASSLVGGSEQYF_TCRBV05_TCRBJ02,6.302510507262991e-06
CASSSGLAGGPYEQYF_TCRBV05_TCRBJ02,4.563886919052512e-06
CASSLGQGIEAFF_TCRBV05_TCRBJ01,3.585911150684116e-06
CSAPGRLNTEAFF_TCRBV20_TCRBJ01,3.2599192278946517e-06
CASSIWGLDTEAFF_TCRBV19_TCRBJ01,1.1953037168947052e-06
CASSFGGAGDTQYF_TCRBV12_TCRBJ02,5.433198713157751e-07
CASSLVAGGRETQYF_TCRBV05_TCRBJ02,2.173279485263101e-07
