combined,frequency
CASSLSRGEQYF_TCRBV27_TCRBJ02,1.3395308962801228e-06
CASSQVGGELFF_TCRBV04_TCRBJ02,2.6790617925602456e-06
CASSYSTAGELFF_TCRBV06_TCRBJ02,1.3395308962801228e-06
CASSPLGEQYF_TCRBV18_TCRBJ02,1.3395308962801228e-06
CASSQGTSGGYEQYF_TCRBV03_TCRBJ02,2.6790617925602456e-06
CATSRGTVSYEQYF_TCRBV15_TCRBJ02,1.3395308962801228e-06
CASSRGRQETQYF_TCRBV07_TCRBJ02,1.3395308962801228e-06
