combined,frequency
CASSQDLRGGNQPQHF_TCRBV04_TCRBJ01,5.496474561216436e-05
CASSGDRLYEQYF_TCRBV02_TCRBJ02,5.496474561216436e-06
CASSLAPGATNEKLFF_TCRBV07_TCRBJ01,0.0007310311166417
CSVRDNHNQPQHF_TCRBV29_TCRBJ01,4.397179648973148e-06
CSVRDNHNQPQHF_TCRBV29_TCRBJ01,4.397179648973148e-06
CSVRDNHNQPQHF_TCRBV29_TCRBJ01,4.397179648973148e-06
CSVRDNHNQPQHF_TCRBV29_TCRBJ01,4.397179648973148e-06
CSVRDNHNQPQHF_TCRBV29_TCRBJ01,4.397179648973148e-06
CSVRDNHNQPQHF_TCRBV29_TCRBJ01,4.397179648973148e-06
CSVRDNHNQPQHF_TCRBV29_TCRBJ01,4.397179648973148e-06
CSVRDNHNQPQHF_TCRBV29_TCRBJ01,0.0001747878910466
CSVEVRGTDTQYF_TCRBV29_TCRBJ02,9.893654210189583e-06
CASSIEGNQPQHF_TCRBV28_TCRBJ01,0.00011762455561
CSVRDNYNQPQHF_TCRBV29_TCRBJ01,7.69506438570301e-06
