combined,frequency
CASSLATPYEQYF_TCRBV07_TCRBJ02,4.511780258254302e-06
CSASGQGAEAFF_TCRBV20_TCRBJ01,2.255890129127151e-06
CASSPPGQGSDTQYF_TCRBV18_TCRBJ02,4.511780258254302e-06
CASSSDSGGTDTQYF_TCRBV07_TCRBJ02,6.203697855099665e-06
CASSAGQGVTYEQYF_TCRBV09_TCRBJ02,2.255890129127151e-06
CASSLEAEYEQYF_TCRBV07_TCRBJ02,5.639725322817877e-06
CASSLVASGRETQYF_TCRBV05_TCRBJ02,2.255890129127151e-06
CASSLVASGRETQYF_TCRBV05_TCRBJ02,3.383835193690726e-06
CASSQVPGQGDNEQFF_TCRBV14_TCRBJ02,9.023560516508604e-06
