combined,frequency
CASSHRDRNYEQYF_TCRBV07_TCRBJ02,5.7302709376286046e-05
CASSHRDRNYEQYF_TCRBV07_TCRBJ02,2.8651354688143023e-05
CASSLEGQGHNEQFF_TCRBV05_TCRBJ02,2.6046686080130027e-06
CATSDGETQYF_TCRBV24_TCRBJ02,5.2093372160260045e-06
CSARGAGGNYGYTF_TCRBV20_TCRBJ01,2.6046686080130027e-06
CASSYRTRQETQYF_TCRBV06_TCRBJ02,2.6046686080130027e-06
CASSFPTSGQETQYF_TCRBV07_TCRBJ02,5.2093372160260045e-06
