combined,frequency
CASSQVGGELFF_TCRBV04_TCRBJ02,3.0693237461300945e-06
CATSDGETQYF_TCRBV24_TCRBJ02,6.650201449948537e-06
CASSPDNSGNTIYF_TCRBV18_TCRBJ01,1.0742633111455327e-05
CASSYSTVGETQYF_TCRBV06_TCRBJ02,1.023107915376698e-06
