combined,frequency
CASSPDNSGNTIYF_TCRBV18_TCRBJ01,1.6345317720285846e-06
CSASPGQGASYGYTF_TCRBV20_TCRBJ01,5.666376809699093e-06
CSASPGQGASYGYTF_TCRBV20_TCRBJ01,4.794626531283849e-06
CSASPGQGASYGYTF_TCRBV20_TCRBJ01,4.358751392076226e-07
CASSLIGVSSYNEQFF_TCRBV07_TCRBJ02,3.040229095973168e-05
CASSLPSGLTDTQYF_TCRBV28_TCRBJ02,5.448439240095281e-07
CASSPGDEQFF_TCRBV25_TCRBJ02,6.102251948906716e-06
CASSPGDEQFF_TCRBV25_TCRBJ02,3.487001113660981e-06
CASSTTGGDGYTF_TCRBV19_TCRBJ01,8.717502784152452e-07
CASSFPTSGQETQYF_TCRBV07_TCRBJ02,7.627814936133395e-07
