combined,frequency
CSVRDNYNQPQHF_TCRBV29_TCRBJ01,3.2985215175327057e-05
CSVRDNYNQPQHF_TCRBV29_TCRBJ01,4.610836529884428e-06
CASSESGHRNQPQHF_TCRBV10_TCRBJ01,5.320195996020494e-06
CSVEEDEGIYGYTF_TCRBV29_TCRBJ01,9.753692659370905e-06
CSVRDNHNQPQHF_TCRBV29_TCRBJ01,3.546797330680329e-07
CASSIEGNQPQHF_TCRBV28_TCRBJ01,1.0640391992040984e-06
CASSMGQHSNQPQHF_TCRBV19_TCRBJ01,0.0002255763102312
CASSQTNTGELFF_TCRBV03_TCRBJ02,1.5960587988061482e-06
CASSYGGLGSYEQYF_TCRBV06_TCRBJ02,1.1172411591643035e-05
CASSYGGLGSYEQYF_TCRBV06_TCRBJ02,3.901477063748362e-06
CASSFHGFNQPQHF_TCRBV05_TCRBJ01,5.320195996020494e-06
CSAPGRLNTEAFF_TCRBV20_TCRBJ01,3.724137197214345e-06
CSAPGRLNTEAFF_TCRBV20_TCRBJ01,3.369457464146312e-06
CASSLEAEYEQYF_TCRBV07_TCRBJ02,2.0748764384479925e-05
CASSYRTRQETQYF_TCRBV06_TCRBJ02,7.625614260962707e-06
CASSYRTRQETQYF_TCRBV06_TCRBJ02,7.093594661360655e-07
CASSYRTRQETQYF_TCRBV06_TCRBJ02,3.546797330680329e-07
CASSLVAGGRETQYF_TCRBV05_TCRBJ02,1.0640391992040984e-06
CASSQVPGQGDNEQFF_TCRBV14_TCRBJ02,0.0002851625053866
