combined,frequency
CASSLVGGSEQYF_TCRBV05_TCRBJ02,1.5070530080778042e-05
CATSRGTVSYEQYF_TCRBV15_TCRBJ02,5.023510026926014e-06
CASSQTNTGELFF_TCRBV03_TCRBJ02,2.009404010770405e-05
CASSQTNTGELFF_TCRBV03_TCRBJ02,5.023510026926014e-06
CASSQTNTGELFF_TCRBV03_TCRBJ02,5.023510026926014e-06
CASSLSRGEQYF_TCRBV27_TCRBJ02,5.023510026926014e-06
