combined,frequency
CASSSANYGYTF_TCRBV12_TCRBJ01,3.200899910146167e-06
CASSQDLRGGNQPQHF_TCRBV04_TCRBJ01,1.981509468185722e-06
CASSQTNTGELFF_TCRBV03_TCRBJ02,7.1639188465176135e-06
CASSLEQYGYTF_TCRBV05_TCRBJ01,1.981509468185722e-06
CASSLTGGRNQPQHF_TCRBV12_TCRBJ01,3.810595131126389e-06
CASSLVAGGRETQYF_TCRBV05_TCRBJ02,6.096952209802222e-07
