combined,frequency
CASSRSGLAGNTGELFF_TCRBV06_TCRBJ02,1.514041409284884e-06
CASSQNRGQETQYF_TCRBV14_TCRBJ02,2.523402348808141e-07
CASSLAPGATNEKLFF_TCRBV07_TCRBJ01,7.317866811543608e-06
CASSLGGPGDTQYF_TCRBV12_TCRBJ02,1.0093609395232564e-06
CASSRGRQETQYF_TCRBV07_TCRBJ02,2.144891996486919e-06
CASSSGLAGGPYEQYF_TCRBV05_TCRBJ02,6.30850587202035e-07
CASSQNRAQETQYF_TCRBV14_TCRBJ02,1.0093609395232564e-06
CASSSPGRSGANVLTF_TCRBV28_TCRBJ02,2.271062113927326e-06
CASSLNRGQETQYF_TCRBV14_TCRBJ02,6.813186341781979e-06
