combined,frequency
CASSLGARETQYF_TCRBV11_TCRBJ02,1.3224766814299144e-06
CASSLDAGGSYNEQFF_TCRBV05_TCRBJ02,1.983715022144872e-06
CASSLRREKLFF_TCRBV05_TCRBJ01,6.083392734577608e-06
CASSLAPGATNEKLFF_TCRBV07_TCRBJ01,3.1739440354317958e-06
CASSLAPGATNEKLFF_TCRBV07_TCRBJ01,2.644953362859829e-07
CASSLGGAGDTQYF_TCRBV12_TCRBJ02,2.5127056947168383e-06
