combined,frequency
CASSLGARETQYF_TCRBV11_TCRBJ02,1.4398329793743924e-06
CASSSANYGYTF_TCRBV12_TCRBJ01,1.4398329793743924e-06
CASSVGTLNTGELFF_TCRBV09_TCRBJ02,1.4398329793743924e-06
CASSPGQEAGANVLTF_TCRBV05_TCRBJ02,2.879665958748785e-06
CASSPGQEAGANVLTF_TCRBV05_TCRBJ02,1.4398329793743924e-06
CATSDGETQYF_TCRBV24_TCRBJ02,1.4398329793743924e-06
CATSDGETQYF_TCRBV24_TCRBJ02,1.4398329793743924e-06
CASSPRQGATDTQYF_TCRBV11_TCRBJ02,1.4398329793743924e-06
CASSLGLANEQFF_TCRBV06_TCRBJ02,1.4398329793743924e-06
CASSYGGLGSYEQYF_TCRBV06_TCRBJ02,1.4398329793743924e-06
CASSYGGLGSYEQYF_TCRBV06_TCRBJ02,1.4398329793743924e-06
CASSSGLAGGPYEQYF_TCRBV05_TCRBJ02,1.4398329793743924e-06
CASSFHGFNQPQHF_TCRBV05_TCRBJ01,1.4398329793743924e-06
CASSLGLKGTQYF_TCRBV12_TCRBJ02,1.4398329793743924e-06
CASSLVIGGDTEAFF_TCRBV05_TCRBJ01,5.75933191749757e-06
CATSDSVTNTGELFF_TCRBV24_TCRBJ02,1.4398329793743924e-06
CASSRGRQETQYF_TCRBV07_TCRBJ02,1.4398329793743924e-05
CSVRDNYNQPQHF_TCRBV29_TCRBJ01,1.5838162773118318e-05
