combined,frequency
CASSESGHRNQPQHF_TCRBV10_TCRBJ01,1.1040826215137025e-05
CASMGGASYEQYF_TCRBV27_TCRBJ02,2.1830724561748205e-05
CASSVGTLNTGELFF_TCRBV09_TCRBJ02,1.5055672111550483e-06
CASSPPSGLTDTQYF_TCRBV28_TCRBJ02,8.78247539840445e-06
CASSPPSGLTDTQYF_TCRBV28_TCRBJ02,4.516701633465145e-06
CASSLGLKGTQYF_TCRBV12_TCRBJ02,2.5092786852584144e-06
CASSLGLKGTQYF_TCRBV12_TCRBJ02,2.007422948206732e-06
CSVRDNFNQPQHF_TCRBV29_TCRBJ01,3.0111344223100966e-06
CAWSPLTPNTEAFF_TCRBV30_TCRBJ01,2.258350816732573e-06
