combined,frequency
CASSPRGTYEQYF_TCRBV19_TCRBJ02,2.0952453121941708e-06
CASSPQRNTEAFF_TCRBV04_TCRBJ01,1.7460377601618087e-05
CASSESGHRNQPQHF_TCRBV10_TCRBJ01,3.1428679682912564e-06
CASSESGHRNQPQHF_TCRBV10_TCRBJ01,2.6190566402427134e-06
CASMGGASYEQYF_TCRBV27_TCRBJ02,3.1428679682912564e-06
CASMGGASYEQYF_TCRBV27_TCRBJ02,1.7460377601618088e-06
CASSLAPGATNEKLFF_TCRBV07_TCRBJ01,1.0476226560970854e-06
CASSLAPGATNEKLFF_TCRBV07_TCRBJ01,8.730188800809044e-07
CASSLEGQGHNEQFF_TCRBV05_TCRBJ02,3.492075520323617e-06
CASSLIGVSSYNEQFF_TCRBV07_TCRBJ02,0.0005529701586432
CASSLIGVSSYNEQFF_TCRBV07_TCRBJ02,8.730188800809044e-07
CASSLGLKGTQYF_TCRBV12_TCRBJ02,2.793660416258894e-06
CASSLGLKGTQYF_TCRBV12_TCRBJ02,6.984151040647235e-07
CASSQTGGRNQPQHF_TCRBV12_TCRBJ01,3.4746151427219995e-05
CATSREGSGYEQYF_TCRBV15_TCRBJ02,2.2698490882103518e-06
CASSLGQGIEAFF_TCRBV05_TCRBJ01,1.2222264321132662e-06
CASSIWGLDTEAFF_TCRBV19_TCRBJ01,1.169845299308412e-05
CASSIWGLDTEAFF_TCRBV19_TCRBJ01,1.1523849217067938e-05
CSVRDNYNQPQHF_TCRBV29_TCRBJ01,9.603207680889953e-06
