combined,frequency
CASSQDLRGGNQPQHF_TCRBV04_TCRBJ01,3.5361950187978235e-05
CASSQDLRGGNQPQHF_TCRBV04_TCRBJ01,1.4144780075191292e-05
CASSQDLRGGNQPQHF_TCRBV04_TCRBJ01,1.1787316729326078e-05
CASSQDLRGGNQPQHF_TCRBV04_TCRBJ01,1.0608585056393473e-05
CASSQDLRGGNQPQHF_TCRBV04_TCRBJ01,1.0019219219927167e-05
CASSQDLRGGNQPQHF_TCRBV04_TCRBJ01,7.66175587406195e-06
CASSQDLRGGNQPQHF_TCRBV04_TCRBJ01,1.1787316729326078e-06
CASSQDLRGGNQPQHF_TCRBV04_TCRBJ01,1.7680975093989117e-06
CSASPGQGASYGYTF_TCRBV20_TCRBJ01,1.1787316729326078e-06
CSASPGQGASYGYTF_TCRBV20_TCRBJ01,2.357463345865216e-06
CASSLAPGATNEKLFF_TCRBV07_TCRBJ01,0.0002333888712406
CASSLAPGATNEKLFF_TCRBV07_TCRBJ01,2.357463345865216e-06
CAWSVSDLAKNIQYF_TCRBV30_TCRBJ02,5.716848613723148e-05
CASSVGTLNTGELFF_TCRBV09_TCRBJ02,8.251121710528255e-06
CASSSGQVQETQYF_TCRBV11_TCRBJ02,7.072390037595648e-06
CSALGHSNQPQHF_TCRBV20_TCRBJ01,4.714926691730431e-06
CSARGAGGNYGYTF_TCRBV20_TCRBJ01,5.893658364663039e-06
CSAPGRLNTEAFF_TCRBV20_TCRBJ01,1.1787316729326078e-06
CASSTTGGDGYTF_TCRBV19_TCRBJ01,1.0019219219927167e-05
CASSLVAGGRETQYF_TCRBV05_TCRBJ02,2.357463345865216e-06
