combined,frequency
CSASGQGAEAFF_TCRBV20_TCRBJ01,2.5351022939126617e-06
CASSPQDRVYGYTF_TCRBV27_TCRBJ01,9.126368258085584e-06
CASSLEGQQPQHF_TCRBV28_TCRBJ01,5.425118908973096e-05
CASSLDAGGSYNEQFF_TCRBV05_TCRBJ02,3.549143211477726e-06
CASSRSGLAGNTGELFF_TCRBV06_TCRBJ02,2.028081835130129e-06
CASSLAPGATNEKLFF_TCRBV07_TCRBJ01,2.028081835130129e-06
CASSLGGPGDTQYF_TCRBV12_TCRBJ02,0.0001865835288319
CASSIEGNQPQHF_TCRBV28_TCRBJ01,6.591265964172921e-06
CASSIEGNQPQHF_TCRBV28_TCRBJ01,1.521061376347597e-06
CASSTTGGDGYTF_TCRBV19_TCRBJ01,1.57176342222585e-05
CASSTTGGDGYTF_TCRBV19_TCRBJ01,4.563184129042791e-06
CASSTTGGDGYTF_TCRBV19_TCRBJ01,2.5351022939126617e-06
CASSPSTGTEAFF_TCRBV05_TCRBJ01,5.526523000729602e-05
CASSLGDRPDTQYF_TCRBV11_TCRBJ02,2.028081835130129e-06
CAWSVSDLAKNIQYF_TCRBV30_TCRBJ02,1.0140409175650646e-06
CSALGHSNQPQHF_TCRBV20_TCRBJ01,6.084245505390388e-06
CSARGAGGNYGYTF_TCRBV20_TCRBJ01,1.0140409175650646e-06
CASSFGGAGDTQYF_TCRBV12_TCRBJ02,0.0001161076850611
CASSFGGAGDTQYF_TCRBV12_TCRBJ02,1.5210613763475971e-05
CASSEAPSTSTDTQYF_TCRBV02_TCRBJ02,1.6224654681041034e-05
CASGRDTYEQYF_TCRBV02_TCRBJ02,4.563184129042791e-06
CASGRDTYEQYF_TCRBV02_TCRBJ02,3.549143211477726e-06
CASSSANYGYTF_TCRBV12_TCRBJ01,0.0001069813168031
CASSSANYGYTF_TCRBV12_TCRBJ01,1.4196572845910904e-05
CASSSANYGYTF_TCRBV12_TCRBJ01,1.0140409175650649e-05
CASSSANYGYTF_TCRBV12_TCRBJ01,8.61934779930305e-06
CASSSANYGYTF_TCRBV12_TCRBJ01,1.0140409175650646e-06
CSASPGQGASYGYTF_TCRBV20_TCRBJ01,1.0140409175650646e-06
CSASPGQGASYGYTF_TCRBV20_TCRBJ01,1.0140409175650646e-06
CASSLGGAGDTQYF_TCRBV12_TCRBJ02,2.028081835130129e-06
CASSLGGAGDTQYF_TCRBV12_TCRBJ02,1.0140409175650646e-06
