combined,frequency
CATSDGDTQYF_TCRBV24_TCRBJ02,1.3639494520333077e-06
CASSRDRATNEKLFF_TCRBV06_TCRBJ01,1.3639494520333077e-06
CASSISAGEAFF_TCRBV19_TCRBJ01,1.3639494520333077e-06
CASSPPGQGSDTQYF_TCRBV18_TCRBJ02,1.3639494520333077e-06
CASSQVGGELFF_TCRBV04_TCRBJ02,1.3639494520333077e-06
CASSYSTAGELFF_TCRBV06_TCRBJ02,1.3639494520333077e-06
CASSSGLAGGPYEQYF_TCRBV05_TCRBJ02,1.3639494520333077e-06
CSAPGRLNTEAFF_TCRBV20_TCRBJ01,1.3639494520333077e-06
