combined,frequency
CASGRDTYEQYF_TCRBV02_TCRBJ02,1.7926276395695066e-05
CASGRDTYEQYF_TCRBV02_TCRBJ02,6.274196738493272e-06
CASSESGDPSSYEQYF_TCRBV10_TCRBJ02,1.34447072967713e-06
CASSLGDRPDTQYF_TCRBV11_TCRBJ02,1.4042249843294467e-05
CASSPQRNTEAFF_TCRBV04_TCRBJ01,1.643242002938714e-06
CASSESGHRNQPQHF_TCRBV10_TCRBJ01,1.6133648756125562e-05
CASSSRGTGELFF_TCRBV28_TCRBJ02,5.676654191970103e-06
CASMGGASYEQYF_TCRBV27_TCRBJ02,1.971890403526457e-05
CASSPGDEQYF_TCRBV25_TCRBJ02,6.274196738493272e-06
CASSLIGVSSYNEQFF_TCRBV07_TCRBJ02,0.0008936248783253
CASSLIGVSSYNEQFF_TCRBV07_TCRBJ02,4.3321834622929744e-06
CASSLIGVSSYNEQFF_TCRBV07_TCRBJ02,5.975425465231688e-07
CSVEVRGTDTQYF_TCRBV29_TCRBJ02,7.469281831539609e-07
CASSLGLKGTQYF_TCRBV12_TCRBJ02,1.0456994564155454e-06
CASSPGDEQFF_TCRBV25_TCRBJ02,0.0001725404103085
CASSPGDEQFF_TCRBV25_TCRBJ02,2.987712732615844e-07
CASSFGGAGDTQYF_TCRBV12_TCRBJ02,2.539555822723468e-06
CASSEARTRAFF_TCRBV06_TCRBJ01,3.884026552400599e-06
CASSEARTRAFF_TCRBV06_TCRBJ01,7.469281831539609e-07
CASSEARGGVEKLFF_TCRBV06_TCRBJ01,1.0456994564155454e-06
CSVRDNYNQPQHF_TCRBV29_TCRBJ01,2.2407845494618832e-06
