combined,frequency
CASSRNRGYEQYF_TCRBV12_TCRBJ02,4.800108666289807e-06
CASSLATPYEQYF_TCRBV07_TCRBJ02,5.831621379684e-05
CASSLATPYEQYF_TCRBV07_TCRBJ02,4.085198864927495e-07
CASSQDLRGGNQPQHF_TCRBV04_TCRBJ01,5.106498581159369e-06
CASSPQRNTEAFF_TCRBV04_TCRBJ01,2.655379262202872e-06
CSASPGQGASYGYTF_TCRBV20_TCRBJ01,3.063899148695622e-07
CASSEIPNTEAFF_TCRBV06_TCRBJ01,8.17039772985499e-07
CATSDSPYGYTF_TCRBV24_TCRBJ01,4.28945880817387e-06
CASSGQGAYEQYF_TCRBV09_TCRBJ02,2.042599432463748e-07
CASSQGTSGGYEQYF_TCRBV03_TCRBJ02,1.2255596594782486e-06
CASSQGTSGGYEQYF_TCRBV03_TCRBJ02,2.042599432463748e-07
CATSRDTQGSYGYTF_TCRBV15_TCRBJ01,4.595848723043432e-06
CASSRGRQETQYF_TCRBV07_TCRBJ02,5.106498581159368e-07
