combined,frequency
CASSLGARETQYF_TCRBV11_TCRBJ02,1.3704276111014228e-06
CASSPDRVGQETQYF_TCRBV05_TCRBJ02,6.166924249956402e-06
CASSSANYGYTF_TCRBV12_TCRBJ01,2.39824831942749e-05
CASSSANYGYTF_TCRBV12_TCRBJ01,6.852138055507115e-06
CASSSANYGYTF_TCRBV12_TCRBJ01,1.7130345138767787e-06
CASSSANYGYTF_TCRBV12_TCRBJ01,1.3704276111014228e-06
CASSGDRLYEQYF_TCRBV02_TCRBJ02,2.0556414166521342e-06
CASSISAGEAFF_TCRBV19_TCRBJ01,7.194744958282471e-06
CAWRGTGNSPLHF_TCRBV30_TCRBJ01,6.852138055507114e-07
CASSLEGQQPQHF_TCRBV28_TCRBJ01,6.166924249956402e-06
CASSLIGVSSYNEQFF_TCRBV07_TCRBJ02,0.0004227769180247
CASSLIGVSSYNEQFF_TCRBV07_TCRBJ02,2.0556414166521342e-06
CASSLTGGRNQPQHF_TCRBV12_TCRBJ01,4.1112828333042684e-06
CASSLTGGRNQPQHF_TCRBV12_TCRBJ01,1.7130345138767787e-06
CASSSPGRSGANVLTF_TCRBV28_TCRBJ02,1.0278207083260671e-06
CASSPGDEQFF_TCRBV25_TCRBJ02,6.166924249956402e-06
CASSPGDEQFF_TCRBV25_TCRBJ02,4.1112828333042684e-06
