combined,frequency
CASSSANYGYTF_TCRBV12_TCRBJ01,0.0003592069766446
CASSSANYGYTF_TCRBV12_TCRBJ01,6.338946646670812e-06
CASSSANYGYTF_TCRBV12_TCRBJ01,1.0564911077784686e-06
CASSFPTSGQETQYF_TCRBV07_TCRBJ02,1.0829033854729303e-05
CASSEARTRAFF_TCRBV06_TCRBJ01,1.6903857724455497e-05
CASSLTGGRNQPQHF_TCRBV12_TCRBJ01,2.139394493251399e-05
