combined,frequency
CASSQRTSGAYNEQFF_TCRBV04_TCRBJ02,5.5547195422103135e-06
CASSLATPYEQYF_TCRBV07_TCRBJ02,1.5149235115119037e-06
CAWRGTGNSPLHF_TCRBV30_TCRBJ01,1.0099490076746023e-06
CASSLVGGSEQYF_TCRBV05_TCRBJ02,2.5248725191865058e-06
CASSPPSGLTDTQYF_TCRBV28_TCRBJ02,1.7169133130468246e-05
CASSPPSGLTDTQYF_TCRBV28_TCRBJ02,1.1109439084420629e-05
CASSPPSGLTDTQYF_TCRBV28_TCRBJ02,3.5348215268611085e-06
CASSPPSGLTDTQYF_TCRBV28_TCRBJ02,2.019898015349205e-06
CASSPPSGLTDTQYF_TCRBV28_TCRBJ02,2.019898015349205e-06
CASSLPSGLTDTQYF_TCRBV28_TCRBJ02,1.0099490076746023e-06
CASSQGRHTDTQYF_TCRBV14_TCRBJ02,1.0099490076746023e-06
