combined,frequency
CASSLEGQGFGYTF_TCRBV05_TCRBJ01,5.066209298102033e-06
CASSLGHRDSSYEQYF_TCRBV05_TCRBJ02,3.964859450688547e-06
CATSDGDTQYF_TCRBV24_TCRBJ02,9.251338718273276e-06
CATSDGDTQYF_TCRBV24_TCRBJ02,2.643239633792365e-06
CASSIGPLEHNEQFF_TCRBV19_TCRBJ02,0.0001016545909162
CASSVGTLNTGELFF_TCRBV09_TCRBJ02,3.193914557499108e-06
CASSPGQEAGANVLTF_TCRBV05_TCRBJ02,5.6168842218087765e-06
CASSGQGAYEQYF_TCRBV09_TCRBJ02,2.533104649051017e-06
CASSGQGAYEQYF_TCRBV09_TCRBJ02,1.5418897863788798e-06
CSVRDNFNQPQHF_TCRBV29_TCRBJ01,2.092564710085622e-06
CASSAQGAYEQYF_TCRBV09_TCRBJ02,3.964859450688547e-06
CASSAQGAYEQYF_TCRBV09_TCRBJ02,2.092564710085622e-06
CASSAQGAYEQYF_TCRBV09_TCRBJ02,2.202699694826971e-07
CASSAQGAYEQYF_TCRBV09_TCRBJ02,1.4317548016375308e-06
CATSDGDEQFF_TCRBV24_TCRBJ02,1.4427683001116656e-05
CATSDGDEQFF_TCRBV24_TCRBJ02,3.524319511723153e-06
