combined,frequency
CASSSANYGYTF_TCRBV12_TCRBJ01,3.8631571405894185e-06
CASSSANYGYTF_TCRBV12_TCRBJ01,3.8631571405894185e-06
CASSSANYGYTF_TCRBV12_TCRBJ01,1.4047844147597886e-06
CAWRGTGNSPLHF_TCRBV30_TCRBJ01,1.4047844147597886e-06
CAWSVSDLAKNIQYF_TCRBV30_TCRBJ02,5.267941555349208e-06
CASSLDGGGTEAFF_TCRBV12_TCRBJ01,2.8095688295195773e-06
CASSSGLAGGPYEQYF_TCRBV05_TCRBJ02,1.755980518449736e-06
