combined,frequency
CASSLGARETQYF_TCRBV11_TCRBJ02,3.022258784837388e-07
CATSDGDTQYF_TCRBV24_TCRBJ02,3.369818545093688e-05
CATSDGDTQYF_TCRBV24_TCRBJ02,1.1182357503898336e-05
CAWRGTGNSPLHF_TCRBV30_TCRBJ01,1.813355270902433e-06
CSASGQGAEAFF_TCRBV20_TCRBJ01,9.066776354512164e-07
CATSDSPYGYTF_TCRBV24_TCRBJ01,1.3600164531768249e-06
CASSLEGQGHNEQFF_TCRBV05_TCRBJ02,7.55564696209347e-07
CASSQVGGELFF_TCRBV04_TCRBJ02,5.893404630432908e-06
CATSRDSQGSYGYTF_TCRBV15_TCRBJ01,6.6489693266422535e-06
CATSRDSQGSYGYTF_TCRBV15_TCRBJ01,2.4178070278699106e-06
CATSRDSQGSYGYTF_TCRBV15_TCRBJ01,1.813355270902433e-06
CATSDGETQYF_TCRBV24_TCRBJ02,2.2213602068554807e-05
CASSLRGQSTDTQYF_TCRBV27_TCRBJ02,7.55564696209347e-07
CASSSDSGGTDTQYF_TCRBV07_TCRBJ02,7.55564696209347e-07
CSVRDNFNQPQHF_TCRBV29_TCRBJ01,2.115581149386172e-06
CATSREGSGYEQYF_TCRBV15_TCRBJ02,1.9644682101443023e-06
CASSQGRHTDTQYF_TCRBV14_TCRBJ02,1.057790574693086e-06
CASSPDSGGTDTQYF_TCRBV07_TCRBJ02,1.057790574693086e-06
CASSTTGGDGYTF_TCRBV19_TCRBJ01,7.253421083609732e-06
CASSPGTGTYGYTF_TCRBV10_TCRBJ01,6.497856387400384e-06
CASSLVAGGRETQYF_TCRBV05_TCRBJ02,2.871145845595519e-06
CASSLVAGGRETQYF_TCRBV05_TCRBJ02,7.55564696209347e-07
