combined,frequency
CASSLGHRDPNTGELFF_TCRBV05_TCRBJ02,6.129354331625651e-06
CASSLGHRDSSYEQYF_TCRBV05_TCRBJ02,3.611940945422259e-06
CASSSANYGYTF_TCRBV12_TCRBJ01,7.661692914532064e-07
CAWRGTGNSPLHF_TCRBV30_TCRBJ01,2.189055118437733e-07
CASSLAPGATNEKLFF_TCRBV07_TCRBJ01,2.440796457058072e-05
CASSLAPGATNEKLFF_TCRBV07_TCRBJ01,2.0358212601470917e-05
CASSGQGAYEQYF_TCRBV09_TCRBJ02,2.484577559426827e-05
CASSGQGAYEQYF_TCRBV09_TCRBJ02,1.4666669293532808e-05
CASSGQGAYEQYF_TCRBV09_TCRBJ02,3.502488189500372e-06
CASSLFGTGGNTEAFF_TCRBV05_TCRBJ01,6.567165355313198e-07
CASSRNRESNQPQHF_TCRBV06_TCRBJ01,4.815921260563012e-06
CASSRNRESNQPQHF_TCRBV06_TCRBJ01,3.283582677656599e-07
CASSQNRAQETQYF_TCRBV14_TCRBJ02,1.751244094750186e-06
CASSPQGAYEQYF_TCRBV09_TCRBJ02,6.786070867156971e-06
CASSLNRGQETQYF_TCRBV14_TCRBJ02,1.0945275592188663e-06
