combined,frequency
CASSSDRVGQETQYF_TCRBV05_TCRBJ02,7.243062051937001e-06
CASSPDRVGQETQYF_TCRBV05_TCRBJ02,3.37177026555688e-06
CASSRDRATNEKLFF_TCRBV06_TCRBJ01,1.1988516499757797e-05
CASSSRGTGELFF_TCRBV28_TCRBJ02,2.2478468437045867e-06
CASSLGLANEQFF_TCRBV06_TCRBJ02,2.497607604116208e-07
CATSREGSGYEQYF_TCRBV15_TCRBJ02,2.4976076041162062e-06
CASSPQDRVYGYTF_TCRBV27_TCRBJ01,2.6224879843220177e-06
CASSLRGQSTDTQYF_TCRBV27_TCRBJ02,8.741626614406725e-07
