combined,frequency
CASSLGHRDSSYEQYF_TCRBV05_TCRBJ02,5.16121834182793e-06
CAWRGTGNSPLHF_TCRBV30_TCRBJ01,2.196263124182098e-07
CASSPQRNTEAFF_TCRBV04_TCRBJ01,3.404207842482252e-06
CASSQNRGQETQYF_TCRBV14_TCRBJ02,4.063086779736881e-06
CASSHRDRNYEQYF_TCRBV07_TCRBJ02,5.2710314980370345e-06
CAWSVSDLAKNIQYF_TCRBV30_TCRBJ02,0.0001603272080652
CATSRDSQGSYGYTF_TCRBV15_TCRBJ01,1.5813094494111106e-05
CATSRDSQGSYGYTF_TCRBV15_TCRBJ01,2.6355157490185173e-06
CASSPPSGLTDTQYF_TCRBV28_TCRBJ02,2.514721277188502e-05
CASSGQGAYEQYF_TCRBV09_TCRBJ02,1.207944718300154e-06
CASSGQGAYEQYF_TCRBV09_TCRBJ02,2.196263124182098e-07
CASSGQGAYEQYF_TCRBV09_TCRBJ02,2.196263124182098e-07
CASSQTGGRNQPQHF_TCRBV12_TCRBJ01,7.686920934637343e-07
CASSAQGAYEQYF_TCRBV09_TCRBJ02,1.6471973431365731e-06
CASSPQGAYEQYF_TCRBV09_TCRBJ02,1.9766368117638887e-06
CASSLVAGGRETQYF_TCRBV05_TCRBJ02,1.0981315620910491e-06
