combined,frequency
CASSEAPSTSTDTQYF_TCRBV02_TCRBJ02,3.052416399656542e-07
CASGRDTYEQYF_TCRBV02_TCRBJ02,3.968141319553505e-06
CASGRDTYEQYF_TCRBV02_TCRBJ02,3.052416399656542e-07
CASSESGDPSSYEQYF_TCRBV10_TCRBJ02,2.36562270973382e-05
CASSPGDEQYF_TCRBV25_TCRBJ02,0.0022630615187053
CASSPGDEQYF_TCRBV25_TCRBJ02,3.357658039622196e-06
CASSPGDEQYF_TCRBV25_TCRBJ02,9.157249198969628e-07
CASSPGDEQYF_TCRBV25_TCRBJ02,3.052416399656542e-07
CATSRDSQGSYGYTF_TCRBV15_TCRBJ01,5.799591159347429e-06
CATSRDSQGSYGYTF_TCRBV15_TCRBJ01,9.157249198969628e-07
CASSRNRESNQPQHF_TCRBV06_TCRBJ01,9.157249198969628e-06
CSARGAGGNYGYTF_TCRBV20_TCRBJ01,7.325799359175702e-06
CASSYRTRQETQYF_TCRBV06_TCRBJ02,1.2514907238591822e-05
CASSLGGAGDTQYF_TCRBV12_TCRBJ02,9.157249198969628e-06
CASSLGGAGDTQYF_TCRBV12_TCRBJ02,3.357658039622196e-06
CATSRDTQGSYGYTF_TCRBV15_TCRBJ01,1.205704477864334e-05
CASSFGGAGDTQYF_TCRBV12_TCRBJ02,2.747174759690888e-06
CASSFGGAGDTQYF_TCRBV12_TCRBJ02,3.0524163996565417e-06
CASSFGGAGDTQYF_TCRBV12_TCRBJ02,4.578624599484814e-07
CASSLVAGGRETQYF_TCRBV05_TCRBJ02,6.410074439278737e-06
