combined,frequency
CASSRDRATNEKLFF_TCRBV06_TCRBJ01,5.329548169788745e-06
CASSLVGGSEQYF_TCRBV05_TCRBJ02,3.3309676061179663e-06
CASSLVGGSEQYF_TCRBV05_TCRBJ02,8.882580282981243e-07
CASSSLAGPTDTQYF_TCRBV05_TCRBJ02,6.661935212235933e-07
CASSQTNTGELFF_TCRBV03_TCRBJ02,6.661935212235933e-07
CASSLEQYGYTF_TCRBV05_TCRBJ01,2.664774084894373e-06
CASSSGLAGGPYEQYF_TCRBV05_TCRBJ02,1.3323870424471863e-06
CASSLGGAGDTQYF_TCRBV12_TCRBJ02,2.220645070745311e-06
