combined,frequency
CAWRGTGNSPLHF_TCRBV30_TCRBJ01,1.3429696697625373e-06
CASSLRREKLFF_TCRBV05_TCRBJ01,1.0865845509896894e-05
CASSPQRNTEAFF_TCRBV04_TCRBJ01,8.668258777558195e-06
CASSLEGQGHNEQFF_TCRBV05_TCRBJ02,1.587145973355726e-06
CASSVGTLNTGELFF_TCRBV09_TCRBJ02,7.325289107795658e-07
CASSGQGAYEQYF_TCRBV09_TCRBJ02,1.9534104287455088e-06
CASSGQGAYEQYF_TCRBV09_TCRBJ02,2.441763035931886e-07
CASSLFGTGGNTEAFF_TCRBV05_TCRBJ01,5.6160549826433375e-06
CASSAQGAYEQYF_TCRBV09_TCRBJ02,1.70923412515232e-06
CASSAQGAYEQYF_TCRBV09_TCRBJ02,2.075498580542103e-06
CASSFGGAGDTQYF_TCRBV12_TCRBJ02,1.587145973355726e-06
CASSLVAGGRETQYF_TCRBV05_TCRBJ02,2.441763035931886e-06
CASSLVAGGRETQYF_TCRBV05_TCRBJ02,4.883526071863772e-07
