combined,frequency
CASSSANYGYTF_TCRBV12_TCRBJ01,2.0075924469553925e-05
CASSSANYGYTF_TCRBV12_TCRBJ01,8.56572777367634e-06
CASSSANYGYTF_TCRBV12_TCRBJ01,5.353579858547713e-07
CSVEVRGTDTQYF_TCRBV29_TCRBJ02,1.0707159717095426e-06
CASSPGDEQYF_TCRBV25_TCRBJ02,1.8737529504917e-06
CASSPGDEQYF_TCRBV25_TCRBJ02,1.0707159717095426e-06
CASSQTGGRNQPQHF_TCRBV12_TCRBJ01,1.606073957564314e-06
CATSRGTVSYEQYF_TCRBV15_TCRBJ02,1.0707159717095426e-06
CATSRGTVSYEQYF_TCRBV15_TCRBJ02,1.0707159717095426e-06
CASSIWGLDTEAFF_TCRBV19_TCRBJ01,1.606073957564314e-05
CASSPGDEQFF_TCRBV25_TCRBJ02,0.001006205334414
CASSFGDRAYNEQFF_TCRBV05_TCRBJ02,5.888937844402484e-06
