combined,frequency
CASSSANYGYTF_TCRBV12_TCRBJ01,9.974089531860569e-07
CASSRDRATNEKLFF_TCRBV06_TCRBJ01,1.2190553872274029e-06
CASSYSTAGELFF_TCRBV06_TCRBJ02,9.974089531860569e-07
CASSESPGNTEAFF_TCRBV10_TCRBJ01,1.5515250382894217e-06
CASSFGGAGDTQYF_TCRBV12_TCRBJ02,5.541160851033647e-07
CASSLVAGGRETQYF_TCRBV05_TCRBJ02,3.546342944661535e-06
