combined,frequency
CASSQNRGQETQYF_TCRBV14_TCRBJ02,2.674304480262296e-06
CASSYSTAGELFF_TCRBV06_TCRBJ02,2.674304480262296e-06
CATSDGETQYF_TCRBV24_TCRBJ02,5.348608960524592e-06
CASSQTNTGELFF_TCRBV03_TCRBJ02,2.674304480262296e-06
CASSLGQGIEAFF_TCRBV05_TCRBJ01,2.674304480262296e-06
