combined,frequency
CASSLVGGSEQYF_TCRBV05_TCRBJ02,2.337568227772648e-06
CASSLGQGIEAFF_TCRBV05_TCRBJ01,3.895947046287746e-06
CASSLGQGIEAFF_TCRBV05_TCRBJ01,3.506352341658972e-06
CATSDGDTQYF_TCRBV24_TCRBJ02,7.791894092575494e-07
CASSSANYGYTF_TCRBV12_TCRBJ01,1.168784113886324e-06
