combined,frequency
CASSSDRVGQETQYF_TCRBV05_TCRBJ02,9.155829040951558e-06
CASSIGPLEHNEQFF_TCRBV19_TCRBJ02,7.60638104940591e-05
CASSPDRVGQETQYF_TCRBV05_TCRBJ02,8.4515344993399e-06
CASTPGDEQFF_TCRBV25_TCRBJ02,7.042945416116582e-07
CATSDGDTQYF_TCRBV24_TCRBJ02,7.042945416116582e-07
CASSRTSGGAEDTQYF_TCRBV04_TCRBJ02,2.077668897754392e-05
CASSLAPGATNEKLFF_TCRBV07_TCRBJ01,1.5846627186262314e-05
CASSLAPGATNEKLFF_TCRBV07_TCRBJ01,3.873619978864121e-06
CASSLAPGATNEKLFF_TCRBV07_TCRBJ01,1.760736354029146e-06
CASSPRWQETQYF_TCRBV27_TCRBJ02,1.0564418124174875e-06
CATSDGETQYF_TCRBV24_TCRBJ02,3.521472708058292e-06
CATSDGETQYF_TCRBV24_TCRBJ02,1.760736354029146e-06
CASSQTNTGELFF_TCRBV03_TCRBJ02,3.1693254372524625e-06
CASSLTGGRNQPQHF_TCRBV12_TCRBJ01,1.0564418124174875e-06
CAISESGTGGGYTF_TCRBV10_TCRBJ01,1.9720247165126437e-05
CAISESGTGGGYTF_TCRBV10_TCRBJ01,2.112883624834975e-06
CAISESGTGGGYTF_TCRBV10_TCRBJ01,7.042945416116582e-07
