combined,frequency
CASSFTGDSNQPQHF_TCRBV07_TCRBJ01,3.362847928653818e-06
CASSQVGGELFF_TCRBV04_TCRBJ02,3.362847928653818e-06
CASSQTNTGELFF_TCRBV03_TCRBJ02,3.3628479286538176e-05
CASSQTNTGELFF_TCRBV03_TCRBJ02,3.3628479286538176e-05
CASSQTNTGELFF_TCRBV03_TCRBJ02,3.362847928653818e-06
CASSQTNTGELFF_TCRBV03_TCRBJ02,6.725695857307638e-06
CASSQTNTGELFF_TCRBV03_TCRBJ02,3.362847928653818e-06
CASSYSTVGETQYF_TCRBV06_TCRBJ02,3.362847928653818e-06
