combined,frequency
CASGRDTYEQYF_TCRBV02_TCRBJ02,5.621948423964061e-06
CASGRDTYEQYF_TCRBV02_TCRBJ02,9.838409741937107e-07
CASGRDTYEQYF_TCRBV02_TCRBJ02,4.216461317973046e-07
CASSLATPYEQYF_TCRBV07_TCRBJ02,3.373169054378437e-06
CASSLATPYEQYF_TCRBV07_TCRBJ02,3.232620343779335e-06
CASSSANYGYTF_TCRBV12_TCRBJ01,3.373169054378437e-06
CASSGDRLYEQYF_TCRBV02_TCRBJ02,3.935363896774843e-06
CASMGGASYEQYF_TCRBV27_TCRBJ02,7.589630372351483e-06
CASSLGGPGDTQYF_TCRBV12_TCRBJ02,3.373169054378437e-06
CASSLGGPGDTQYF_TCRBV12_TCRBJ02,1.9676819483874214e-06
CASSQVGGELFF_TCRBV04_TCRBJ02,3.654266475576641e-06
CASSPRQGATDTQYF_TCRBV11_TCRBJ02,7.027435529955076e-07
CASSLGLANEQFF_TCRBV06_TCRBJ02,6.184143266360467e-06
CASSQTGGRNQPQHF_TCRBV12_TCRBJ01,3.373169054378437e-06
CASSPQGAYEQYF_TCRBV09_TCRBJ02,2.670425501382929e-06
CASSPQGAYEQYF_TCRBV09_TCRBJ02,1.5460358165901169e-06
CASSPQGAYEQYF_TCRBV09_TCRBJ02,4.216461317973046e-07
CASSLTGGRNQPQHF_TCRBV12_TCRBJ01,2.951522922581132e-06
CASSLGGAGDTQYF_TCRBV12_TCRBJ02,9.978958452536213e-06
CASSLGGAGDTQYF_TCRBV12_TCRBJ02,3.5137177649775383e-06
CASSFGGAGDTQYF_TCRBV12_TCRBJ02,0.0002040767277898
CASSFGGAGDTQYF_TCRBV12_TCRBJ02,6.184143266360467e-06
CASSFGGAGDTQYF_TCRBV12_TCRBJ02,2.1082306589865228e-06
CASSFGGAGDTQYF_TCRBV12_TCRBJ02,7.027435529955076e-07
CASSLEGQQPQHF_TCRBV28_TCRBJ01,5.903045845162264e-06
CASSRGRQETQYF_TCRBV07_TCRBJ02,8.179934956867709e-05
