combined,frequency
CASSEAPSTSTDTQYF_TCRBV02_TCRBJ02,3.306371936672232e-06
CASSEAPSTSTDTQYF_TCRBV02_TCRBJ02,3.0997236906302174e-06
CASGRDTYEQYF_TCRBV02_TCRBJ02,3.2030478136512245e-06
CASGRDTYEQYF_TCRBV02_TCRBJ02,2.27313070646216e-06
CASGRDTYEQYF_TCRBV02_TCRBJ02,1.7565100913571232e-06
CASSLGDRPDTQYF_TCRBV11_TCRBJ02,8.84454493059822e-05
CASSESGHRNQPQHF_TCRBV10_TCRBJ01,0.0002007587710298
CASSESGHRNQPQHF_TCRBV10_TCRBJ01,5.362521984790276e-05
CASSESGHRNQPQHF_TCRBV10_TCRBJ01,4.14329733314239e-05
CASSLGGPGDTQYF_TCRBV12_TCRBJ02,1.5085321961067057e-05
CASSLGGPGDTQYF_TCRBV12_TCRBJ02,1.7565100913571232e-06
CASSYGGLGSYEQYF_TCRBV06_TCRBJ02,4.959557905008348e-06
CASSLGGAGDTQYF_TCRBV12_TCRBJ02,4.0296407978192825e-06
CASSPQDRVYGYTF_TCRBV27_TCRBJ01,1.9011638635865333e-05
CASSSPGRSGANVLTF_TCRBV28_TCRBJ02,4.13296492084029e-07
CASSSPGRSGANVLTF_TCRBV28_TCRBJ02,3.099723690630217e-07
CASSRGRQETQYF_TCRBV07_TCRBJ02,2.386787241785267e-05
CASSRGRQETQYF_TCRBV07_TCRBJ02,4.13296492084029e-07
