combined,frequency
CASSIGPLEHNEQFF_TCRBV19_TCRBJ02,0.0005314858759959
CATSDGDTQYF_TCRBV24_TCRBJ02,9.324313613964094e-06
CATSDGDTQYF_TCRBV24_TCRBJ02,9.324313613964094e-06
CATSDGDTQYF_TCRBV24_TCRBJ02,1.398647042094614e-05
CATSDGDTQYF_TCRBV24_TCRBJ02,3.7297254455856375e-05
CATSRGTVSYEQYF_TCRBV15_TCRBJ02,9.324313613964094e-06
CASSLEAEYEQYF_TCRBV07_TCRBJ02,2.331078403491023e-05
CASSPSTGTEAFF_TCRBV05_TCRBJ01,1.1655392017455116e-05
CASSPSTGTEAFF_TCRBV05_TCRBJ01,2.797294084189228e-05
CASSQVPGQGDNEQFF_TCRBV14_TCRBJ02,5.128372487680251e-05
