combined,frequency
CAWRGTGNSPLHF_TCRBV30_TCRBJ01,2.5448967503577167e-06
CASMGGASYEQYF_TCRBV27_TCRBJ02,4.77168140692072e-06
CSVRDNHNQPQHF_TCRBV29_TCRBJ01,1.5905604689735731e-06
CASSYSTAGELFF_TCRBV06_TCRBJ02,4.135457219331289e-06
CATSRDSQGSYGYTF_TCRBV15_TCRBJ01,1.908672562768288e-05
CASSVGTLNTGELFF_TCRBV09_TCRBJ02,3.1811209379471463e-06
CASSVGTLNTGELFF_TCRBV09_TCRBJ02,1.2724483751788583e-06
CASSHRDRNYEQYF_TCRBV07_TCRBJ02,1.2088259564199156e-05
CSVRDNFNQPQHF_TCRBV29_TCRBJ01,7.634690251073152e-06
CASSLGGAGDTQYF_TCRBV12_TCRBJ02,3.499233031741861e-06
CSVRDNYNQPQHF_TCRBV29_TCRBJ01,7.634690251073152e-06
