combined,frequency
CASSLVGGSEQYF_TCRBV05_TCRBJ02,1.6111277370542866e-06
CATSDGETQYF_TCRBV24_TCRBJ02,2.0139096713178584e-06
CASSLSRGEQYF_TCRBV27_TCRBJ02,2.4166916055814297e-06
CASSLEAEYEQYF_TCRBV07_TCRBJ02,8.055638685271433e-07
