combined,frequency
CASSLGARETQYF_TCRBV11_TCRBJ02,2.3299093374029084e-06
CASGRDTYEQYF_TCRBV02_TCRBJ02,6.407250677857997e-06
CASSLGDRPDTQYF_TCRBV11_TCRBJ02,1.8348036032047908e-05
CASSLGDRPDTQYF_TCRBV11_TCRBJ02,2.621148004578272e-06
CASSLAPGATNEKLFF_TCRBV07_TCRBJ01,9.02839868243627e-06
CASRSDSGANVLTF_TCRBV06_TCRBJ02,2.038670670227545e-06
CATSDSPYGYTF_TCRBV24_TCRBJ01,3.786102673279727e-06
CASSIEGNQPQHF_TCRBV28_TCRBJ01,6.1160120106826346e-06
CASNRDRGRYEQYF_TCRBV06_TCRBJ02,1.4270694691592815e-05
CASNRDRGRYEQYF_TCRBV06_TCRBJ02,2.038670670227545e-06
CASNRDRGRYEQYF_TCRBV06_TCRBJ02,5.824773343507271e-07
CASSLGLKGTQYF_TCRBV12_TCRBJ02,3.786102673279727e-06
CASSRNRESNQPQHF_TCRBV06_TCRBJ01,1.893051336639863e-05
CASSRNRESNQPQHF_TCRBV06_TCRBJ01,5.824773343507271e-07
CASSQTGGRNQPQHF_TCRBV12_TCRBJ01,3.2036253389289986e-06
CASSLGGAGDTQYF_TCRBV12_TCRBJ02,1.7474320030521812e-06
CASSLGGAGDTQYF_TCRBV12_TCRBJ02,5.824773343507271e-07
CASSTTGGDGYTF_TCRBV19_TCRBJ01,6.407250677857997e-06
CASSTTGGDGYTF_TCRBV19_TCRBJ01,1.7474320030521812e-06
CATSDGDEQFF_TCRBV24_TCRBJ02,4.368580007630453e-06
CASSFGGAGDTQYF_TCRBV12_TCRBJ02,4.659818674805817e-05
CASSFGGAGDTQYF_TCRBV12_TCRBJ02,2.096918403662617e-05
