combined,frequency
CASSQRTSGAYNEQFF_TCRBV04_TCRBJ02,3.5627844146817963e-06
CASSLDAGGSYNEQFF_TCRBV05_TCRBJ02,3.288724075090888e-06
CATSDGETQYF_TCRBV24_TCRBJ02,5.618236961613601e-06
CASSQTNTGELFF_TCRBV03_TCRBJ02,1.5073318677499907e-06
CASSMGQHSNQPQHF_TCRBV19_TCRBJ01,1.918422377136352e-06
CASSQGTSGGYEQYF_TCRBV03_TCRBJ02,3.288724075090888e-06
