combined,frequency
CASSPQRNTEAFF_TCRBV04_TCRBJ01,0.0029857779248712
CASSPQRNTEAFF_TCRBV04_TCRBJ01,1.8444691417702485e-05
CASSPQRNTEAFF_TCRBV04_TCRBJ01,3.48013045617028e-07
CASSLSRGEQYF_TCRBV27_TCRBJ02,4.524169593021364e-06
CASSPGDEQYF_TCRBV25_TCRBJ02,4.698176115829878e-06
CASSPGDEQYF_TCRBV25_TCRBJ02,2.61009784212771e-06
CASSLIGVSSYNEQFF_TCRBV07_TCRBJ02,0.0002215103035352
CASSLIGVSSYNEQFF_TCRBV07_TCRBJ02,6.96026091234056e-07
CASSQVGGELFF_TCRBV04_TCRBJ02,4.176156547404336e-06
CASSPPSGLTDTQYF_TCRBV28_TCRBJ02,3.132117410553252e-06
CASSPPSGLTDTQYF_TCRBV28_TCRBJ02,3.48013045617028e-07
CASSLVAGGRETQYF_TCRBV05_TCRBJ02,5.22019568425542e-06
