combined,frequency
CASSLDAGGSYNEQFF_TCRBV05_TCRBJ02,2.3275327338384853e-06
CASSLVGGSEQYF_TCRBV05_TCRBJ02,1.0182955710543374e-06
CASSQVGGELFF_TCRBV04_TCRBJ02,2.473003529703391e-06
CASSGQGAYEQYF_TCRBV09_TCRBJ02,5.818831834596213e-07
CASSGQGAYEQYF_TCRBV09_TCRBJ02,2.909415917298107e-07
CSARETGSNYGYTF_TCRBV20_TCRBJ01,1.0182955710543374e-06
CSARETGSNYGYTF_TCRBV20_TCRBJ01,2.909415917298107e-07
CASSLVAGGRETQYF_TCRBV05_TCRBJ02,7.273539793245267e-07
