combined,frequency
CASSESPGNTEAFF_TCRBV10_TCRBJ01,4.467061090002129e-06
CATSDGDTQYF_TCRBV24_TCRBJ02,3.377533994879659e-06
CATSDGDTQYF_TCRBV24_TCRBJ02,3.268581285367412e-07
CASSLGGAGDTQYF_TCRBV12_TCRBJ02,6.537162570734822e-07
