combined,frequency
CASSLGHRDPNTGELFF_TCRBV05_TCRBJ02,2.470200123262986e-06
CASSIGPLEHNEQFF_TCRBV19_TCRBJ02,6.175500308157465e-06
CASSLGHRDSSYEQYF_TCRBV05_TCRBJ02,2.470200123262986e-06
CASSLGHRDSSYEQYF_TCRBV05_TCRBJ02,1.235100061631493e-06
CASSQNRGQETQYF_TCRBV14_TCRBJ02,1.235100061631493e-06
CASSVGTLNTGELFF_TCRBV09_TCRBJ02,3.0877501540787327e-06
CASSGQGAYEQYF_TCRBV09_TCRBJ02,3.8905651941392026e-05
CASSGQGAYEQYF_TCRBV09_TCRBJ02,4.940400246525972e-06
CASSGQGAYEQYF_TCRBV09_TCRBJ02,1.235100061631493e-06
CASSQTNTGELFF_TCRBV03_TCRBJ02,4.940400246525972e-06
CASSLGLKGTQYF_TCRBV12_TCRBJ02,1.2968550647130678e-05
CASSAQGAYEQYF_TCRBV09_TCRBJ02,1.5438750770393662e-05
CASSEARTRAFF_TCRBV06_TCRBJ01,2.0996701047735387e-05
CASSLVAGGRETQYF_TCRBV05_TCRBJ02,1.85265009244724e-06
CASSLATPYEQYF_TCRBV07_TCRBJ02,3.7053001848944792e-06
CASSLIGVSSYNEQFF_TCRBV07_TCRBJ02,0.0021256072060678
CASSLIGVSSYNEQFF_TCRBV07_TCRBJ02,2.470200123262986e-06
CASSLIGVSSYNEQFF_TCRBV07_TCRBJ02,2.470200123262986e-06
CASSLIGVSSYNEQFF_TCRBV07_TCRBJ02,1.85265009244724e-06
CATSDGETQYF_TCRBV24_TCRBJ02,1.6056300801209407e-05
CASSIWGLDTEAFF_TCRBV19_TCRBJ01,6.484275323565339e-05
CASSIWGLDTEAFF_TCRBV19_TCRBJ01,1.235100061631493e-05
CASSIWGLDTEAFF_TCRBV19_TCRBJ01,6.175500308157465e-06
CASSQNRAQETQYF_TCRBV14_TCRBJ02,1.2968550647130678e-05
CATSDGDEQFF_TCRBV24_TCRBJ02,1.235100061631493e-06
CASSYGGLGSYEQYF_TCRBV06_TCRBJ02,1.235100061631493e-06
CATSDGDTQYF_TCRBV24_TCRBJ02,6.793050338973212e-06
CATSDGDTQYF_TCRBV24_TCRBJ02,4.3228502157102245e-06
CASTPGDEQFF_TCRBV25_TCRBJ02,7.4106003697889585e-06
CASSPGDEQYF_TCRBV25_TCRBJ02,1.0498350523867692e-05
CASSLFGTGGNTEAFF_TCRBV05_TCRBJ01,5.557950277341718e-06
CASSLDGGGTEAFF_TCRBV12_TCRBJ01,1.85265009244724e-06
CASSLGPAGLSTDTQYF_TCRBV07_TCRBJ02,9.263250462236198e-06
CSVRDNYNQPQHF_TCRBV29_TCRBJ01,0.0002494902124495
