combined,frequency
CASTPGDEQFF_TCRBV25_TCRBJ02,5.341881088887922e-05
CASSPQRNTEAFF_TCRBV04_TCRBJ01,0.0036324791404437
CASSPQRNTEAFF_TCRBV04_TCRBJ01,8.334453217217806e-05
CASSPQRNTEAFF_TCRBV04_TCRBJ01,4.614714029667576e-06
CASSPQRNTEAFF_TCRBV04_TCRBJ01,5.593592763233426e-07
CASSPQRNTEAFF_TCRBV04_TCRBJ01,2.796796381616713e-07
CSVRDNHNQPQHF_TCRBV29_TCRBJ01,0.001655703457917
CSVRDNHNQPQHF_TCRBV29_TCRBJ01,5.593592763233426e-07
CASSPGDEQYF_TCRBV25_TCRBJ02,0.0002257014679964
CASSPGDEQYF_TCRBV25_TCRBJ02,5.901240365211266e-05
CASSPGDEQYF_TCRBV25_TCRBJ02,2.796796381616713e-07
CASSPRWQETQYF_TCRBV27_TCRBJ02,8.110709506688468e-06
CASSLIGVSSYNEQFF_TCRBV07_TCRBJ02,0.0004427328672099
CASSLIGVSSYNEQFF_TCRBV07_TCRBJ02,5.593592763233426e-07
CASSIEGNQPQHF_TCRBV28_TCRBJ01,8.390389144850141e-07
CASSLGLHYEQYF_TCRBV28_TCRBJ02,0.0001408186978144
CASSLGLHYEQYF_TCRBV28_TCRBJ02,1.4683181003487745e-05
CASSLGLHYEQYF_TCRBV28_TCRBJ02,8.110709506688468e-06
CASSLGLHYEQYF_TCRBV28_TCRBJ02,1.258558371727521e-06
CASSLGLHYEQYF_TCRBV28_TCRBJ02,1.6780778289700282e-06
CASSLGLHYEQYF_TCRBV28_TCRBJ02,6.991990954041782e-07
CSVRDNFNQPQHF_TCRBV29_TCRBJ01,4.321050409597823e-05
CASSIWGLDTEAFF_TCRBV19_TCRBJ01,3.482011495112808e-05
CASSPGDEQFF_TCRBV25_TCRBJ02,7.425494393192374e-05
CASSPGDEQFF_TCRBV25_TCRBJ02,1.3144942993598551e-05
CASSPGDEQFF_TCRBV25_TCRBJ02,7.551350230365126e-06
CASSPDSGGTDTQYF_TCRBV07_TCRBJ02,3.21631583885922e-06
CASSLEGQQPQHF_TCRBV28_TCRBJ01,3.21631583885922e-06
CASSYGGLGSYEQYF_TCRBV06_TCRBJ02,1.286526335543688e-05
CASSYGGLGSYEQYF_TCRBV06_TCRBJ02,2.936636200697549e-06
CASSYGGLGSYEQYF_TCRBV06_TCRBJ02,2.7967963816167128e-06
CASSYGGLGSYEQYF_TCRBV06_TCRBJ02,2.796796381616713e-07
