combined,frequency
CASSPQRNTEAFF_TCRBV04_TCRBJ01,0.0004531534336817
CASSPQRNTEAFF_TCRBV04_TCRBJ01,9.522530783961392e-07
CASSPQRNTEAFF_TCRBV04_TCRBJ01,5.951581739975869e-07
CSVRDNHNQPQHF_TCRBV29_TCRBJ01,1.9164093202722305e-05
CASSLIGVSSYNEQFF_TCRBV07_TCRBJ02,4.761265391980696e-05
CASSPAGLNTEAFF_TCRBV19_TCRBJ01,6.070613374775388e-06
CASSSPGRSGANVLTF_TCRBV28_TCRBJ02,5.118360296379248e-06
CASSYRTRQETQYF_TCRBV06_TCRBJ02,1.0712847131956565e-06
CASSLVASGRETQYF_TCRBV05_TCRBJ02,2.26160106119083e-06
