combined,frequency
CASSRDRATNEKLFF_TCRBV06_TCRBJ01,1.883161504261877e-06
CASSLVGGSEQYF_TCRBV05_TCRBJ02,3.389690707671378e-06
CASSQVGGELFF_TCRBV04_TCRBJ02,3.5780068580975663e-06
CASSVGTLNTGELFF_TCRBV09_TCRBJ02,7.532646017047509e-07
CASSQTNTGELFF_TCRBV03_TCRBJ02,4.331271459802317e-06
CASSQGTSGGYEQYF_TCRBV03_TCRBJ02,1.5065292034095015e-06
CASSQGTSGGYEQYF_TCRBV03_TCRBJ02,3.766323008523754e-07
CASSLSRGEQYF_TCRBV27_TCRBJ02,3.2013745572451918e-06
