combined,frequency
CASSLGARETQYF_TCRBV11_TCRBJ02,5.442857166183674e-07
CASSSLAGPTDTQYF_TCRBV05_TCRBJ02,3.991428588534694e-06
CASSSLAGPTDTQYF_TCRBV05_TCRBJ02,5.442857166183674e-07
CASSVGTLNTGELFF_TCRBV09_TCRBJ02,1.0885714332367348e-06
CASSYSTAGELFF_TCRBV06_TCRBJ02,7.257142888244898e-07
CASSQTNTGELFF_TCRBV03_TCRBJ02,4.5357143051530616e-06
CSAPGRLNTEAFF_TCRBV20_TCRBJ01,1.8142857220612248e-06
CSAPGRLNTEAFF_TCRBV20_TCRBJ01,1.0885714332367348e-06
CSAPGRLNTEAFF_TCRBV20_TCRBJ01,9.071428610306124e-07
CASSLVAGGRETQYF_TCRBV05_TCRBJ02,1.2700000054428572e-06
