combined,frequency
CASSPDRVGQETQYF_TCRBV05_TCRBJ02,5.485820616591608e-07
CASSPQRNTEAFF_TCRBV04_TCRBJ01,3.657213744394405e-07
CASSPPGQGSDTQYF_TCRBV18_TCRBJ02,9.325895048205734e-06
CSVEEDEGIYGYTF_TCRBV29_TCRBJ01,2.194328246636643e-06
CASSPRWQETQYF_TCRBV27_TCRBJ02,3.657213744394405e-06
CASSPRWQETQYF_TCRBV27_TCRBJ02,3.657213744394405e-06
CASSQVGGELFF_TCRBV04_TCRBJ02,3.712071950560322e-05
CASSLVIGGDTEAFF_TCRBV05_TCRBJ01,1.0423059171524056e-05
CASSLVIGGDTEAFF_TCRBV05_TCRBJ01,5.1200992421521685e-06
CASSLVIGGDTEAFF_TCRBV05_TCRBJ01,2.7429103082958044e-06
CASSLVIGGDTEAFF_TCRBV05_TCRBJ01,1.0971641233183216e-06
CASSLGLANEQFF_TCRBV06_TCRBJ02,5.1200992421521685e-06
CASSLDGGGTEAFF_TCRBV12_TCRBJ01,1.4628854977577625e-06
CASSQTGGRNQPQHF_TCRBV12_TCRBJ01,2.5600496210760843e-06
CASSLGLHYEQYF_TCRBV28_TCRBJ02,0.0012132806597028
CASSLGLHYEQYF_TCRBV28_TCRBJ02,0.0005686967372533
CASSLGLHYEQYF_TCRBV28_TCRBJ02,0.00019730668151
CASSLEAEYEQYF_TCRBV07_TCRBJ02,3.474353057174685e-06
CASSLEAEYEQYF_TCRBV07_TCRBJ02,2.011467559416923e-06
CASSLEAEYEQYF_TCRBV07_TCRBJ02,1.280024810538042e-06
CASSLTGGRNQPQHF_TCRBV12_TCRBJ01,7.31442748878881e-07
CASSLVAGGRETQYF_TCRBV05_TCRBJ02,2.377188933856364e-06
CSVRDNYNQPQHF_TCRBV29_TCRBJ01,4.754377867712728e-06
