combined,frequency
CASSSDRVGQETQYF_TCRBV05_TCRBJ02,2.750657063205973e-06
CASSPDRVGQETQYF_TCRBV05_TCRBJ02,1.375328531602987e-06
CASSPQRNTEAFF_TCRBV04_TCRBJ01,0.0005154043672182
CASSPQRNTEAFF_TCRBV04_TCRBJ01,1.4784781714732107e-05
CASSPQRNTEAFF_TCRBV04_TCRBJ01,1.03149639870224e-06
CASSPQRNTEAFF_TCRBV04_TCRBJ01,2.2922142193383106e-07
CASSPQRNTEAFF_TCRBV04_TCRBJ01,2.2922142193383106e-07
CASSLVGGSEQYF_TCRBV05_TCRBJ02,3.896764172875129e-06
CASSQNRGQETQYF_TCRBV14_TCRBJ02,1.111723896379081e-05
CASSQNRGQETQYF_TCRBV14_TCRBJ02,3.667542750941298e-06
CASSGQGAYEQYF_TCRBV09_TCRBJ02,2.143220295081321e-05
CASSGQGAYEQYF_TCRBV09_TCRBJ02,5.1574819935112e-06
CASSLVIGGDTEAFF_TCRBV05_TCRBJ01,2.8652677741728884e-06
CSAPGRLNTEAFF_TCRBV20_TCRBJ01,9.168856877353244e-07
CASSLPSGLTDTQYF_TCRBV28_TCRBJ02,1.0200353276055484e-05
CASSLPSGLTDTQYF_TCRBV28_TCRBJ02,2.9798784851398043e-06
CASSLPSGLTDTQYF_TCRBV28_TCRBJ02,9.168856877353244e-07
CASSLPSGLTDTQYF_TCRBV28_TCRBJ02,9.168856877353244e-07
CASSPQGAYEQYF_TCRBV09_TCRBJ02,4.699039149643537e-06
CASSAQGAYEQYF_TCRBV09_TCRBJ02,3.438321329007466e-06
CATSDSVTNTGELFF_TCRBV24_TCRBJ02,6.876642658014932e-06
CASSLVASGRETQYF_TCRBV05_TCRBJ02,6.876642658014935e-07
CASSLGPAGLSTDTQYF_TCRBV07_TCRBJ02,5.1574819935112e-06
CASSLVAGGRETQYF_TCRBV05_TCRBJ02,1.1461071096691558e-06
