combined,frequency
CASSLDAGGSYNEQFF_TCRBV05_TCRBJ02,1.6354032086610957e-06
CASSQVGGELFF_TCRBV04_TCRBJ02,1.6354032086610957e-06
CASSVGTLNTGELFF_TCRBV09_TCRBJ02,1.6354032086610957e-06
CASSQTNTGELFF_TCRBV03_TCRBJ02,1.6354032086610957e-06
CSAPGRLNTEAFF_TCRBV20_TCRBJ01,1.798943529527205e-05
CASSLSRGEQYF_TCRBV27_TCRBJ02,1.6354032086610957e-06
