combined,frequency
CASSPDNSGNTIYF_TCRBV18_TCRBJ01,1.5124398937480725e-06
CSASGQGAEAFF_TCRBV20_TCRBJ01,1.8149278724976872e-06
CASSLGGPGDTQYF_TCRBV12_TCRBJ02,1.8149278724976872e-06
CASSPPSGLTDTQYF_TCRBV28_TCRBJ02,8.015931436864785e-06
CASSPPSGLTDTQYF_TCRBV28_TCRBJ02,3.6298557449953744e-06
CASSGQGAYEQYF_TCRBV09_TCRBJ02,2.419903829996916e-06
CASSGQGAYEQYF_TCRBV09_TCRBJ02,2.2686598406221093e-06
CASSGQGAYEQYF_TCRBV09_TCRBJ02,1.8149278724976872e-06
CASSGQGAYEQYF_TCRBV09_TCRBJ02,6.04975957499229e-07
CASSLGLHYEQYF_TCRBV28_TCRBJ02,0.0002577197578946
CASSLPSGLTDTQYF_TCRBV28_TCRBJ02,4.688563670619024e-06
CASSPQGAYEQYF_TCRBV09_TCRBJ02,4.083587713119796e-06
CASSAGQGVTYEQYF_TCRBV09_TCRBJ02,9.074639362488436e-07
CASSLEAEYEQYF_TCRBV07_TCRBJ02,7.562199468740362e-07
CASSPSTGTEAFF_TCRBV05_TCRBJ01,4.2348317024946026e-06
CASSQNRAQETQYF_TCRBV14_TCRBJ02,2.2686598406221093e-06
CASSFPTSGQETQYF_TCRBV07_TCRBJ02,1.3611959043732651e-06
CASSLNRGQETQYF_TCRBV14_TCRBJ02,5.596027606867869e-06
CASSLVAGGRETQYF_TCRBV05_TCRBJ02,7.562199468740362e-07
