combined,frequency
CATSDGDTQYF_TCRBV24_TCRBJ02,0.0002843273929321
CATSDGDTQYF_TCRBV24_TCRBJ02,5.117893072778627e-05
CASSLRREKLFF_TCRBV05_TCRBJ01,3.0619873085000334e-06
CASSQNRGQETQYF_TCRBV14_TCRBJ02,3.4994140668571807e-06
CASSVGTLNTGELFF_TCRBV09_TCRBJ02,1.7497070334285904e-06
CASSGQGAYEQYF_TCRBV09_TCRBJ02,2.6245605501428856e-06
CASSGQGAYEQYF_TCRBV09_TCRBJ02,2.187133791785738e-06
CASSGQGAYEQYF_TCRBV09_TCRBJ02,2.187133791785738e-06
CASSLDGGGTEAFF_TCRBV12_TCRBJ01,1.093566895892869e-05
CASSQNRAQETQYF_TCRBV14_TCRBJ02,1.0498242200571544e-05
CASSPSTGTEAFF_TCRBV05_TCRBJ01,1.0060815442214394e-05
CATSDGDEQFF_TCRBV24_TCRBJ02,2.5808178743071702e-05
CATSDGDEQFF_TCRBV24_TCRBJ02,6.561401375357212e-06
CASSLGPAGLSTDTQYF_TCRBV07_TCRBJ02,8.748535167142952e-07
CASSLNRGQETQYF_TCRBV14_TCRBJ02,2.6245605501428856e-06
