combined,frequency
CASSRNRGYEQYF_TCRBV12_TCRBJ02,1.813672652724528e-05
CASSRNRGYEQYF_TCRBV12_TCRBJ02,5.003234904067661e-06
CASSRNRGYEQYF_TCRBV12_TCRBJ02,2.50161745203383e-06
CASSRNRGYEQYF_TCRBV12_TCRBJ02,1.8762130890253727e-06
CASSRNRGYEQYF_TCRBV12_TCRBJ02,1.563510907521144e-06
CASSSANYGYTF_TCRBV12_TCRBJ01,6.254043630084578e-07
CASSPPGQGSDTQYF_TCRBV18_TCRBJ02,1.0944576352648006e-05
CASSPRWQETQYF_TCRBV27_TCRBJ02,0.0011685680522813
CASSPRWQETQYF_TCRBV27_TCRBJ02,1.250808726016915e-06
CASSPRWQETQYF_TCRBV27_TCRBJ02,6.254043630084578e-07
CASSLVIGGDTEAFF_TCRBV05_TCRBJ01,6.254043630084578e-07
CSALGHSNQPQHF_TCRBV20_TCRBJ01,2.81431963353806e-06
CASSQGRHTDTQYF_TCRBV14_TCRBJ02,2.81431963353806e-06
CASSQGRHTDTQYF_TCRBV14_TCRBJ02,2.188915270529602e-06
CASSYRTRQETQYF_TCRBV06_TCRBJ02,0.0001688591780122
CASSYRTRQETQYF_TCRBV06_TCRBJ02,2.81431963353806e-06
CASSYRTRQETQYF_TCRBV06_TCRBJ02,2.50161745203383e-06
CASSLEAEYEQYF_TCRBV07_TCRBJ02,4.690532722563431e-06
CASSLEAEYEQYF_TCRBV07_TCRBJ02,1.250808726016915e-06
CASSLVAGGRETQYF_TCRBV05_TCRBJ02,6.254043630084578e-07
