combined,frequency
CASSRTSGGAEDTQYF_TCRBV04_TCRBJ02,6.6050198150594455e-06
CASSRTSGGAEDTQYF_TCRBV04_TCRBJ02,6.6050198150594455e-06
CASSPDRVGQETQYF_TCRBV05_TCRBJ02,6.6050198150594455e-06
CASSSANYGYTF_TCRBV12_TCRBJ01,5.9445178335535e-05
CATSDGETQYF_TCRBV24_TCRBJ02,6.6050198150594455e-06
CASSPDSGGTDTQYF_TCRBV07_TCRBJ02,6.6050198150594455e-06
CASSLVAGGRETQYF_TCRBV05_TCRBJ02,6.6050198150594455e-06
