combined,frequency
CASSLGHRDPNTGELFF_TCRBV05_TCRBJ02,1.986297723782261e-05
CASSLGHRDPNTGELFF_TCRBV05_TCRBJ02,1.5890381790258083e-06
CASSLRREKLFF_TCRBV05_TCRBJ01,8.739709984641945e-06
CASSEIPNTEAFF_TCRBV06_TCRBJ01,1.5890381790258083e-06
CATSRDSQGSYGYTF_TCRBV15_TCRBJ01,1.112326725318066e-05
CATSDGETQYF_TCRBV24_TCRBJ02,1.0726007708424206e-05
CASSPAGLNTEAFF_TCRBV19_TCRBJ01,1.7082160424527442e-05
CASSLFGTGGNTEAFF_TCRBV05_TCRBJ01,6.435604625054524e-05
CASSLFGTGGNTEAFF_TCRBV05_TCRBJ01,1.90684581483097e-05
CASSMGQHSNQPQHF_TCRBV19_TCRBJ01,1.986297723782261e-06
CASSGQGAYEQYF_TCRBV09_TCRBJ02,5.164374081833877e-06
CASSGQGAYEQYF_TCRBV09_TCRBJ02,2.3835572685387125e-06
CASSGQGAYEQYF_TCRBV09_TCRBJ02,7.945190895129043e-07
CASSQNRAQETQYF_TCRBV14_TCRBJ02,1.6684900879770988e-05
CASSYRTRQETQYF_TCRBV06_TCRBJ02,7.150671805616138e-06
CASSLTGGRNQPQHF_TCRBV12_TCRBJ01,4.3698549923209735e-06
CATSRDTQGSYGYTF_TCRBV15_TCRBJ01,4.846566446028716e-05
CASSRGRQETQYF_TCRBV07_TCRBJ02,7.150671805616138e-06
CASSRGRQETQYF_TCRBV07_TCRBJ02,3.972595447564521e-06
CASSRGRQETQYF_TCRBV07_TCRBJ02,7.945190895129043e-07
