combined,frequency
CASSPRGTYEQYF_TCRBV19_TCRBJ02,7.717142049047841e-07
CATSDGDTQYF_TCRBV24_TCRBJ02,3.318371081090571e-05
CASSIGPLEHNEQFF_TCRBV19_TCRBJ02,8.360237219801827e-06
CASSESGHRNQPQHF_TCRBV10_TCRBJ01,4.630285229428704e-06
CASSESGHRNQPQHF_TCRBV10_TCRBJ01,3.9871900586747175e-06
CASSEIPNTEAFF_TCRBV06_TCRBJ01,1.5434284098095682e-06
CATSDGETQYF_TCRBV24_TCRBJ02,0.0003718376277299
CATSDGETQYF_TCRBV24_TCRBJ02,5.144761366031894e-07
CASSLVIGGDTEAFF_TCRBV05_TCRBJ01,2.572380683015947e-06
CASSMGQHSNQPQHF_TCRBV19_TCRBJ01,1.5434284098095682e-06
CASSQTNTGELFF_TCRBV03_TCRBJ02,5.7878565367858805e-06
CASSFHGFNQPQHF_TCRBV05_TCRBJ01,4.244428126976312e-06
CASSAGQGVTYEQYF_TCRBV09_TCRBJ02,2.829618751317541e-06
CASSAGQGVTYEQYF_TCRBV09_TCRBJ02,7.717142049047841e-07
CASSLEAEYEQYF_TCRBV07_TCRBJ02,1.2733284380928934e-05
CASSLEAEYEQYF_TCRBV07_TCRBJ02,5.530618468484285e-06
CATSDSVTNTGELFF_TCRBV24_TCRBJ02,1.0289522732063787e-06
CASSRGRQETQYF_TCRBV07_TCRBJ02,6.430951707539868e-07
CASSLVAGGRETQYF_TCRBV05_TCRBJ02,7.074046878293852e-06
CASSLVAGGRETQYF_TCRBV05_TCRBJ02,5.273380400182691e-06
