combined,frequency
CATSDGDTQYF_TCRBV24_TCRBJ02,3.902182685885351e-06
CASSYSTVGETQYF_TCRBV06_TCRBJ02,1.821018586746497e-05
CASSYSTVGETQYF_TCRBV06_TCRBJ02,2.6014551239235665e-06
CASSYSTAGELFF_TCRBV06_TCRBJ02,2.6014551239235665e-06
CSAPGRLNTEAFF_TCRBV20_TCRBJ01,4.552546466866243e-06
CASSLGGAGDTQYF_TCRBV12_TCRBJ02,9.105092933732484e-06
