combined,frequency
CASSPGDEQYF_TCRBV25_TCRBJ02,0.0001340407152809
CASSSANYGYTF_TCRBV12_TCRBJ01,1.4184202675235189e-06
CASSSANYGYTF_TCRBV12_TCRBJ01,0.0001390051862173
CASTPGDEQFF_TCRBV25_TCRBJ02,7.564908093458765e-06
CASSLEAEYEQYF_TCRBV07_TCRBJ02,5.6736810700940754e-06
