combined,frequency
CASSQDLRGGNQPQHF_TCRBV04_TCRBJ01,0.0001169151571477
CASSQDLRGGNQPQHF_TCRBV04_TCRBJ01,2.017711245119521e-06
CASSQDLRGGNQPQHF_TCRBV04_TCRBJ01,6.725704150398403e-07
CATSRDSQGSYGYTF_TCRBV15_TCRBJ01,5.604753458665336e-06
CASSPPSGLTDTQYF_TCRBV28_TCRBJ02,2.2419013834661342e-06
CASSLGLHYEQYF_TCRBV28_TCRBJ02,0.0014538730471777
CASSSGLAGGPYEQYF_TCRBV05_TCRBJ02,1.1209506917330671e-06
CATSRDTQGSYGYTF_TCRBV15_TCRBJ01,3.1386619368525883e-06
CASSRGRQETQYF_TCRBV07_TCRBJ02,1.0088556225597604e-06
CASSRGRQETQYF_TCRBV07_TCRBJ02,8.967605533864538e-07
