combined,frequency
CASSLGHRDPNTGELFF_TCRBV05_TCRBJ02,2.853995308031714e-06
CASSLGHRDSSYEQYF_TCRBV05_TCRBJ02,8.56198592409514e-06
CASSLGHRDSSYEQYF_TCRBV05_TCRBJ02,1.712397184819028e-05
CASSQNRGQETQYF_TCRBV14_TCRBJ02,5.707990616063428e-06
CASSGQGAYEQYF_TCRBV09_TCRBJ02,0.0001055978263971
CASSGQGAYEQYF_TCRBV09_TCRBJ02,1.1415981232126855e-05
CASSGQGAYEQYF_TCRBV09_TCRBJ02,1.4269976540158569e-05
CASSGQGAYEQYF_TCRBV09_TCRBJ02,2.853995308031714e-06
CASSAGQGVTYEQYF_TCRBV09_TCRBJ02,2.853995308031714e-06
CASSAQGAYEQYF_TCRBV09_TCRBJ02,2.853995308031714e-06
CASSRTSGGAEDTQYF_TCRBV04_TCRBJ02,2.853995308031714e-06
CASSQDLRGGNQPQHF_TCRBV04_TCRBJ01,5.707990616063428e-06
CASSQDLRGGNQPQHF_TCRBV04_TCRBJ01,8.56198592409514e-06
CASSPDNSGNTIYF_TCRBV18_TCRBJ01,2.853995308031714e-06
CASSLAPGATNEKLFF_TCRBV07_TCRBJ01,2.853995308031714e-06
CASSLGLANEQFF_TCRBV06_TCRBJ02,2.853995308031714e-06
CASSQNRAQETQYF_TCRBV14_TCRBJ02,5.707990616063428e-06
CASSLRGQSTDTQYF_TCRBV27_TCRBJ02,8.56198592409514e-06
CASSPDRVGQETQYF_TCRBV05_TCRBJ02,5.137191554457085e-05
CASSPDRVGQETQYF_TCRBV05_TCRBJ02,2.853995308031714e-06
CASMGGASYEQYF_TCRBV27_TCRBJ02,1.1415981232126855e-05
CASSQTGGRNQPQHF_TCRBV12_TCRBJ01,2.853995308031714e-06
CASSPDSGGTDTQYF_TCRBV07_TCRBJ02,6.849588739276112e-05
CASSRGRQETQYF_TCRBV07_TCRBJ02,1.1415981232126855e-05
CASSSANYGYTF_TCRBV12_TCRBJ01,3.424794369638056e-05
CASSSANYGYTF_TCRBV12_TCRBJ01,2.853995308031714e-06
CASSLEGQGHNEQFF_TCRBV05_TCRBJ02,2.853995308031714e-06
CASSLNRGQETQYF_TCRBV14_TCRBJ02,2.853995308031714e-06
