combined,frequency
CASSLGHRDPNTGELFF_TCRBV05_TCRBJ02,4.193902066395461e-05
CASSSRGTGELFF_TCRBV28_TCRBJ02,5.991288666279229e-06
CASSLAPGATNEKLFF_TCRBV07_TCRBJ01,0.0001617647939895
CASSLAPGATNEKLFF_TCRBV07_TCRBJ01,0.0004074076293069
CASSSLAGPTDTQYF_TCRBV05_TCRBJ02,5.991288666279229e-06
CAWSVSDLAKNIQYF_TCRBV30_TCRBJ02,1.797386599883769e-05
CATSRDSQGSYGYTF_TCRBV15_TCRBJ01,6.590417532907153e-05
CASSPPSGLTDTQYF_TCRBV28_TCRBJ02,5.991288666279229e-06
CASSGQGAYEQYF_TCRBV09_TCRBJ02,1.198257733255846e-05
CASSGQGAYEQYF_TCRBV09_TCRBJ02,5.991288666279229e-06
CASSSDSGGTDTQYF_TCRBV07_TCRBJ02,5.991288666279229e-06
CATSRGTVSYEQYF_TCRBV15_TCRBJ02,5.991288666279229e-06
CATSRGTVSYEQYF_TCRBV15_TCRBJ02,2.995644333139615e-05
CASSAQGAYEQYF_TCRBV09_TCRBJ02,1.198257733255846e-05
CATSRDTQGSYGYTF_TCRBV15_TCRBJ01,6.590417532907153e-05
