combined,frequency
CASSPDRVGQETQYF_TCRBV05_TCRBJ02,6.573800774393732e-06
CASSPDRVGQETQYF_TCRBV05_TCRBJ02,2.410393617277701e-05
CASSISAGEAFF_TCRBV19_TCRBJ01,5.478167311994776e-06
CASSLRREKLFF_TCRBV05_TCRBJ01,1.0956334623989552e-05
CASSESGHRNQPQHF_TCRBV10_TCRBJ01,4.382533849595821e-06
CASSPRQGATDTQYF_TCRBV11_TCRBJ02,2.1912669247979105e-06
CASSPRQGATDTQYF_TCRBV11_TCRBJ02,4.382533849595821e-06
CASSPRQGATDTQYF_TCRBV11_TCRBJ02,4.382533849595821e-06
CASSPRQGATDTQYF_TCRBV11_TCRBJ02,2.1912669247979103e-05
CASSSGLAGGPYEQYF_TCRBV05_TCRBJ02,5.478167311994776e-06
CASSLPSGLTDTQYF_TCRBV28_TCRBJ02,2.1912669247979105e-06
CASSLPSGLTDTQYF_TCRBV28_TCRBJ02,5.478167311994776e-06
