combined,frequency
CASSLEGQGFGYTF_TCRBV05_TCRBJ01,1.526311511784842e-06
CASSQRTSGAYNEQFF_TCRBV04_TCRBJ02,3.942971405444175e-06
CASSPRGTYEQYF_TCRBV19_TCRBJ02,4.3245492833903865e-06
CASSLAPGATNEKLFF_TCRBV07_TCRBJ01,1.869731601936432e-05
CASSLAPGATNEKLFF_TCRBV07_TCRBJ01,7.75875018490628e-06
CASSVGTLNTGELFF_TCRBV09_TCRBJ02,3.942971405444175e-06
CASSPAGLNTEAFF_TCRBV19_TCRBJ01,3.052623023569684e-06
CASSRNRESNQPQHF_TCRBV06_TCRBJ01,1.3991188858027715e-06
CASSQTNTGELFF_TCRBV03_TCRBJ02,4.451741909372456e-06
CATSREGSGYEQYF_TCRBV15_TCRBJ02,2.543852519641403e-07
CAISESGTGGGYTF_TCRBV10_TCRBJ01,4.3245492833903865e-06
