combined,frequency
CASSPLGEQYF_TCRBV18_TCRBJ02,6.590784764741937e-06
CASSLEQYGYTF_TCRBV05_TCRBJ01,3.2953923823709686e-06
CASSQTNTGELFF_TCRBV03_TCRBJ02,3.2953923823709686e-06
