combined,frequency
CASSQDLRGGNQPQHF_TCRBV04_TCRBJ01,2.953668751956805e-06
CASSPQRNTEAFF_TCRBV04_TCRBJ01,2.953668751956805e-06
CASSPPGQGSDTQYF_TCRBV18_TCRBJ02,2.953668751956805e-06
CASSIEGNQPQHF_TCRBV28_TCRBJ01,1.7722012511740837e-05
CASSLVIGGDTEAFF_TCRBV05_TCRBJ01,2.953668751956805e-06
CASSLGLANEQFF_TCRBV06_TCRBJ02,2.953668751956805e-06
CASSQTNTGELFF_TCRBV03_TCRBJ02,2.953668751956805e-06
CASSYGGLGSYEQYF_TCRBV06_TCRBJ02,5.907337503913612e-06
CATSRGTVSYEQYF_TCRBV15_TCRBJ02,2.953668751956805e-06
CASSLEAEYEQYF_TCRBV07_TCRBJ02,2.953668751956805e-06
CASSPSTGTEAFF_TCRBV05_TCRBJ01,2.953668751956805e-06
CASSFGGAGDTQYF_TCRBV12_TCRBJ02,2.953668751956805e-06
CASSLRGQSTDTQYF_TCRBV27_TCRBJ02,1.1814675007827224e-05
CASSLVAGGRETQYF_TCRBV05_TCRBJ02,2.953668751956805e-06
