combined,frequency
CATSDGDTQYF_TCRBV24_TCRBJ02,9.528891599329168e-07
CASSSLAGPTDTQYF_TCRBV05_TCRBJ02,2.501334044823906e-06
CASSQTNTGELFF_TCRBV03_TCRBJ02,7.146668699496874e-07
CASSQGTSGGYEQYF_TCRBV03_TCRBJ02,2.501334044823906e-06
CATSDGDEQFF_TCRBV24_TCRBJ02,3.335112059765208e-06
CASSRGRQETQYF_TCRBV07_TCRBJ02,1.905778319865833e-06
