combined,frequency
CASSLDAGGSYNEQFF_TCRBV05_TCRBJ02,6.514155803407121e-07
CASSPQRNTEAFF_TCRBV04_TCRBJ01,1.7371082142418986e-06
CASSQVGGELFF_TCRBV04_TCRBJ02,5.537032432896054e-06
CASSQVGGELFF_TCRBV04_TCRBJ02,7.599848437308307e-07
CSARETGSNYGYTF_TCRBV20_TCRBJ01,2.388523794582611e-06
CASSLSRGEQYF_TCRBV27_TCRBJ02,3.3656471650936788e-06
