combined,frequency
CASSIEGNQPQHF_TCRBV28_TCRBJ01,3.440597397807376e-06
CASSGQGAYEQYF_TCRBV09_TCRBJ02,2.305200256530942e-05
CASSGQGAYEQYF_TCRBV09_TCRBJ02,3.7846571375881134e-06
CASSRNRESNQPQHF_TCRBV06_TCRBJ01,4.4727766171495885e-06
CASSSDSGGTDTQYF_TCRBV07_TCRBJ02,1.720298698903688e-06
CASSSGQVQETQYF_TCRBV11_TCRBJ02,4.1287168773688524e-06
CASSAQGAYEQYF_TCRBV09_TCRBJ02,2.0643584386844262e-06
CASSAQGAYEQYF_TCRBV09_TCRBJ02,2.0643584386844262e-06
CASSLVASGRETQYF_TCRBV05_TCRBJ02,6.881194795614752e-07
CASSSPGRSGANVLTF_TCRBV28_TCRBJ02,7.22525453539549e-06
CASSSPGRSGANVLTF_TCRBV28_TCRBJ02,3.096537658026638e-06
CASSLEGQQPQHF_TCRBV28_TCRBJ01,1.857922594815983e-05
CASSLNRGQETQYF_TCRBV14_TCRBJ02,1.0321792193422131e-06
