combined,frequency
CATSDGDTQYF_TCRBV24_TCRBJ02,3.1802165091399427e-06
CASSLATPYEQYF_TCRBV07_TCRBJ02,3.1802165091399427e-06
CASSLDAGGSYNEQFF_TCRBV05_TCRBJ02,3.1802165091399427e-06
CASSQVGGELFF_TCRBV04_TCRBJ02,3.1802165091399427e-06
CASSQVGGELFF_TCRBV04_TCRBJ02,3.1802165091399427e-06
CASSIEGNQPQHF_TCRBV28_TCRBJ01,6.360433018279885e-06
CATSDGETQYF_TCRBV24_TCRBJ02,3.1802165091399427e-06
CSALGHSNQPQHF_TCRBV20_TCRBJ01,3.1802165091399427e-06
CASSSGLAGGPYEQYF_TCRBV05_TCRBJ02,3.1802165091399427e-06
