combined,frequency
CASSPDRVGQETQYF_TCRBV05_TCRBJ02,1.98739909477946e-06
CASSSANYGYTF_TCRBV12_TCRBJ01,9.9369954738973e-07
CASSPPGQGSDTQYF_TCRBV18_TCRBJ02,1.1924394568676762e-06
CSVEEDEGIYGYTF_TCRBV29_TCRBJ01,1.9476511128838708e-05
CASSPGQEAGANVLTF_TCRBV05_TCRBJ02,7.949596379117841e-07
CATSDGETQYF_TCRBV24_TCRBJ02,3.776058280080976e-06
CASSMGQHSNQPQHF_TCRBV19_TCRBJ01,7.353376650684002e-06
CASSMGQHSNQPQHF_TCRBV19_TCRBJ01,1.5899192758235682e-06
CASSLVIGGDTEAFF_TCRBV05_TCRBJ01,1.4905493210845953e-05
CASSYGGLGSYEQYF_TCRBV06_TCRBJ02,6.558417012772219e-06
CASSSGLAGGPYEQYF_TCRBV05_TCRBJ02,1.3911793663456225e-06
CASSPDSGGTDTQYF_TCRBV07_TCRBJ02,1.1924394568676762e-06
CASSPSTGTEAFF_TCRBV05_TCRBJ01,5.246733610217775e-05
CATSDGDEQFF_TCRBV24_TCRBJ02,3.97479818955892e-06
CASSLVAGGRETQYF_TCRBV05_TCRBJ02,6.160937193816328e-06
CASSLVAGGRETQYF_TCRBV05_TCRBJ02,5.564717465382489e-06
