combined,frequency
CASSIGPLEHNEQFF_TCRBV19_TCRBJ02,5.75600303149493e-06
CATSDGETQYF_TCRBV24_TCRBJ02,1.1286280453911626e-06
CATSRDSQGSYGYTF_TCRBV15_TCRBJ01,9.0290243631293e-07
CATSRDTQGSYGYTF_TCRBV15_TCRBJ01,4.51451218156465e-07
CASSEARTRAFF_TCRBV06_TCRBJ01,3.1601585270952555e-06
CASSRGRQETQYF_TCRBV07_TCRBJ02,4.965963399721116e-06
CASSRGRQETQYF_TCRBV07_TCRBJ02,7.900396317738139e-07
