combined,frequency
CASSLGARETQYF_TCRBV11_TCRBJ02,7.842680927457208e-06
CASSPDNSGNTIYF_TCRBV18_TCRBJ01,1.2767154998186152e-06
CASSESGHRNQPQHF_TCRBV10_TCRBJ01,1.185521535545857e-05
CASSESGHRNQPQHF_TCRBV10_TCRBJ01,5.65402578491101e-06
CASSLAPGATNEKLFF_TCRBV07_TCRBJ01,2.115699971127991e-05
CASRSDSGANVLTF_TCRBV06_TCRBJ02,4.194922356546879e-06
CAWSVSDLAKNIQYF_TCRBV30_TCRBJ02,5.471637856365493e-06
CASSFTGDSNQPQHF_TCRBV07_TCRBJ01,9.119396427275824e-07
CASSLVASGRETQYF_TCRBV05_TCRBJ02,3.4653706423648123e-06
CASSLTGGRNQPQHF_TCRBV12_TCRBJ01,4.559698213637912e-06
CASSSPGRSGANVLTF_TCRBV28_TCRBJ02,3.10059478527378e-06
CASSLEGQQPQHF_TCRBV28_TCRBJ01,2.7358189281827467e-06
