combined,frequency
CASSLVGGSEQYF_TCRBV05_TCRBJ02,4.4064271468452015e-06
CASSLVGGSEQYF_TCRBV05_TCRBJ02,6.779118687454156e-07
CASSFTGDSNQPQHF_TCRBV07_TCRBJ01,2.372691540608955e-06
CASSQVGGELFF_TCRBV04_TCRBJ02,4.4064271468452015e-06
