combined,frequency
CASSRTSGGAEDTQYF_TCRBV04_TCRBJ02,5.7746078175100735e-06
CASSRTSGGAEDTQYF_TCRBV04_TCRBJ02,2.8873039087550368e-06
CASSSANYGYTF_TCRBV12_TCRBJ01,3.830489852281682e-05
CASSSANYGYTF_TCRBV12_TCRBJ01,2.502330054254365e-06
CASSQDLRGGNQPQHF_TCRBV04_TCRBJ01,0.0001678486005622
CASSQDLRGGNQPQHF_TCRBV04_TCRBJ01,1.3474084907523503e-05
CASSQDLRGGNQPQHF_TCRBV04_TCRBJ01,8.084450944514102e-06
CASSQDLRGGNQPQHF_TCRBV04_TCRBJ01,5.7746078175100735e-06
CASSQDLRGGNQPQHF_TCRBV04_TCRBJ01,5.004660108508731e-06
CASSQDLRGGNQPQHF_TCRBV04_TCRBJ01,1.924869272503358e-06
CASSQDLRGGNQPQHF_TCRBV04_TCRBJ01,1.154921563502015e-06
CSASGQGAEAFF_TCRBV20_TCRBJ01,7.699477090013432e-07
CSASPGQGASYGYTF_TCRBV20_TCRBJ01,2.8873039087550368e-06
CSASPGQGASYGYTF_TCRBV20_TCRBJ01,7.699477090013432e-07
CAWSVSDLAKNIQYF_TCRBV30_TCRBJ02,2.1173561997536936e-06
CSVRDNFNQPQHF_TCRBV29_TCRBJ01,7.699477090013432e-07
CSVRDNFNQPQHF_TCRBV29_TCRBJ01,5.774607817510075e-07
CASSTTGGDGYTF_TCRBV19_TCRBJ01,1.7131336525279884e-05
CASSTTGGDGYTF_TCRBV19_TCRBJ01,1.231916334402149e-05
CASSLRGQSTDTQYF_TCRBV27_TCRBJ02,1.0779267926018803e-05
