combined,frequency
CASSLAPGATNEKLFF_TCRBV07_TCRBJ01,0.0006674157882581
CASSLAPGATNEKLFF_TCRBV07_TCRBJ01,7.85195045009599e-06
CASSLAPGATNEKLFF_TCRBV07_TCRBJ01,1.0241674500125204e-06
CASSLAPGATNEKLFF_TCRBV07_TCRBJ01,8.534728750104338e-07
CASSLAPGATNEKLFF_TCRBV07_TCRBJ01,6.82778300008347e-07
CAWSVSDLAKNIQYF_TCRBV30_TCRBJ02,5.120837250062602e-07
CATSDGETQYF_TCRBV24_TCRBJ02,1.7069457500208676e-06
CATSRGTVSYEQYF_TCRBV15_TCRBJ02,1.1948620250146073e-06
CASSLSRGEQYF_TCRBV27_TCRBJ02,1.7069457500208676e-06
