combined,frequency
CASSQVGGELFF_TCRBV04_TCRBJ02,1.0357220536296878e-06
CATSDGETQYF_TCRBV24_TCRBJ02,1.0357220536296878e-06
CASSQTNTGELFF_TCRBV03_TCRBJ02,1.0357220536296878e-06
CASSQTNTGELFF_TCRBV03_TCRBJ02,1.0357220536296878e-06
CASSQGTSGGYEQYF_TCRBV03_TCRBJ02,1.0357220536296878e-06
CASSLEQYGYTF_TCRBV05_TCRBJ01,3.107166160889064e-06
CASSIWGLDTEAFF_TCRBV19_TCRBJ01,2.071444107259376e-06
CASSIWGLDTEAFF_TCRBV19_TCRBJ01,1.0357220536296878e-06
CASSLSRGEQYF_TCRBV27_TCRBJ02,2.071444107259376e-06
CASSLSRGEQYF_TCRBV27_TCRBJ02,1.0357220536296878e-06
