combined,frequency
CASSPDRVGQETQYF_TCRBV05_TCRBJ02,1.2991099067279684e-05
CASSLFGTGGNTEAFF_TCRBV05_TCRBJ01,1.6238873834099605e-06
CASSSDSGGTDTQYF_TCRBV07_TCRBJ02,8.119436917049803e-06
CSARGAGGNYGYTF_TCRBV20_TCRBJ01,2.0298592292624507e-06
CASSLEGQQPQHF_TCRBV28_TCRBJ01,5.683605841934862e-06
CASSLEGQQPQHF_TCRBV28_TCRBJ01,1.6238873834099605e-06
CASSPDSGGTDTQYF_TCRBV07_TCRBJ02,1.0555267992164743e-05
CASSTTGGDGYTF_TCRBV19_TCRBJ01,1.1773183529722216e-05
CASSLRGQSTDTQYF_TCRBV27_TCRBJ02,1.6238873834099605e-06
CASSRGRQETQYF_TCRBV07_TCRBJ02,2.1922479676034463e-05
CASSRGRQETQYF_TCRBV07_TCRBJ02,1.1367211683869724e-05
