combined,frequency
CASSSANYGYTF_TCRBV12_TCRBJ01,2.8762270703738984e-06
CASSQDLRGGNQPQHF_TCRBV04_TCRBJ01,1.6256935615156817e-06
CASSRDRATNEKLFF_TCRBV06_TCRBJ01,6.00256084251944e-06
CASSYSTVGETQYF_TCRBV06_TCRBJ02,1.1254801579723949e-06
CASSLVGGSEQYF_TCRBV05_TCRBJ02,1.6256935615156817e-06
CASSQTNTGELFF_TCRBV03_TCRBJ02,3.376440473917185e-06
CASSPLGEQYF_TCRBV18_TCRBJ02,3.626547175688829e-06
CASSPLGEQYF_TCRBV18_TCRBJ02,3.751600526574649e-07
CATSDGDEQFF_TCRBV24_TCRBJ02,2.751173719488077e-06
CASSYGGLGSYEQYF_TCRBV06_TCRBJ02,7.503201053149298e-07
