combined,frequency
CASSRNRGYEQYF_TCRBV12_TCRBJ02,1.7010303140612269e-06
CASSLATPYEQYF_TCRBV07_TCRBJ02,1.7010303140612269e-06
CASMGGASYEQYF_TCRBV27_TCRBJ02,3.4020606281224538e-06
CASMGGASYEQYF_TCRBV27_TCRBJ02,1.7010303140612269e-06
CASSLAPGATNEKLFF_TCRBV07_TCRBJ01,0.0003589173962669
CASSLAPGATNEKLFF_TCRBV07_TCRBJ01,6.804121256244908e-06
CASSLAPGATNEKLFF_TCRBV07_TCRBJ01,5.1030909421836815e-06
CASSLAPGATNEKLFF_TCRBV07_TCRBJ01,1.7010303140612269e-06
CASSVGTLNTGELFF_TCRBV09_TCRBJ02,1.7010303140612269e-06
CSVEVRGTDTQYF_TCRBV29_TCRBJ02,1.7010303140612269e-06
CASSRGRQETQYF_TCRBV07_TCRBJ02,6.804121256244908e-06
CASSRGRQETQYF_TCRBV07_TCRBJ02,1.7010303140612269e-06
CASSMGQHSNQPQHF_TCRBV19_TCRBJ01,3.4020606281224538e-06
CASSRNRESNQPQHF_TCRBV06_TCRBJ01,1.7010303140612269e-06
CATSRGTVSYEQYF_TCRBV15_TCRBJ02,3.4020606281224538e-06
CASSQVPGQGDNEQFF_TCRBV14_TCRBJ02,5.103090942183681e-05
CASSQVPGQGDNEQFF_TCRBV14_TCRBJ02,1.020618188436736e-05
CASSLGGAGDTQYF_TCRBV12_TCRBJ02,3.4020606281224538e-06
CASSPQDRVYGYTF_TCRBV27_TCRBJ01,1.7010303140612269e-06
CASSFGDRAYNEQFF_TCRBV05_TCRBJ02,6.97422428765103e-05
CASSPSTGTEAFF_TCRBV05_TCRBJ01,1.7010303140612269e-06
CASSFGGAGDTQYF_TCRBV12_TCRBJ02,0.0002602576380513
CASSFGGAGDTQYF_TCRBV12_TCRBJ02,1.3608242512489817e-05
CASSFGGAGDTQYF_TCRBV12_TCRBJ02,3.4020606281224538e-06
CASSEARGGVEKLFF_TCRBV06_TCRBJ01,1.7010303140612269e-06
CASSLVAGGRETQYF_TCRBV05_TCRBJ02,1.7010303140612269e-06
