combined,frequency
CASSLGHRDSSYEQYF_TCRBV05_TCRBJ02,5.107631993979803e-06
CASSLGHRDSSYEQYF_TCRBV05_TCRBJ02,2.270058663991024e-06
CASSLGHRDSSYEQYF_TCRBV05_TCRBJ02,7.093933324971951e-07
CASSQDLRGGNQPQHF_TCRBV04_TCRBJ01,1.702543997993268e-06
CASSLATPYEQYF_TCRBV07_TCRBJ02,3.1213306629876583e-06
CAWRGTGNSPLHF_TCRBV30_TCRBJ01,3.4050879959865363e-06
CASSLRREKLFF_TCRBV05_TCRBJ01,6.952054658472513e-06
CASSQNRGQETQYF_TCRBV14_TCRBJ02,2.83757332998878e-07
CASSGQGAYEQYF_TCRBV09_TCRBJ02,5.533267993478122e-06
CASSGQGAYEQYF_TCRBV09_TCRBJ02,1.8444226644927071e-06
CASSGQGAYEQYF_TCRBV09_TCRBJ02,7.093933324971951e-07
CASSGQGAYEQYF_TCRBV09_TCRBJ02,4.2563599949831693e-07
CASSGQGAYEQYF_TCRBV09_TCRBJ02,2.83757332998878e-07
CASSQGTSGGYEQYF_TCRBV03_TCRBJ02,1.2769079984949508e-06
CASSTTGGDGYTF_TCRBV19_TCRBJ01,1.986301330992146e-06
CASSLGPAGLSTDTQYF_TCRBV07_TCRBJ02,8.512719989966341e-07
