combined,frequency
CASSPRGTYEQYF_TCRBV19_TCRBJ02,1.912139227131321e-06
CASSPDRVGQETQYF_TCRBV05_TCRBJ02,2.1370967832644176e-06
CASSLATPYEQYF_TCRBV07_TCRBJ02,2.2495755613309656e-06
CATSDGDTQYF_TCRBV24_TCRBJ02,2.30581495036424e-05
CATSDGDTQYF_TCRBV24_TCRBJ02,3.036927007796804e-06
CATSDGDTQYF_TCRBV24_TCRBJ02,2.362054339397514e-06
CASSIGPLEHNEQFF_TCRBV19_TCRBJ02,5.376485591581009e-05
CASSIGPLEHNEQFF_TCRBV19_TCRBJ02,8.098472020791478e-06
CASSIGPLEHNEQFF_TCRBV19_TCRBJ02,3.711799676196094e-06
CASSIGPLEHNEQFF_TCRBV19_TCRBJ02,2.024618005197869e-06
CSVEEDEGIYGYTF_TCRBV29_TCRBJ01,1.237266558732031e-06
CASSPGQEAGANVLTF_TCRBV05_TCRBJ02,3.036927007796804e-06
CASSRGRQETQYF_TCRBV07_TCRBJ02,1.1247877806654828e-06
CATSDGETQYF_TCRBV24_TCRBJ02,5.511460125260866e-06
CATSDGETQYF_TCRBV24_TCRBJ02,2.024618005197869e-06
CASSLFGTGGNTEAFF_TCRBV05_TCRBJ01,3.4081069754164136e-05
CASSLFGTGGNTEAFF_TCRBV05_TCRBJ01,4.499151122661932e-07
CASSLGLKGTQYF_TCRBV12_TCRBJ02,4.386672344595383e-06
CSVRDNFNQPQHF_TCRBV29_TCRBJ01,2.1370967832644176e-06
CASSSGLAGGPYEQYF_TCRBV05_TCRBJ02,1.237266558732031e-06
CASSSGLAGGPYEQYF_TCRBV05_TCRBJ02,2.249575561330966e-07
CASSFHGFNQPQHF_TCRBV05_TCRBJ01,2.8119694516637072e-06
CATSDGDEQFF_TCRBV24_TCRBJ02,5.623938903327415e-06
CATSDGDEQFF_TCRBV24_TCRBJ02,3.1494057858633527e-06
CASSEARTRAFF_TCRBV06_TCRBJ01,1.012309002598935e-06
CASSEARGGVEKLFF_TCRBV06_TCRBJ01,3.374363341996449e-06
CASSLVAGGRETQYF_TCRBV05_TCRBJ02,5.398981347194318e-06
CASSLVAGGRETQYF_TCRBV05_TCRBJ02,6.748726683992898e-07
