combined,frequency
CSVEEDEGIYGYTF_TCRBV29_TCRBJ01,2.7483891004385056e-06
CASSLGLKGTQYF_TCRBV12_TCRBJ02,2.473550190394655e-05
CASSPQDRVYGYTF_TCRBV27_TCRBJ01,1.3741945502192528e-06
CATSDSVTNTGELFF_TCRBV24_TCRBJ02,1.3741945502192528e-06
CASSQDLRGGNQPQHF_TCRBV04_TCRBJ01,5.359358745855086e-05
CASSRSGLAGNTGELFF_TCRBV06_TCRBJ02,9.61936185153477e-06
CASSLAPGATNEKLFF_TCRBV07_TCRBJ01,7.832908936249741e-05
CASSLAPGATNEKLFF_TCRBV07_TCRBJ01,1.7864529152850284e-05
CASSIEGNQPQHF_TCRBV28_TCRBJ01,1.3741945502192528e-06
CATSDGETQYF_TCRBV24_TCRBJ02,1.3741945502192528e-06
CASSTTGGDGYTF_TCRBV19_TCRBJ01,2.7483891004385056e-06
CASSPSTGTEAFF_TCRBV05_TCRBJ01,1.3741945502192528e-06
CASSPSTGTEAFF_TCRBV05_TCRBJ01,9.61936185153477e-06
CATSDGDEQFF_TCRBV24_TCRBJ02,1.3741945502192528e-06
CATSDGDEQFF_TCRBV24_TCRBJ02,1.3741945502192528e-06
CATSDGDEQFF_TCRBV24_TCRBJ02,1.3741945502192528e-06
CASSLRGQSTDTQYF_TCRBV27_TCRBJ02,8.245167301315518e-06
CASSLRGQSTDTQYF_TCRBV27_TCRBJ02,2.7483891004385056e-06
CASSQVPGQGDNEQFF_TCRBV14_TCRBJ02,1.3741945502192528e-06
CASSLGARETQYF_TCRBV11_TCRBJ02,1.3741945502192528e-06
CASSRNRGYEQYF_TCRBV12_TCRBJ02,9.61936185153477e-06
CASSRNRGYEQYF_TCRBV12_TCRBJ02,2.610969645416581e-05
CATSDGDTQYF_TCRBV24_TCRBJ02,1.3741945502192528e-06
CATSDGDTQYF_TCRBV24_TCRBJ02,1.3741945502192528e-06
CASSLVIGGDTEAFF_TCRBV05_TCRBJ01,2.7483891004385056e-06
CSALGHSNQPQHF_TCRBV20_TCRBJ01,1.3741945502192528e-06
CASSQTGGRNQPQHF_TCRBV12_TCRBJ01,9.61936185153477e-06
CASSQTGGRNQPQHF_TCRBV12_TCRBJ01,1.3741945502192528e-06
CSARGAGGNYGYTF_TCRBV20_TCRBJ01,1.3741945502192528e-06
CASSPPGQGSDTQYF_TCRBV18_TCRBJ02,1.3741945502192528e-06
CASSMGQHSNQPQHF_TCRBV19_TCRBJ01,0.0001154323422184
CASSLVASGRETQYF_TCRBV05_TCRBJ02,1.3741945502192528e-06
