combined,frequency
CASSLDAGGSYNEQFF_TCRBV05_TCRBJ02,5.80492547926916e-06
CASSPPGQGSDTQYF_TCRBV18_TCRBJ02,4.7805268652804845e-06
CASSPPGQGSDTQYF_TCRBV18_TCRBJ02,3.585395148960364e-06
CASSSLAGPTDTQYF_TCRBV05_TCRBJ02,2.0487972279773502e-06
CASSSLAGPTDTQYF_TCRBV05_TCRBJ02,1.0243986139886751e-06
CASSVGTLNTGELFF_TCRBV09_TCRBJ02,1.3658648186515672e-06
CASSQTNTGELFF_TCRBV03_TCRBJ02,5.80492547926916e-06
