combined,frequency
CASSSANYGYTF_TCRBV12_TCRBJ01,6.443638664175127e-05
CASSSANYGYTF_TCRBV12_TCRBJ01,1.757355999320489e-05
CASSSANYGYTF_TCRBV12_TCRBJ01,1.1715706662136595e-05
CASSQNRGQETQYF_TCRBV14_TCRBJ02,5.857853331068298e-06
CASSLIGVSSYNEQFF_TCRBV07_TCRBJ02,5.857853331068298e-06
CATSDGETQYF_TCRBV24_TCRBJ02,5.857853331068298e-06
CASSPPSGLTDTQYF_TCRBV28_TCRBJ02,5.857853331068298e-06
CASSGQGAYEQYF_TCRBV09_TCRBJ02,2.343141332427319e-05
CASSGQGAYEQYF_TCRBV09_TCRBJ02,5.857853331068298e-06
CASSGQGAYEQYF_TCRBV09_TCRBJ02,5.857853331068298e-06
CASSLPSGLTDTQYF_TCRBV28_TCRBJ02,5.857853331068298e-06
CASSLPSGLTDTQYF_TCRBV28_TCRBJ02,5.857853331068298e-06
CASSPQGAYEQYF_TCRBV09_TCRBJ02,5.857853331068298e-06
