combined,frequency
CASSQVGGELFF_TCRBV04_TCRBJ02,2.835450555670978e-06
CATSDGDTQYF_TCRBV24_TCRBJ02,2.577682323337253e-06
CASSGDRLYEQYF_TCRBV02_TCRBJ02,1.546609394002352e-05
CASSYSTVGETQYF_TCRBV06_TCRBJ02,5.413132879008232e-06
CASSYSTVGETQYF_TCRBV06_TCRBJ02,1.0310729293349013e-06
