combined,frequency
CASSLDAGGSYNEQFF_TCRBV05_TCRBJ02,1.4233041864357687e-06
CASSSRGTGELFF_TCRBV28_TCRBJ02,6.40486883896096e-06
CASSLVGGSEQYF_TCRBV05_TCRBJ02,1.4233041864357687e-06
CATSDGETQYF_TCRBV24_TCRBJ02,1.4233041864357687e-06
CSARETGSNYGYTF_TCRBV20_TCRBJ01,1.4233041864357687e-06
