combined,frequency
CASTPGDEQFF_TCRBV25_TCRBJ02,3.683696154135298e-05
CASTPGDEQFF_TCRBV25_TCRBJ02,5.477215856002921e-06
CASSPQRNTEAFF_TCRBV04_TCRBJ01,0.0002999581154081
CASSPQRNTEAFF_TCRBV04_TCRBJ01,6.057156358403232e-05
CASSPQRNTEAFF_TCRBV04_TCRBJ01,9.773071429338546e-06
CASSPQRNTEAFF_TCRBV04_TCRBJ01,7.517747253337344e-07
CASSLIGVSSYNEQFF_TCRBV07_TCRBJ02,0.0011052162426299
CASSLIGVSSYNEQFF_TCRBV07_TCRBJ02,0.0004629858344162
CASSLIGVSSYNEQFF_TCRBV07_TCRBJ02,2.2338448981345248e-05
CASSLIGVSSYNEQFF_TCRBV07_TCRBJ02,1.1813602826672967e-06
CASSLIGVSSYNEQFF_TCRBV07_TCRBJ02,1.1813602826672967e-06
CASSLIGVSSYNEQFF_TCRBV07_TCRBJ02,7.517747253337344e-07
CASSLIGVSSYNEQFF_TCRBV07_TCRBJ02,6.443783360003437e-07
CASSLIGVSSYNEQFF_TCRBV07_TCRBJ02,6.443783360003437e-07
CASSLIGVSSYNEQFF_TCRBV07_TCRBJ02,4.295855573335625e-07
CASSLIGVSSYNEQFF_TCRBV07_TCRBJ02,2.1479277866678126e-07
CATSRDSQGSYGYTF_TCRBV15_TCRBJ01,4.940233909335968e-06
CATSRDSQGSYGYTF_TCRBV15_TCRBJ01,2.362720565334593e-06
CASSLTGGRNQPQHF_TCRBV12_TCRBJ01,3.758873626668672e-06
CASSRGRQETQYF_TCRBV07_TCRBJ02,4.295855573335625e-07
