combined,frequency
CASSRTSGGAEDTQYF_TCRBV04_TCRBJ02,3.2604345452821378e-06
CASSISAGEAFF_TCRBV19_TCRBJ01,6.792571969337788e-06
CASSSRGTGELFF_TCRBV28_TCRBJ02,1.1139818029713967e-05
CATSDSPYGYTF_TCRBV24_TCRBJ01,5.705760454243742e-06
CATSDSPYGYTF_TCRBV24_TCRBJ01,8.151086363205344e-07
CASSPRWQETQYF_TCRBV27_TCRBJ02,5.43405757547023e-07
CASSQVGGELFF_TCRBV04_TCRBJ02,2.037771590801336e-06
CASSPGQEAGANVLTF_TCRBV05_TCRBJ02,5.43405757547023e-07
CASSSGQVQETQYF_TCRBV11_TCRBJ02,8.422789241978856e-06
CSALGHSNQPQHF_TCRBV20_TCRBJ01,4.4830974997629385e-06
CASSPQDRVYGYTF_TCRBV27_TCRBJ01,2.7170287877351152e-06
CASSFPTSGQETQYF_TCRBV07_TCRBJ02,8.151086363205344e-07
