combined,frequency
CASSLEGQGFGYTF_TCRBV05_TCRBJ01,2.0504212248669617e-06
CASSSANYGYTF_TCRBV12_TCRBJ01,0.0002481009682089
CASSSANYGYTF_TCRBV12_TCRBJ01,4.579274068869548e-05
CASSGDRLYEQYF_TCRBV02_TCRBJ02,2.7338949664892826e-06
CASSRSGLAGNTGELFF_TCRBV06_TCRBJ02,4.100842449733924e-06
CASSLAPGATNEKLFF_TCRBV07_TCRBJ01,3.417368708111603e-06
CASSFPTSGQETQYF_TCRBV07_TCRBJ02,2.7338949664892826e-06
