combined,frequency
CASSPRGTYEQYF_TCRBV19_TCRBJ02,1.3075604452504829e-06
CSASPGQGASYGYTF_TCRBV20_TCRBJ01,9.15292311675338e-06
CASMGGASYEQYF_TCRBV27_TCRBJ02,3.922681335751448e-06
CASRSDSGANVLTF_TCRBV06_TCRBJ02,1.3075604452504829e-06
CASSPGDEQYF_TCRBV25_TCRBJ02,7.845362671502896e-06
CASSQVGGELFF_TCRBV04_TCRBJ02,1.3075604452504829e-06
CASSQTNTGELFF_TCRBV03_TCRBJ02,1.3075604452504829e-06
CASSQGTSGGYEQYF_TCRBV03_TCRBJ02,1.3075604452504829e-06
CASSQGTSGGYEQYF_TCRBV03_TCRBJ02,1.3075604452504829e-06
CASSQGTSGGYEQYF_TCRBV03_TCRBJ02,2.6151208905009657e-06
CASSLTGGRNQPQHF_TCRBV12_TCRBJ01,3.661169246701352e-05
CAISESGTGGGYTF_TCRBV10_TCRBJ01,2.6151208905009657e-06
CASSTTGGDGYTF_TCRBV19_TCRBJ01,3.922681335751448e-06
