combined,frequency
CASSLGARETQYF_TCRBV11_TCRBJ02,9.262743079850958e-07
CASSRNRGYEQYF_TCRBV12_TCRBJ02,1.4820388927761534e-06
CASSLDAGGSYNEQFF_TCRBV05_TCRBJ02,6.66917501749269e-06
CASSQTNTGELFF_TCRBV03_TCRBJ02,1.6672937543731723e-06
CASSPGTGTYGYTF_TCRBV10_TCRBJ01,1.111529169582115e-06
CASSLVAGGRETQYF_TCRBV05_TCRBJ02,1.111529169582115e-06
