combined,frequency
CASSPQRNTEAFF_TCRBV04_TCRBJ01,8.54999714017337e-06
CASSYSTVGETQYF_TCRBV06_TCRBJ02,3.3905161073101297e-06
CASSQVGGELFF_TCRBV04_TCRBJ02,5.3068947766593335e-06
CASSESPGNTEAFF_TCRBV10_TCRBJ01,2.800861132125759e-06
CSARETGSNYGYTF_TCRBV20_TCRBJ01,7.370687189804629e-07
CSARGAGGNYGYTF_TCRBV20_TCRBJ01,3.5379298511062218e-06
CASSEARGGVEKLFF_TCRBV06_TCRBJ01,2.948274875921853e-07
