combined,frequency
CASSPGDEQYF_TCRBV25_TCRBJ02,2.3572860706905305e-07
CATSRDSQGSYGYTF_TCRBV15_TCRBJ01,7.896908336813279e-06
CASSLGLKGTQYF_TCRBV12_TCRBJ02,1.6501002494833713e-06
CASSLGLKGTQYF_TCRBV12_TCRBJ02,8.250501247416856e-07
CASSLGLKGTQYF_TCRBV12_TCRBJ02,2.3572860706905305e-07
CASSLGLKGTQYF_TCRBV12_TCRBJ02,2.3572860706905305e-07
CASSYRTRQETQYF_TCRBV06_TCRBJ02,2.3572860706905304e-06
CASSYRTRQETQYF_TCRBV06_TCRBJ02,2.3572860706905305e-07
CATSRDTQGSYGYTF_TCRBV15_TCRBJ01,2.475150374225057e-06
