combined,frequency
CSAPGRLNTEAFF_TCRBV20_TCRBJ01,2.090500920604343e-06
CATSDGETQYF_TCRBV24_TCRBJ02,6.271502761813029e-06
CATSDGETQYF_TCRBV24_TCRBJ02,2.6131261507554287e-06
CSASGQGAEAFF_TCRBV20_TCRBJ01,1.5678756904532572e-06
CASSPGDEQFF_TCRBV25_TCRBJ02,1.0452504603021714e-06
