combined,frequency
CASSSANYGYTF_TCRBV12_TCRBJ01,4.409939120790436e-06
CASSSANYGYTF_TCRBV12_TCRBJ01,3.0869573845533063e-06
CASSPQRNTEAFF_TCRBV04_TCRBJ01,5.291926944948525e-06
CASSPQRNTEAFF_TCRBV04_TCRBJ01,2.939959413860292e-07
CASSPPGQGSDTQYF_TCRBV18_TCRBJ02,1.469979706930146e-06
CASSEIPNTEAFF_TCRBV06_TCRBJ01,4.556937091483452e-06
CSVRDNHNQPQHF_TCRBV29_TCRBJ01,4.115943179404408e-06
CASRSDSGANVLTF_TCRBV06_TCRBJ02,4.409939120790439e-07
CASSYGGLGSYEQYF_TCRBV06_TCRBJ02,2.792961443167277e-06
CASSLTGGRNQPQHF_TCRBV12_TCRBJ01,1.469979706930146e-06
CASSTTGGDGYTF_TCRBV19_TCRBJ01,8.819878241580875e-07
CASSTTGGDGYTF_TCRBV19_TCRBJ01,7.349898534650731e-07
CASSFPTSGQETQYF_TCRBV07_TCRBJ02,5.879918827720584e-07
CASSFPTSGQETQYF_TCRBV07_TCRBJ02,4.409939120790439e-07
CASSFPTSGQETQYF_TCRBV07_TCRBJ02,4.409939120790439e-07
CASSRGRQETQYF_TCRBV07_TCRBJ02,1.763975648316175e-06
CASSLVAGGRETQYF_TCRBV05_TCRBJ02,8.819878241580875e-07
