combined,frequency
CASSLGARETQYF_TCRBV11_TCRBJ02,9.54382610843428e-07
CASSISAGEAFF_TCRBV19_TCRBJ01,2.863147832530284e-06
CASSPQRNTEAFF_TCRBV04_TCRBJ01,0.0004542861227614
CASSPQRNTEAFF_TCRBV04_TCRBJ01,0.0001433482681486
CASSPQRNTEAFF_TCRBV04_TCRBJ01,3.6266539212050256e-06
CASSPQRNTEAFF_TCRBV04_TCRBJ01,7.635060886747424e-07
CASSEIPNTEAFF_TCRBV06_TCRBJ01,1.9087652216868563e-06
CASSEIPNTEAFF_TCRBV06_TCRBJ01,1.7178886995181704e-06
CASSPGDEQYF_TCRBV25_TCRBJ02,1.0498208719277706e-05
CASSPGDEQYF_TCRBV25_TCRBJ02,8.207690453253482e-06
CASSPGDEQYF_TCRBV25_TCRBJ02,3.6266539212050256e-06
CASSPGDEQYF_TCRBV25_TCRBJ02,2.863147832530284e-06
CASSPGDEQYF_TCRBV25_TCRBJ02,9.54382610843428e-07
CASSPGDEQYF_TCRBV25_TCRBJ02,7.635060886747424e-07
CASSLIGVSSYNEQFF_TCRBV07_TCRBJ02,7.749586800048635e-05
CASSIEGNQPQHF_TCRBV28_TCRBJ01,1.2406973940964564e-05
CASSPRQGATDTQYF_TCRBV11_TCRBJ02,2.7104466147953357e-05
CASSPRQGATDTQYF_TCRBV11_TCRBJ02,7.635060886747424e-07
CASSLDGGGTEAFF_TCRBV12_TCRBJ01,3.244900876867655e-06
CASSIWGLDTEAFF_TCRBV19_TCRBJ01,2.080554091638673e-05
CASSIWGLDTEAFF_TCRBV19_TCRBJ01,1.3552233073976675e-05
CASSIWGLDTEAFF_TCRBV19_TCRBJ01,5.153666098554511e-06
CASSIWGLDTEAFF_TCRBV19_TCRBJ01,1.5270121773494847e-06
CASSPGDEQFF_TCRBV25_TCRBJ02,2.099641743855541e-06
CATSDGDEQFF_TCRBV24_TCRBJ02,3.6266539212050256e-06
CATSDGDEQFF_TCRBV24_TCRBJ02,2.863147832530284e-06
CASSLGPAGLSTDTQYF_TCRBV07_TCRBJ02,3.817530443373712e-07
