combined,frequency
CASSSRGTGELFF_TCRBV28_TCRBJ02,7.764517706982632e-07
CASSYRTRQETQYF_TCRBV06_TCRBJ02,1.035269027597684e-06
CASSLEAEYEQYF_TCRBV07_TCRBJ02,1.0870324789775684e-05
CASSLEAEYEQYF_TCRBV07_TCRBJ02,1.035269027597684e-06
CASSLEGQQPQHF_TCRBV28_TCRBJ01,1.2423228331172211e-05
CASSLVAGGRETQYF_TCRBV05_TCRBJ02,5.952796908686684e-06
CASSLVAGGRETQYF_TCRBV05_TCRBJ02,1.035269027597684e-06
CASSLVAGGRETQYF_TCRBV05_TCRBJ02,5.17634513798842e-07
CSVRDNHNQPQHF_TCRBV29_TCRBJ01,9.058603991479735e-06
CASSLGGPGDTQYF_TCRBV12_TCRBJ02,3.8822588534913145e-06
CATSDGETQYF_TCRBV24_TCRBJ02,0.0001498551917447
CATSDGETQYF_TCRBV24_TCRBJ02,3.209333985552821e-05
CATSDGETQYF_TCRBV24_TCRBJ02,2.070538055195368e-06
CASSPSTGTEAFF_TCRBV05_TCRBJ01,6.703366953695005e-05
CASSPSTGTEAFF_TCRBV05_TCRBJ01,2.3552370377847316e-05
CATSDGDEQFF_TCRBV24_TCRBJ02,2.329355312094789e-06
CASSYGGLGSYEQYF_TCRBV06_TCRBJ02,5.17634513798842e-07
CASSEARGGVEKLFF_TCRBV06_TCRBJ01,1.2682045588071627e-05
CASSEARGGVEKLFF_TCRBV06_TCRBJ01,1.035269027597684e-06
CATSDGDTQYF_TCRBV24_TCRBJ02,1.8117207982959472e-06
CATSDGDTQYF_TCRBV24_TCRBJ02,1.035269027597684e-06
CASSLVIGGDTEAFF_TCRBV05_TCRBJ01,1.035269027597684e-06
CASSPAGLNTEAFF_TCRBV19_TCRBJ01,3.752850225041605e-05
CASSQTGGRNQPQHF_TCRBV12_TCRBJ01,1.035269027597684e-06
CATSREGSGYEQYF_TCRBV15_TCRBJ02,7.764517706982632e-07
CSVRDNFNQPQHF_TCRBV29_TCRBJ01,1.8117207982959472e-06
CASSSGLAGGPYEQYF_TCRBV05_TCRBJ02,5.17634513798842e-07
CASSFGGAGDTQYF_TCRBV12_TCRBJ02,1.8893659753657736e-05
CASSFGGAGDTQYF_TCRBV12_TCRBJ02,1.1646776560473949e-05
CASSFGGAGDTQYF_TCRBV12_TCRBJ02,8.282152220781473e-06
CASSFGGAGDTQYF_TCRBV12_TCRBJ02,2.846989825893632e-06
CASSFGGAGDTQYF_TCRBV12_TCRBJ02,1.5529035413965264e-06
CASSFGGAGDTQYF_TCRBV12_TCRBJ02,1.294086284497105e-06
CASSFGGAGDTQYF_TCRBV12_TCRBJ02,1.035269027597684e-06
CASSRGRQETQYF_TCRBV07_TCRBJ02,1.5529035413965258e-05
CASSRGRQETQYF_TCRBV07_TCRBJ02,1.035269027597684e-06
CASNRDRGRYEQYF_TCRBV06_TCRBJ02,1.3976131872568736e-05
CASNRDRGRYEQYF_TCRBV06_TCRBJ02,1.035269027597684e-06
CATSRGTVSYEQYF_TCRBV15_TCRBJ02,2.58817256899421e-06
CASSLGGAGDTQYF_TCRBV12_TCRBJ02,0.0005256578487627
CASSLGGAGDTQYF_TCRBV12_TCRBJ02,6.52219487386541e-05
CASSLGGAGDTQYF_TCRBV12_TCRBJ02,5.17634513798842e-06
CASSLGGAGDTQYF_TCRBV12_TCRBJ02,2.329355312094789e-06
CASSLGGAGDTQYF_TCRBV12_TCRBJ02,2.329355312094789e-06
