combined,frequency
CASSEIPNTEAFF_TCRBV06_TCRBJ01,7.137426492265202e-06
CASSEIPNTEAFF_TCRBV06_TCRBJ01,4.965166255488836e-06
CASSEIPNTEAFF_TCRBV06_TCRBJ01,4.034197582584679e-06
CASSEIPNTEAFF_TCRBV06_TCRBJ01,6.206457819361045e-07
CASSHRDRNYEQYF_TCRBV07_TCRBJ02,1.9860665021955343e-05
CASSHRDRNYEQYF_TCRBV07_TCRBJ02,8.378718056137411e-06
CASSHRDRNYEQYF_TCRBV07_TCRBJ02,1.241291563872209e-06
CATSRDSQGSYGYTF_TCRBV15_TCRBJ01,2.5136154168412236e-05
CATSRDSQGSYGYTF_TCRBV15_TCRBJ01,4.344520473552732e-06
CASSSDSGGTDTQYF_TCRBV07_TCRBJ02,1.8929696349051187e-05
CSVRDNFNQPQHF_TCRBV29_TCRBJ01,9.309686729041568e-07
CASSLEQYGYTF_TCRBV05_TCRBJ01,1.861937345808313e-06
CATSRDTQGSYGYTF_TCRBV15_TCRBJ01,2.7929060187124703e-06
