combined,frequency
CASSLEGQGFGYTF_TCRBV05_TCRBJ01,1.4964750530126286e-06
CASSISAGEAFF_TCRBV19_TCRBJ01,6.906807936981363e-07
CAWRGTGNSPLHF_TCRBV30_TCRBJ01,3.79874436533975e-06
CASSLVGGSEQYF_TCRBV05_TCRBJ02,8.057942593144923e-07
CASSEIPNTEAFF_TCRBV06_TCRBJ01,4.028971296572462e-06
CASSEIPNTEAFF_TCRBV06_TCRBJ01,2.877836640408901e-06
CASSEIPNTEAFF_TCRBV06_TCRBJ01,2.072042381094409e-06
CASSVGTLNTGELFF_TCRBV09_TCRBJ02,8.057942593144923e-07
CASSIWGLDTEAFF_TCRBV19_TCRBJ01,1.0014871508622977e-05
CASSPGTGTYGYTF_TCRBV10_TCRBJ01,2.187155846710765e-06
