combined,frequency
CASSGDRLYEQYF_TCRBV02_TCRBJ02,1.1921935168516554e-06
CASSYSTVGETQYF_TCRBV06_TCRBJ02,1.1921935168516554e-06
CASSQVGGELFF_TCRBV04_TCRBJ02,1.1921935168516554e-06
CASSYSTAGELFF_TCRBV06_TCRBJ02,1.1921935168516554e-06
CASSQTNTGELFF_TCRBV03_TCRBJ02,1.1921935168516554e-06
