combined,frequency
CASSPRGTYEQYF_TCRBV19_TCRBJ02,4.30247125881973e-06
CASSPDNSGNTIYF_TCRBV18_TCRBJ01,9.41165587866816e-07
CSASGQGAEAFF_TCRBV20_TCRBJ01,5.243636846686547e-06
CASSHRDRNYEQYF_TCRBV07_TCRBJ02,0.0020346655487412
CASSHRDRNYEQYF_TCRBV07_TCRBJ02,1.6134267220573988e-06
CASSHRDRNYEQYF_TCRBV07_TCRBJ02,1.6134267220573988e-06
CASSHRDRNYEQYF_TCRBV07_TCRBJ02,1.0756178147049323e-06
CASSHRDRNYEQYF_TCRBV07_TCRBJ02,8.067133610286994e-07
CASSHRDRNYEQYF_TCRBV07_TCRBJ02,2.689044536762332e-07
CATSDGETQYF_TCRBV24_TCRBJ02,6.050350207715247e-06
CASSIWGLDTEAFF_TCRBV19_TCRBJ01,1.7478789488955155e-06
