combined,frequency
CASMGGASYEQYF_TCRBV27_TCRBJ02,1.0299403664527825e-06
CASSLGQGIEAFF_TCRBV05_TCRBJ01,1.0299403664527825e-06
CASSLEQYGYTF_TCRBV05_TCRBJ01,1.0299403664527825e-06
CASSQTNTGELFF_TCRBV03_TCRBJ02,1.0299403664527825e-06
CASSQTNTGELFF_TCRBV03_TCRBJ02,1.0299403664527825e-06
