combined,frequency
CASSQDLRGGNQPQHF_TCRBV04_TCRBJ01,1.900012958088374e-06
CASSRSGLAGNTGELFF_TCRBV06_TCRBJ02,1.1400077748530246e-06
CATSDGETQYF_TCRBV24_TCRBJ02,2.660018141323724e-06
CASSRGRQETQYF_TCRBV07_TCRBJ02,1.900012958088374e-06
CASSPAGLNTEAFF_TCRBV19_TCRBJ01,0.0003727825423769
CASSPAGLNTEAFF_TCRBV19_TCRBJ01,1.5200103664706994e-06
CASSQTNTGELFF_TCRBV03_TCRBJ02,4.180028507794423e-06
CSARGAGGNYGYTF_TCRBV20_TCRBJ01,7.600051832353497e-07
CATSREGSGYEQYF_TCRBV15_TCRBJ02,1.1400077748530246e-06
CASSLEGQQPQHF_TCRBV28_TCRBJ01,1.1400077748530246e-06
CASSEARGGVEKLFF_TCRBV06_TCRBJ01,3.4960238428826084e-05
CASSEARGGVEKLFF_TCRBV06_TCRBJ01,4.180028507794423e-06
