combined,frequency
CASSPQRNTEAFF_TCRBV04_TCRBJ01,8.311758587551335e-06
CASSRGRQETQYF_TCRBV07_TCRBJ02,1.4330618254398858e-06
CASSQTNTGELFF_TCRBV03_TCRBJ02,1.4330618254398858e-06
CASSLGQGIEAFF_TCRBV05_TCRBJ01,1.2037719333695038e-05
CASSLVAGGRETQYF_TCRBV05_TCRBJ02,3.439348381055725e-06
