combined,frequency
CASSSANYGYTF_TCRBV12_TCRBJ01,5.737833185540661e-05
CASSSANYGYTF_TCRBV12_TCRBJ01,2.608105993427573e-05
CASSSANYGYTF_TCRBV12_TCRBJ01,5.216211986855146e-06
CASSLGLKGTQYF_TCRBV12_TCRBJ02,5.216211986855146e-06
CASSYGGLGSYEQYF_TCRBV06_TCRBJ02,5.216211986855146e-06
CSVRDNYNQPQHF_TCRBV29_TCRBJ01,0.0001356215116582
