combined,frequency
CASSEAPSTSTDTQYF_TCRBV02_TCRBJ02,2.7954939619194087e-06
CASGRDTYEQYF_TCRBV02_TCRBJ02,1.6772963771516452e-05
CASSLGDRPDTQYF_TCRBV11_TCRBJ02,1.6400231243260528e-05
CASMGGASYEQYF_TCRBV27_TCRBJ02,2.571854444965856e-05
CASNRDRGRYEQYF_TCRBV06_TCRBJ02,6.150086716222699e-06
CASNRDRGRYEQYF_TCRBV06_TCRBJ02,7.454650565118424e-07
CASSLGLKGTQYF_TCRBV12_TCRBJ02,2.422761433663488e-06
CASSRNRESNQPQHF_TCRBV06_TCRBJ01,1.360473728134112e-05
CASSRNRESNQPQHF_TCRBV06_TCRBJ01,1.304563848895724e-06
CASSRNRESNQPQHF_TCRBV06_TCRBJ01,7.454650565118424e-07
CASSRNRESNQPQHF_TCRBV06_TCRBJ01,3.727325282559212e-07
CASSLEQYGYTF_TCRBV05_TCRBJ01,7.268284300990463e-06
CASSLGGAGDTQYF_TCRBV12_TCRBJ02,5.9637204520947375e-06
CASSLGGAGDTQYF_TCRBV12_TCRBJ02,7.454650565118424e-07
CASSFGGAGDTQYF_TCRBV12_TCRBJ02,6.336452980350658e-06
CASSEARGGVEKLFF_TCRBV06_TCRBJ01,4.100057810815133e-06
