combined,frequency
CASSLDAGGSYNEQFF_TCRBV05_TCRBJ02,3.923072471898541e-06
CASSRDRATNEKLFF_TCRBV06_TCRBJ01,9.611527556151426e-06
CASSSRGTGELFF_TCRBV28_TCRBJ02,7.846144943797083e-07
CASSQVGGELFF_TCRBV04_TCRBJ02,5.296147837063031e-06
CATSDGETQYF_TCRBV24_TCRBJ02,2.3538434831391253e-06
CASSLEQYGYTF_TCRBV05_TCRBJ01,3.138457977518833e-06
