combined,frequency
CSASGQGAEAFF_TCRBV20_TCRBJ01,2.415618978206976e-06
CASMGGASYEQYF_TCRBV27_TCRBJ02,1.391856649347829e-05
CATSRDSQGSYGYTF_TCRBV15_TCRBJ01,2.875736878817828e-06
CASSLGLKGTQYF_TCRBV12_TCRBJ02,3.450884254581394e-07
CASSQTGGRNQPQHF_TCRBV12_TCRBJ01,3.911002155192247e-06
CSVRDNFNQPQHF_TCRBV29_TCRBJ01,6.096562183093796e-06
