combined,frequency
CASSISAGEAFF_TCRBV19_TCRBJ01,3.517588528909301e-06
CASSPQRNTEAFF_TCRBV04_TCRBJ01,0.000122529333757
CASSPQRNTEAFF_TCRBV04_TCRBJ01,2.7554443476456195e-05
CASSQNRGQETQYF_TCRBV14_TCRBJ02,2.345059019272868e-06
CASSQNRGQETQYF_TCRBV14_TCRBJ02,1.172529509636434e-06
CASRSDSGANVLTF_TCRBV06_TCRBJ02,1.700167788972829e-05
CASRSDSGANVLTF_TCRBV06_TCRBJ02,1.5829148380091854e-05
CASSLIGVSSYNEQFF_TCRBV07_TCRBJ02,2.2864325437910463e-05
CASSIEGNQPQHF_TCRBV28_TCRBJ01,1.1725295096364335e-05
CASSGQGAYEQYF_TCRBV09_TCRBJ02,5.276382793363952e-06
CASSGQGAYEQYF_TCRBV09_TCRBJ02,2.345059019272868e-06
CASSGQGAYEQYF_TCRBV09_TCRBJ02,1.172529509636434e-06
CASSPAGLNTEAFF_TCRBV19_TCRBJ01,3.341709102463836e-05
CASSLGLANEQFF_TCRBV06_TCRBJ02,8.207706567455036e-06
CASSLGLKGTQYF_TCRBV12_TCRBJ02,3.2830826269820145e-05
CASSLEGQQPQHF_TCRBV28_TCRBJ01,2.9313237740910843e-06
CASSFGGAGDTQYF_TCRBV12_TCRBJ02,1.172529509636434e-06
