combined,frequency
CASSLGARETQYF_TCRBV11_TCRBJ02,8.072096739236162e-07
CATSRGTVSYEQYF_TCRBV15_TCRBJ02,2.8252338587326567e-06
CASSFGDRAYNEQFF_TCRBV05_TCRBJ02,0.0046741476168546
CASSFGDRAYNEQFF_TCRBV05_TCRBJ02,0.0033785760902072
CASSFGDRAYNEQFF_TCRBV05_TCRBJ02,6.054072554427121e-06
CASSFGDRAYNEQFF_TCRBV05_TCRBJ02,4.843258043541697e-06
CASSFGDRAYNEQFF_TCRBV05_TCRBJ02,4.843258043541697e-06
CASSFGDRAYNEQFF_TCRBV05_TCRBJ02,4.843258043541697e-06
CASSFGDRAYNEQFF_TCRBV05_TCRBJ02,4.036048369618081e-06
CASSFGDRAYNEQFF_TCRBV05_TCRBJ02,3.2288386956944647e-06
CASSFGDRAYNEQFF_TCRBV05_TCRBJ02,2.4216290217708486e-06
CASSFGDRAYNEQFF_TCRBV05_TCRBJ02,1.6144193478472324e-06
CASSFGDRAYNEQFF_TCRBV05_TCRBJ02,1.6144193478472324e-06
CASSFGDRAYNEQFF_TCRBV05_TCRBJ02,1.6144193478472324e-06
CASSFGDRAYNEQFF_TCRBV05_TCRBJ02,1.6144193478472324e-06
