combined,frequency
CASSLGARETQYF_TCRBV11_TCRBJ02,1.4904840048709014e-06
CASSISAGEAFF_TCRBV19_TCRBJ01,1.4904840048709014e-06
CASSLVGGSEQYF_TCRBV05_TCRBJ02,1.4904840048709014e-06
CSVEEDEGIYGYTF_TCRBV29_TCRBJ01,2.980968009741804e-06
CATSDGETQYF_TCRBV24_TCRBJ02,1.4904840048709014e-06
CASSPPSGLTDTQYF_TCRBV28_TCRBJ02,1.7885808058450822e-05
CASSQTGGRNQPQHF_TCRBV12_TCRBJ01,1.4904840048709014e-06
CASSSGLAGGPYEQYF_TCRBV05_TCRBJ02,1.4904840048709014e-06
CASSLPSGLTDTQYF_TCRBV28_TCRBJ02,1.4904840048709014e-06
CASSLPSGLTDTQYF_TCRBV28_TCRBJ02,1.4904840048709014e-06
CASSLEAEYEQYF_TCRBV07_TCRBJ02,2.980968009741804e-06
CASSPDSGGTDTQYF_TCRBV07_TCRBJ02,5.067645616561066e-05
CASSLRGQSTDTQYF_TCRBV27_TCRBJ02,1.4904840048709014e-06
CASSRGRQETQYF_TCRBV07_TCRBJ02,1.4904840048709014e-06
