combined,frequency
CASSLGARETQYF_TCRBV11_TCRBJ02,3.4439175250631096e-06
CATSDGDTQYF_TCRBV24_TCRBJ02,3.4439175250631096e-06
CASSQDLRGGNQPQHF_TCRBV04_TCRBJ01,3.4439175250631096e-06
CASSQDLRGGNQPQHF_TCRBV04_TCRBJ01,3.4439175250631096e-06
CASSSANYGYTF_TCRBV12_TCRBJ01,8.954185565164084e-05
CASSQNRGQETQYF_TCRBV14_TCRBJ02,3.4439175250631096e-06
CASSLTGGRNQPQHF_TCRBV12_TCRBJ01,3.4439175250631096e-06
CASSLRGQSTDTQYF_TCRBV27_TCRBJ02,6.887835050126219e-06
CASSRGRQETQYF_TCRBV07_TCRBJ02,3.4439175250631096e-06
