combined,frequency
CASSRTSGGAEDTQYF_TCRBV04_TCRBJ02,5.2304500971944846e-06
CASSLAPGATNEKLFF_TCRBV07_TCRBJ01,3.6754514196501785e-06
CSVRDNHNQPQHF_TCRBV29_TCRBJ01,3.6754514196501785e-06
CASSVGTLNTGELFF_TCRBV09_TCRBJ02,1.413635161403915e-06
CATSRDSQGSYGYTF_TCRBV15_TCRBJ01,5.65454064561566e-06
CATSRDSQGSYGYTF_TCRBV15_TCRBJ01,1.6963621936846982e-06
CASSQTNTGELFF_TCRBV03_TCRBJ02,4.382269000352137e-06
CASSQTNTGELFF_TCRBV03_TCRBJ02,1.130908129123132e-06
CASSLGLKGTQYF_TCRBV12_TCRBJ02,1.8377257098250888e-06
CATSRDTQGSYGYTF_TCRBV15_TCRBJ01,9.81062802014317e-05
