combined,frequency
CASSFPTSGQETQYF_TCRBV07_TCRBJ02,4.528417404157178e-07
CSAPGRLNTEAFF_TCRBV20_TCRBJ01,5.207680014780754e-06
CSAPGRLNTEAFF_TCRBV20_TCRBJ01,5.207680014780754e-06
CASSEARGGVEKLFF_TCRBV06_TCRBJ01,5.5473113200925415e-06
CASSQTNTGELFF_TCRBV03_TCRBJ02,6.679415671131838e-06
CASSQTNTGELFF_TCRBV03_TCRBJ02,6.792626106235768e-07
