combined,frequency
CASSPPGQGSDTQYF_TCRBV18_TCRBJ02,6.468103722511294e-06
CSALGHSNQPQHF_TCRBV20_TCRBJ01,2.352037717276834e-06
CASSYRTRQETQYF_TCRBV06_TCRBJ02,1.176018858638417e-06
CASSPDSGGTDTQYF_TCRBV07_TCRBJ02,0.0001411222630366
CASSFGDRAYNEQFF_TCRBV05_TCRBJ02,0.0148448860525927
CASSFGDRAYNEQFF_TCRBV05_TCRBJ02,2.0580330026172304e-05
CASSFGDRAYNEQFF_TCRBV05_TCRBJ02,1.234819801570338e-05
CASSFGDRAYNEQFF_TCRBV05_TCRBJ02,1.1172179157064962e-05
CASSFGDRAYNEQFF_TCRBV05_TCRBJ02,1.0584169727745754e-05
CASSFGDRAYNEQFF_TCRBV05_TCRBJ02,9.996160298426546e-06
CASSFGDRAYNEQFF_TCRBV05_TCRBJ02,7.644122581149714e-06
CASSFGDRAYNEQFF_TCRBV05_TCRBJ02,5.880094293192085e-06
CASSFGDRAYNEQFF_TCRBV05_TCRBJ02,4.704075434553668e-06
CASSFGDRAYNEQFF_TCRBV05_TCRBJ02,4.704075434553668e-06
CASSFGDRAYNEQFF_TCRBV05_TCRBJ02,4.704075434553668e-06
CASSFGDRAYNEQFF_TCRBV05_TCRBJ02,3.528056575915252e-06
CASSFGDRAYNEQFF_TCRBV05_TCRBJ02,3.528056575915252e-06
CASSFGDRAYNEQFF_TCRBV05_TCRBJ02,3.528056575915252e-06
CASSFGDRAYNEQFF_TCRBV05_TCRBJ02,3.528056575915252e-06
CASSFGDRAYNEQFF_TCRBV05_TCRBJ02,2.352037717276834e-06
CASSFGDRAYNEQFF_TCRBV05_TCRBJ02,2.352037717276834e-06
CASSFGDRAYNEQFF_TCRBV05_TCRBJ02,2.352037717276834e-06
CASSFGDRAYNEQFF_TCRBV05_TCRBJ02,2.352037717276834e-06
CASSFGDRAYNEQFF_TCRBV05_TCRBJ02,2.352037717276834e-06
CASSFGDRAYNEQFF_TCRBV05_TCRBJ02,1.176018858638417e-06
CATSDGDEQFF_TCRBV24_TCRBJ02,4.704075434553668e-06
CASSLRGQSTDTQYF_TCRBV27_TCRBJ02,1.176018858638417e-06
CASSEARGGVEKLFF_TCRBV06_TCRBJ01,2.0580330026172304e-05
