combined,frequency
CASSLEGQGFGYTF_TCRBV05_TCRBJ01,3.770167252997493e-06
CASSESGHRNQPQHF_TCRBV10_TCRBJ01,3.770167252997493e-06
CASSEIPNTEAFF_TCRBV06_TCRBJ01,2.681007824353773e-05
CASSEIPNTEAFF_TCRBV06_TCRBJ01,8.378149451105539e-06
CASSPPGQGSDTQYF_TCRBV18_TCRBJ02,2.932352307886938e-06
CATSDGETQYF_TCRBV24_TCRBJ02,3.099915296909049e-05
CASSMGQHSNQPQHF_TCRBV19_TCRBJ01,9.844325605049007e-05
CASSYGGLGSYEQYF_TCRBV06_TCRBJ02,1.968865121009801e-05
CSVRDNFNQPQHF_TCRBV29_TCRBJ01,3.770167252997493e-06
CASSFHGFNQPQHF_TCRBV05_TCRBJ01,5.026889670663324e-06
CASSLVASGRETQYF_TCRBV05_TCRBJ02,5.4457971432186005e-06
CASSRGRQETQYF_TCRBV07_TCRBJ02,8.378149451105537e-07
