combined,frequency
CASSRNRGYEQYF_TCRBV12_TCRBJ02,3.340931980597866e-05
CASSRNRGYEQYF_TCRBV12_TCRBJ02,2.051910980209713e-05
CATSDGDTQYF_TCRBV24_TCRBJ02,6.708170512224062e-06
CASSPPGQGSDTQYF_TCRBV18_TCRBJ02,1.5783930616997794e-06
CASSLAPGATNEKLFF_TCRBV07_TCRBJ01,1.1969480717889994e-05
CASSLAPGATNEKLFF_TCRBV07_TCRBJ01,6.839703267365712e-06
CASSLAPGATNEKLFF_TCRBV07_TCRBJ01,6.3135722467991175e-06
CSVEVRGTDTQYF_TCRBV29_TCRBJ02,2.630655102832966e-07
CATSDGETQYF_TCRBV24_TCRBJ02,4.3405809196743936e-06
CATSRGTVSYEQYF_TCRBV15_TCRBJ02,8.549629084207138e-06
CASSLEAEYEQYF_TCRBV07_TCRBJ02,1.5783930616997794e-06
CASSLTGGRNQPQHF_TCRBV12_TCRBJ01,2.499122347691317e-06
CASSLTGGRNQPQHF_TCRBV12_TCRBJ01,1.446860306558131e-06
CASSLGGAGDTQYF_TCRBV12_TCRBJ02,1.0522620411331863e-06
CATSDSVTNTGELFF_TCRBV24_TCRBJ02,1.078568592161516e-05
CATSDSVTNTGELFF_TCRBV24_TCRBJ02,7.365834287932304e-06
CASSPGTGTYGYTF_TCRBV10_TCRBJ01,0.0001798052762786
CASSPGTGTYGYTF_TCRBV10_TCRBJ01,5.261310205665932e-07
CASSLVAGGRETQYF_TCRBV05_TCRBJ02,1.9729913271247243e-06
CASSLVAGGRETQYF_TCRBV05_TCRBJ02,2.630655102832966e-07
