combined,frequency
CASSQRTSGAYNEQFF_TCRBV04_TCRBJ02,6.453339067340206e-07
CASSSRGTGELFF_TCRBV28_TCRBJ02,1.161601032121237e-06
CASSLAPGATNEKLFF_TCRBV07_TCRBJ01,4.310830496983258e-05
CASSLEGQGHNEQFF_TCRBV05_TCRBJ02,1.936001720202062e-06
CASSQVGGELFF_TCRBV04_TCRBJ02,1.1357876758518766e-05
CASSQTNTGELFF_TCRBV03_TCRBJ02,5.162671253872165e-07
CASSLFGTGGNTEAFF_TCRBV05_TCRBJ01,9.163741475623092e-06
CASSSGLAGGPYEQYF_TCRBV05_TCRBJ02,6.324272285993403e-06
CASSAQGAYEQYF_TCRBV09_TCRBJ02,2.323202064242474e-06
CASSFGDRAYNEQFF_TCRBV05_TCRBJ02,1.6778681575084538e-06
