combined,frequency
CASSSANYGYTF_TCRBV12_TCRBJ01,1.1812665303485091e-06
CASSEIPNTEAFF_TCRBV06_TCRBJ01,2.3625330606970182e-06
CASSEIPNTEAFF_TCRBV06_TCRBJ01,1.1812665303485091e-06
CASSEIPNTEAFF_TCRBV06_TCRBJ01,1.1812665303485091e-06
CATSDSPYGYTF_TCRBV24_TCRBJ01,1.1812665303485091e-06
CASSPGDEQYF_TCRBV25_TCRBJ02,1.5356464894530614e-05
CASSQVGGELFF_TCRBV04_TCRBJ02,1.1812665303485091e-06
CATSDGETQYF_TCRBV24_TCRBJ02,1.1812665303485091e-06
CASSLGLANEQFF_TCRBV06_TCRBJ02,1.1812665303485091e-06
CAISESGTGGGYTF_TCRBV10_TCRBJ01,9.450132242788071e-06
