combined,frequency
CASSLATPYEQYF_TCRBV07_TCRBJ02,2.7673317687882275e-06
CASSQTNTGELFF_TCRBV03_TCRBJ02,2.165737906008178e-06
CASSESPGNTEAFF_TCRBV10_TCRBJ01,1.082868953004089e-06
CASSPLGEQYF_TCRBV18_TCRBJ02,2.7673317687882275e-06
CSVRDNYNQPQHF_TCRBV29_TCRBJ01,1.5641440432281288e-06
