combined,frequency
CASSRDRATNEKLFF_TCRBV06_TCRBJ01,5.897325209178125e-06
CASSLVGGSEQYF_TCRBV05_TCRBJ02,2.3589300836712503e-06
CASSVGTLNTGELFF_TCRBV09_TCRBJ02,5.897325209178125e-06
CSAPGRLNTEAFF_TCRBV20_TCRBJ01,2.3589300836712503e-06
CASSRGRQETQYF_TCRBV07_TCRBJ02,2.3589300836712503e-06
