combined,frequency
CASSLEGQGHNEQFF_TCRBV05_TCRBJ02,2.9784471057578487e-06
CASSVGTLNTGELFF_TCRBV09_TCRBJ02,8.509848873593855e-07
CATSDGETQYF_TCRBV24_TCRBJ02,6.169640433355544e-06
CATSDGETQYF_TCRBV24_TCRBJ02,3.403939549437542e-06
CATSDGETQYF_TCRBV24_TCRBJ02,9.573579982793083e-07
CASSGQGAYEQYF_TCRBV09_TCRBJ02,6.169640433355544e-06
CASSGQGAYEQYF_TCRBV09_TCRBJ02,1.170104220119155e-06
CASSQTNTGELFF_TCRBV03_TCRBJ02,2.872073994837925e-06
CASSLFGTGGNTEAFF_TCRBV05_TCRBJ01,2.212560707134402e-05
CASSLFGTGGNTEAFF_TCRBV05_TCRBJ01,2.233835329318387e-06
CASSSGQVQETQYF_TCRBV11_TCRBJ02,2.552954662078156e-06
CASSLGLKGTQYF_TCRBV12_TCRBJ02,2.233835329318387e-06
CASSIWGLDTEAFF_TCRBV19_TCRBJ01,1.808342885638694e-06
CASSAGQGVTYEQYF_TCRBV09_TCRBJ02,1.0530937981072397e-05
CASSPGDEQFF_TCRBV25_TCRBJ02,7.446117764394622e-07
CASSLGGAGDTQYF_TCRBV12_TCRBJ02,2.1274622183984643e-07
CATSRDTQGSYGYTF_TCRBV15_TCRBJ01,1.5955966637988477e-06
CASSPGTGTYGYTF_TCRBV10_TCRBJ01,2.65932777299808e-06
CASSRGRQETQYF_TCRBV07_TCRBJ02,5.318655545996158e-07
