combined,frequency
CASSLGARETQYF_TCRBV11_TCRBJ02,3.191268688867259e-06
CASSESGDPSSYEQYF_TCRBV10_TCRBJ02,3.191268688867259e-06
CASSPRGTYEQYF_TCRBV19_TCRBJ02,3.191268688867259e-06
CASSLATPYEQYF_TCRBV07_TCRBJ02,3.191268688867259e-06
CASSRSGLAGNTGELFF_TCRBV06_TCRBJ02,3.191268688867259e-06
CASSESGHRNQPQHF_TCRBV10_TCRBJ01,3.191268688867259e-06
CASSSRGTGELFF_TCRBV28_TCRBJ02,3.191268688867259e-06
CASSSRGTGELFF_TCRBV28_TCRBJ02,3.191268688867259e-06
CASSSRGTGELFF_TCRBV28_TCRBJ02,3.191268688867259e-06
CASSLAPGATNEKLFF_TCRBV07_TCRBJ01,6.382537377734518e-06
CASNRDRGRYEQYF_TCRBV06_TCRBJ02,0.0002329626142873
CASNRDRGRYEQYF_TCRBV06_TCRBJ02,1.5956343444336295e-05
CASNRDRGRYEQYF_TCRBV06_TCRBJ02,3.191268688867259e-06
CASSPRQGATDTQYF_TCRBV11_TCRBJ02,3.191268688867259e-06
CASSLGGAGDTQYF_TCRBV12_TCRBJ02,1.2765074755469036e-05
CASSLGGAGDTQYF_TCRBV12_TCRBJ02,9.573806066601778e-06
CASSLTGGRNQPQHF_TCRBV12_TCRBJ01,3.191268688867259e-06
CASSFGDRAYNEQFF_TCRBV05_TCRBJ02,3.191268688867259e-06
CASSFGGAGDTQYF_TCRBV12_TCRBJ02,3.191268688867259e-06
