combined,frequency
CASSLGARETQYF_TCRBV11_TCRBJ02,2.101544309327988e-07
CSVRDNYNQPQHF_TCRBV29_TCRBJ01,1.1768648132236731e-05
CASSPPGQGSDTQYF_TCRBV18_TCRBJ02,1.3660038010631923e-06
CASSPPGQGSDTQYF_TCRBV18_TCRBJ02,6.304632927983964e-07
CSVEEDEGIYGYTF_TCRBV29_TCRBJ01,5.253860773319971e-07
CSVRDNHNQPQHF_TCRBV29_TCRBJ01,2.311698740260787e-06
CASSIEGNQPQHF_TCRBV28_TCRBJ01,3.1523164639919827e-06
CATSDGETQYF_TCRBV24_TCRBJ02,5.138275836306931e-05
CASSRNRESNQPQHF_TCRBV06_TCRBJ01,2.311698740260787e-06
CASSRNRESNQPQHF_TCRBV06_TCRBJ01,1.2609265855967928e-06
CASSSGLAGGPYEQYF_TCRBV05_TCRBJ02,1.6812354474623902e-06
CASSSGLAGGPYEQYF_TCRBV05_TCRBJ02,1.0507721546639942e-06
CASSFHGFNQPQHF_TCRBV05_TCRBJ01,1.1558493701303936e-05
CASSLEAEYEQYF_TCRBV07_TCRBJ02,6.199555712517565e-06
CASSYRTRQETQYF_TCRBV06_TCRBJ02,2.5218531711935856e-06
CASSTTGGDGYTF_TCRBV19_TCRBJ01,3.0472392485255834e-06
CASSRGRQETQYF_TCRBV07_TCRBJ02,9.667103822908743e-06
CASSLVAGGRETQYF_TCRBV05_TCRBJ02,2.5218531711935856e-06
