combined,frequency
CASSQNRGQETQYF_TCRBV14_TCRBJ02,4.53635554412394e-07
CASSGQGAYEQYF_TCRBV09_TCRBJ02,3.458971102394504e-05
CASSGQGAYEQYF_TCRBV09_TCRBJ02,7.711804425010698e-06
CASSGQGAYEQYF_TCRBV09_TCRBJ02,4.082719989711544e-06
CASSGQGAYEQYF_TCRBV09_TCRBJ02,2.26817777206197e-07
CASSAQGAYEQYF_TCRBV09_TCRBJ02,6.282852428611657e-05
CASSAQGAYEQYF_TCRBV09_TCRBJ02,1.1454297748912949e-05
CASSLVAGGRETQYF_TCRBV05_TCRBJ02,8.732484422438581e-06
CASSLGGPGDTQYF_TCRBV12_TCRBJ02,2.483654660407857e-05
CATSDGETQYF_TCRBV24_TCRBJ02,0.0001483388262928
CATSDGETQYF_TCRBV24_TCRBJ02,4.082719989711544e-06
CATSDGETQYF_TCRBV24_TCRBJ02,3.4022666580929545e-07
CASSRNRESNQPQHF_TCRBV06_TCRBJ01,3.4022666580929545e-07
CATSDGDEQFF_TCRBV24_TCRBJ02,3.2888577694898565e-05
CASSEARGGVEKLFF_TCRBV06_TCRBJ01,2.2114733277604207e-05
CASSEARGGVEKLFF_TCRBV06_TCRBJ01,4.53635554412394e-07
CATSDGDTQYF_TCRBV24_TCRBJ02,7.144759981995205e-06
CSARGAGGNYGYTF_TCRBV20_TCRBJ01,4.53635554412394e-07
CATSREGSGYEQYF_TCRBV15_TCRBJ02,2.721813326474364e-06
CASSFGGAGDTQYF_TCRBV12_TCRBJ02,0.00049117389654
CASSFGGAGDTQYF_TCRBV12_TCRBJ02,9.299528865454075e-06
CASSFGGAGDTQYF_TCRBV12_TCRBJ02,3.969311101108446e-06
CASSFGGAGDTQYF_TCRBV12_TCRBJ02,1.814542217649576e-06
CASSFGGAGDTQYF_TCRBV12_TCRBJ02,2.26817777206197e-07
CASSLGPAGLSTDTQYF_TCRBV07_TCRBJ02,5.670444430154924e-07
CASSRGRQETQYF_TCRBV07_TCRBJ02,2.154768883458871e-06
CSVRDNYNQPQHF_TCRBV29_TCRBJ01,5.783853318758023e-06
CASSEAPSTSTDTQYF_TCRBV02_TCRBJ02,9.186119976850976e-06
CASSPGTGTYGYTF_TCRBV10_TCRBJ01,0.0166298257892039
CASSPGTGTYGYTF_TCRBV10_TCRBJ01,8.505666645232387e-06
CASSPGTGTYGYTF_TCRBV10_TCRBJ01,1.9279511062526745e-06
CASSPGTGTYGYTF_TCRBV10_TCRBJ01,1.4743155518402804e-06
CASSPGTGTYGYTF_TCRBV10_TCRBJ01,1.1340888860309849e-06
CASSPGTGTYGYTF_TCRBV10_TCRBJ01,1.0206799974278863e-06
CASSPGTGTYGYTF_TCRBV10_TCRBJ01,7.938622202216894e-07
CASSPGTGTYGYTF_TCRBV10_TCRBJ01,5.670444430154924e-07
CASSPGTGTYGYTF_TCRBV10_TCRBJ01,4.53635554412394e-07
CASSPGTGTYGYTF_TCRBV10_TCRBJ01,2.26817777206197e-07
CASNRDRGRYEQYF_TCRBV06_TCRBJ02,1.6104062181639985e-05
CASNRDRGRYEQYF_TCRBV06_TCRBJ02,4.53635554412394e-07
CASSLGGAGDTQYF_TCRBV12_TCRBJ02,4.54769643298425e-05
CASSLGGAGDTQYF_TCRBV12_TCRBJ02,3.74249332390225e-06
CASSLGGAGDTQYF_TCRBV12_TCRBJ02,6.804533316185909e-07
CAWSPLTPNTEAFF_TCRBV30_TCRBJ01,1.2474977746340837e-06
CASSLNRGQETQYF_TCRBV14_TCRBJ02,2.608404437871265e-06
