combined,frequency
CASSSRGTGELFF_TCRBV28_TCRBJ02,2.59951441070808e-05
CASSSRGTGELFF_TCRBV28_TCRBJ02,1.1997758818652677e-06
CASSLVGGSEQYF_TCRBV05_TCRBJ02,7.998505879101785e-07
CATSDSPYGYTF_TCRBV24_TCRBJ01,7.998505879101785e-07
CASSYSTVGETQYF_TCRBV06_TCRBJ02,8.798356467011963e-06
CATSDGETQYF_TCRBV24_TCRBJ02,6.358812173885918e-05
CASSSGLAGGPYEQYF_TCRBV05_TCRBJ02,2.3995517637305357e-06
CASSPGDEQFF_TCRBV25_TCRBJ02,7.598580585146695e-06
