combined,frequency
CASSEAPSTSTDTQYF_TCRBV02_TCRBJ02,3.7695961300864544e-05
CATSDGETQYF_TCRBV24_TCRBJ02,4.10296177424376e-06
CASSLGLKGTQYF_TCRBV12_TCRBJ02,6.410877772255874e-06
CASSRNRESNQPQHF_TCRBV06_TCRBJ01,3.5900915524632898e-06
CASSLDGGGTEAFF_TCRBV12_TCRBJ01,4.487614440579113e-06
CASSQGTSGGYEQYF_TCRBV03_TCRBJ02,4.615831996024231e-06
CASSQGTSGGYEQYF_TCRBV03_TCRBJ02,2.56435110890235e-07
CASSLGGAGDTQYF_TCRBV12_TCRBJ02,0.0044531239181643
CASSLGGAGDTQYF_TCRBV12_TCRBJ02,1.4103931098962923e-06
CASSLGGAGDTQYF_TCRBV12_TCRBJ02,1.4103931098962923e-06
CASSLGGAGDTQYF_TCRBV12_TCRBJ02,8.975228881158224e-07
CASSLGGAGDTQYF_TCRBV12_TCRBJ02,7.69305332670705e-07
CASSLTGGRNQPQHF_TCRBV12_TCRBJ01,8.975228881158226e-06
CAWSPLTPNTEAFF_TCRBV30_TCRBJ01,1.7694022651426213e-05
CASSSPGRSGANVLTF_TCRBV28_TCRBJ02,5.8980075504754055e-06
CASSLSRGEQYF_TCRBV27_TCRBJ02,3.07722133068282e-06
