combined,frequency
CASSLGARETQYF_TCRBV11_TCRBJ02,5.056640250621202e-06
CASSPDRVGQETQYF_TCRBV05_TCRBJ02,2.82231083755602e-06
CASSHRDRNYEQYF_TCRBV07_TCRBJ02,4.645053253477616e-05
CASSHRDRNYEQYF_TCRBV07_TCRBJ02,6.5853919542973805e-06
CSVEVRGTDTQYF_TCRBV29_TCRBJ02,8.231739942871726e-07
CASSPRQGATDTQYF_TCRBV11_TCRBJ02,5.879814244908375e-07
CASSQTNTGELFF_TCRBV03_TCRBJ02,2.9399071224541878e-06
CASSLDGGGTEAFF_TCRBV12_TCRBJ01,3.1750996922505227e-06
CASSQGRHTDTQYF_TCRBV14_TCRBJ02,5.762217960010207e-06
CASSQGRHTDTQYF_TCRBV14_TCRBJ02,3.527888546945025e-07
CASSPSTGTEAFF_TCRBV05_TCRBJ01,5.491746504744422e-05
CASSFPTSGQETQYF_TCRBV07_TCRBJ02,4.492178083109999e-05
CASSFPTSGQETQYF_TCRBV07_TCRBJ02,5.762217960010207e-06
CASSFPTSGQETQYF_TCRBV07_TCRBJ02,4.7038513959267e-07
CASSLRGQSTDTQYF_TCRBV27_TCRBJ02,5.1742365355193706e-06
CASSLRGQSTDTQYF_TCRBV27_TCRBJ02,3.1750996922505227e-06
