combined,frequency
CATSDGDTQYF_TCRBV24_TCRBJ02,4.397658809175357e-06
CSVEEDEGIYGYTF_TCRBV29_TCRBJ01,6.0339969707289786e-06
CASSIEGNQPQHF_TCRBV28_TCRBJ01,3.0681340529130403e-06
CASSPGQEAGANVLTF_TCRBV05_TCRBJ02,3.681760863495648e-06
CATSDGETQYF_TCRBV24_TCRBJ02,2.556778377427533e-06
CATSDGETQYF_TCRBV24_TCRBJ02,2.454507242330432e-06
CATSDGDEQFF_TCRBV24_TCRBJ02,9.408944428933322e-06
CASSQGTSGGYEQYF_TCRBV03_TCRBJ02,2.9658629178159387e-06
CASSSGLAGGPYEQYF_TCRBV05_TCRBJ02,4.193116538981155e-06
CASSLVASGRETQYF_TCRBV05_TCRBJ02,3.374947458204344e-06
CASSPGTGTYGYTF_TCRBV10_TCRBJ01,0.0035869555212606
CASSPGTGTYGYTF_TCRBV10_TCRBJ01,3.477218593301445e-06
CASSPGTGTYGYTF_TCRBV10_TCRBJ01,1.2272536211652158e-06
CASSPGTGTYGYTF_TCRBV10_TCRBJ01,1.022711350971013e-06
CASSPGTGTYGYTF_TCRBV10_TCRBJ01,9.20440215873912e-07
CASSPGTGTYGYTF_TCRBV10_TCRBJ01,4.0908454038840533e-07
CASSPGTGTYGYTF_TCRBV10_TCRBJ01,4.0908454038840533e-07
CASSLVAGGRETQYF_TCRBV05_TCRBJ02,9.20440215873912e-07
