combined,frequency
CASSIGPLEHNEQFF_TCRBV19_TCRBJ02,0.0006514395368656
CATSDGDTQYF_TCRBV24_TCRBJ02,1.711312268473711e-05
CATSDGDTQYF_TCRBV24_TCRBJ02,7.605832304327605e-07
CASSSRGTGELFF_TCRBV28_TCRBJ02,6.655103266286656e-05
CASSSRGTGELFF_TCRBV28_TCRBJ02,2.2056913682550053e-05
CATSDSPYGYTF_TCRBV24_TCRBJ01,7.605832304327605e-07
CATSDGETQYF_TCRBV24_TCRBJ02,4.943790997812944e-06
CASSMGQHSNQPQHF_TCRBV19_TCRBJ01,0.0003030924173274
CASSAGQGVTYEQYF_TCRBV09_TCRBJ02,4.183207767380182e-06
CASSFGDRAYNEQFF_TCRBV05_TCRBJ02,1.521166460865521e-06
CASSSPGRSGANVLTF_TCRBV28_TCRBJ02,1.4451081378222448e-05
CASSRGRQETQYF_TCRBV07_TCRBJ02,7.986123919543985e-06
CASSRGRQETQYF_TCRBV07_TCRBJ02,2.281749691298281e-06
CASSRGRQETQYF_TCRBV07_TCRBJ02,1.521166460865521e-06
