combined,frequency
CASSIGPLEHNEQFF_TCRBV19_TCRBJ02,2.13593167778912e-06
CASSIGPLEHNEQFF_TCRBV19_TCRBJ02,1.6430243675300925e-06
CATSDGDTQYF_TCRBV24_TCRBJ02,8.050819400897451e-06
CASSLATPYEQYF_TCRBV07_TCRBJ02,6.57209747012037e-07
CATSDGETQYF_TCRBV24_TCRBJ02,8.050819400897451e-06
CATSDGETQYF_TCRBV24_TCRBJ02,9.858146205180551e-07
CATSDGDEQFF_TCRBV24_TCRBJ02,3.4503511718131936e-06
CASSLVASGRETQYF_TCRBV05_TCRBJ02,4.600468229084259e-06
CASSLVAGGRETQYF_TCRBV05_TCRBJ02,2.300234114542129e-06
CASSLVAGGRETQYF_TCRBV05_TCRBJ02,1.1501170572710649e-06
