combined,frequency
CASSEAPSTSTDTQYF_TCRBV02_TCRBJ02,1.9571181708930146e-07
CASSRNRGYEQYF_TCRBV12_TCRBJ02,1.7809775355126432e-05
CASSFGDRAYNEQFF_TCRBV05_TCRBJ02,9.29631131174182e-06
CASSFGDRAYNEQFF_TCRBV05_TCRBJ02,1.859262262348364e-06
CASSISAGEAFF_TCRBV19_TCRBJ01,3.4249567990627752e-06
CASSSRGTGELFF_TCRBV28_TCRBJ02,3.131389073428823e-06
CSASGQGAEAFF_TCRBV20_TCRBJ01,2.6421095307055697e-06
CASSLGGAGDTQYF_TCRBV12_TCRBJ02,0.0001089136262101
CASSLGGAGDTQYF_TCRBV12_TCRBJ02,5.802855376697788e-05
CAISESGTGGGYTF_TCRBV10_TCRBJ01,5.871354512679044e-07
CASSTTGGDGYTF_TCRBV19_TCRBJ01,4.207804067419981e-06
CASSTTGGDGYTF_TCRBV19_TCRBJ01,3.2292449819734737e-06
CASSFGGAGDTQYF_TCRBV12_TCRBJ02,0.0030255089803835
CASSFGGAGDTQYF_TCRBV12_TCRBJ02,8.807031769018566e-07
CASSFGGAGDTQYF_TCRBV12_TCRBJ02,8.807031769018566e-07
CASSFGGAGDTQYF_TCRBV12_TCRBJ02,5.871354512679044e-07
CASSFGGAGDTQYF_TCRBV12_TCRBJ02,3.914236341786029e-07
CASSFGGAGDTQYF_TCRBV12_TCRBJ02,3.914236341786029e-07
