combined,frequency
CASTPGDEQFF_TCRBV25_TCRBJ02,8.732465209858605e-06
CASSRDRATNEKLFF_TCRBV06_TCRBJ01,8.732465209858605e-06
CASSPQRNTEAFF_TCRBV04_TCRBJ01,0.0011893617615827
CASSPQRNTEAFF_TCRBV04_TCRBJ01,0.0010950511373162
CASSPQRNTEAFF_TCRBV04_TCRBJ01,5.938076342703852e-05
CASSPQRNTEAFF_TCRBV04_TCRBJ01,2.7943888671547527e-05
CASSPQRNTEAFF_TCRBV04_TCRBJ01,1.0478958251830325e-05
CASSPQRNTEAFF_TCRBV04_TCRBJ01,6.985972167886882e-06
CASSEIPNTEAFF_TCRBV06_TCRBJ01,1.2225451293802044e-05
CASSLIGVSSYNEQFF_TCRBV07_TCRBJ02,0.001353532107528
CASNRDRGRYEQYF_TCRBV06_TCRBJ02,6.985972167886882e-06
CASNRDRGRYEQYF_TCRBV06_TCRBJ02,6.985972167886882e-06
CASSPRQGATDTQYF_TCRBV11_TCRBJ02,6.985972167886882e-06
CATSRGTVSYEQYF_TCRBV15_TCRBJ02,0.0001082825686022
CATSRGTVSYEQYF_TCRBV15_TCRBJ02,1.5718437377745486e-05
CATSRGTVSYEQYF_TCRBV15_TCRBJ02,1.0478958251830325e-05
CASSFPTSGQETQYF_TCRBV07_TCRBJ02,2.619739562957581e-05
