combined,frequency
CATSDSVTNTGELFF_TCRBV24_TCRBJ02,1.6521255672896378e-05
CASSLGQGIEAFF_TCRBV05_TCRBJ01,5.0282082482728105e-06
CASSLATPYEQYF_TCRBV07_TCRBJ02,7.183154640389729e-06
CSASGQGAEAFF_TCRBV20_TCRBJ01,2.154946392116919e-06
