combined,frequency
CASSRNRGYEQYF_TCRBV12_TCRBJ02,9.547438319336353e-06
CASSRNRGYEQYF_TCRBV12_TCRBJ02,7.113777571270223e-06
CASSRNRGYEQYF_TCRBV12_TCRBJ02,5.054526169060421e-06
CASSQNRGQETQYF_TCRBV14_TCRBJ02,2.5272630845302107e-06
CASSLGGPGDTQYF_TCRBV12_TCRBJ02,9.360233646408188e-07
CASSRGRQETQYF_TCRBV07_TCRBJ02,2.471101682651761e-05
CASSRGRQETQYF_TCRBV07_TCRBJ02,9.360233646408188e-07
CASSRGRQETQYF_TCRBV07_TCRBJ02,3.744093458563275e-07
CASSGQGAYEQYF_TCRBV09_TCRBJ02,3.070156636021886e-05
CASSGQGAYEQYF_TCRBV09_TCRBJ02,5.4289355149167485e-06
CASSAQGAYEQYF_TCRBV09_TCRBJ02,1.5444385516573515e-05
CASSAQGAYEQYF_TCRBV09_TCRBJ02,2.6208654209942927e-06
CASSAQGAYEQYF_TCRBV09_TCRBJ02,1.8720467292816374e-07
CASSFPTSGQETQYF_TCRBV07_TCRBJ02,1.7784443928175557e-06
CASSLNRGQETQYF_TCRBV14_TCRBJ02,4.680116823204094e-07
