combined,frequency
CASSPAGLNTEAFF_TCRBV19_TCRBJ01,2.072938410926873e-06
CSALGHSNQPQHF_TCRBV20_TCRBJ01,2.072938410926873e-06
CASSLEQYGYTF_TCRBV05_TCRBJ01,2.072938410926873e-06
CATSRGTVSYEQYF_TCRBV15_TCRBJ02,4.145876821853746e-06
CASSLSRGEQYF_TCRBV27_TCRBJ02,2.072938410926873e-06
