combined,frequency
CASSIGPLEHNEQFF_TCRBV19_TCRBJ02,1.6139406082942154e-05
CASSISAGEAFF_TCRBV19_TCRBJ01,4.362001644038421e-07
CASSSRGTGELFF_TCRBV28_TCRBJ02,1.0905004110096048e-06
CASSEIPNTEAFF_TCRBV06_TCRBJ01,2.846206072735069e-05
CSVEVRGTDTQYF_TCRBV29_TCRBJ02,1.0905004110096048e-06
CASSSGQVQETQYF_TCRBV11_TCRBJ02,1.6793706329547917e-05
CASSSGQVQETQYF_TCRBV11_TCRBJ02,1.4176505343124865e-06
CASSSGQVQETQYF_TCRBV11_TCRBJ02,8.724003288076842e-07
CASSYGGLGSYEQYF_TCRBV06_TCRBJ02,2.944351109725933e-06
CASSYGGLGSYEQYF_TCRBV06_TCRBJ02,1.0905004110096048e-06
CASSPDSGGTDTQYF_TCRBV07_TCRBJ02,5.452502055048024e-07
CASSEARTRAFF_TCRBV06_TCRBJ01,1.4176505343124865e-06
CASSPGTGTYGYTF_TCRBV10_TCRBJ01,2.726251027524012e-06
CASSLVAGGRETQYF_TCRBV05_TCRBJ02,5.670602137249947e-06
CASSLVAGGRETQYF_TCRBV05_TCRBJ02,4.798201808442261e-06
CASSLVAGGRETQYF_TCRBV05_TCRBJ02,1.1995504521105655e-06
