combined,frequency
CASSLGARETQYF_TCRBV11_TCRBJ02,3.372603283566557e-06
CASSLGARETQYF_TCRBV11_TCRBJ02,1.927201876323747e-06
CASSSANYGYTF_TCRBV12_TCRBJ01,0.0013090518744929
CASSSANYGYTF_TCRBV12_TCRBJ01,3.372603283566557e-06
CASSSANYGYTF_TCRBV12_TCRBJ01,9.636009381618737e-07
CASSSANYGYTF_TCRBV12_TCRBJ01,9.636009381618737e-07
CAWRGTGNSPLHF_TCRBV30_TCRBJ01,9.636009381618737e-07
CASSEIPNTEAFF_TCRBV06_TCRBJ01,3.854403752647494e-06
CASSQGRHTDTQYF_TCRBV14_TCRBJ02,3.083523002117995e-05
CASSQGRHTDTQYF_TCRBV14_TCRBJ02,3.854403752647494e-06
CASSQGRHTDTQYF_TCRBV14_TCRBJ02,9.636009381618737e-07
