combined,frequency
CATSDGDTQYF_TCRBV24_TCRBJ02,1.3866694208790336e-05
CASSGDRLYEQYF_TCRBV02_TCRBJ02,1.864831290147666e-05
CASSGDRLYEQYF_TCRBV02_TCRBJ02,6.216104300492221e-06
CASSRSGLAGNTGELFF_TCRBV06_TCRBJ02,2.1995445986357086e-05
CASSPQRNTEAFF_TCRBV04_TCRBJ01,4.73380250575946e-05
CASSPGDEQYF_TCRBV25_TCRBJ02,9.563237385372643e-07
CATSDGETQYF_TCRBV24_TCRBJ02,7.172428039029483e-06
CATSDGETQYF_TCRBV24_TCRBJ02,2.3908093463431613e-06
CASSYGGLGSYEQYF_TCRBV06_TCRBJ02,3.3471330848804262e-06
CASSIWGLDTEAFF_TCRBV19_TCRBJ01,1.3388532339521703e-05
CASSLVAGGRETQYF_TCRBV05_TCRBJ02,1.434485607805897e-06
