combined,frequency
CSVEEDEGIYGYTF_TCRBV29_TCRBJ01,8.524258975511935e-07
CATSDGETQYF_TCRBV24_TCRBJ02,1.2786388463267902e-06
CASSLVIGGDTEAFF_TCRBV05_TCRBJ01,1.4704346732758087e-05
CASSMGQHSNQPQHF_TCRBV19_TCRBJ01,1.4278133783982491e-05
CASSLDGGGTEAFF_TCRBV12_TCRBJ01,2.5572776926535804e-06
CSARGAGGNYGYTF_TCRBV20_TCRBJ01,8.524258975511935e-07
CASSFHGFNQPQHF_TCRBV05_TCRBJ01,9.16357839867533e-06
CASSLPSGLTDTQYF_TCRBV28_TCRBJ02,1.4491240258370293e-05
CASSYRTRQETQYF_TCRBV06_TCRBJ02,8.524258975511935e-07
CASSYRTRQETQYF_TCRBV06_TCRBJ02,2.344171218265782e-06
CATSDSVTNTGELFF_TCRBV24_TCRBJ02,7.032513654797348e-06
CATSDGDEQFF_TCRBV24_TCRBJ02,2.5572776926535804e-06
CASSPGTGTYGYTF_TCRBV10_TCRBJ01,5.753874808470556e-06
