combined,frequency
CASSLGARETQYF_TCRBV11_TCRBJ02,3.8003763639392418e-06
CASSLGHRDPNTGELFF_TCRBV05_TCRBJ02,3.420338727545318e-05
CASSQDLRGGNQPQHF_TCRBV04_TCRBJ01,1.3301317273787348e-05
CASSQDLRGGNQPQHF_TCRBV04_TCRBJ01,1.2667921213130808e-05
CASSQDLRGGNQPQHF_TCRBV04_TCRBJ01,4.4337724245957815e-06
CASSLRREKLFF_TCRBV05_TCRBJ01,4.4337724245957815e-06
CASSLRREKLFF_TCRBV05_TCRBJ01,2.533584242626161e-06
CATSDSPYGYTF_TCRBV24_TCRBJ01,9.500940909848104e-06
CASSRGRQETQYF_TCRBV07_TCRBJ02,1.9001881819696209e-06
CASSGQGAYEQYF_TCRBV09_TCRBJ02,4.4337724245957815e-06
CASSLDGGGTEAFF_TCRBV12_TCRBJ01,3.166980303282702e-06
CASSSDSGGTDTQYF_TCRBV07_TCRBJ02,2.3435654244291997e-05
CASSSDSGGTDTQYF_TCRBV07_TCRBJ02,1.2667921213130807e-06
CASSLGQGIEAFF_TCRBV05_TCRBJ01,1.900188181969621e-05
CASSPDSGGTDTQYF_TCRBV07_TCRBJ02,2.97696148508574e-05
CASSPDSGGTDTQYF_TCRBV07_TCRBJ02,1.3301317273787348e-05
CASSPDSGGTDTQYF_TCRBV07_TCRBJ02,6.333960606565402e-06
CASSPDSGGTDTQYF_TCRBV07_TCRBJ02,5.067168485252323e-06
CASSLVAGGRETQYF_TCRBV05_TCRBJ02,1.0767733031161186e-05
CASSLVAGGRETQYF_TCRBV05_TCRBJ02,5.700564545908864e-06
