combined,frequency
CASSLEGQGFGYTF_TCRBV05_TCRBJ01,3.5300142995836404e-06
CASSLEGQGFGYTF_TCRBV05_TCRBJ01,2.924868991083588e-06
CASSLATPYEQYF_TCRBV07_TCRBJ02,2.42058123400021e-06
CASSQRTSGAYNEQFF_TCRBV04_TCRBJ02,3.2274416453336137e-06
CASSQRTSGAYNEQFF_TCRBV04_TCRBJ02,1.7145783740834825e-06
CASSRDRATNEKLFF_TCRBV06_TCRBJ01,1.7145783740834825e-06
CSASGQGAEAFF_TCRBV20_TCRBJ01,1.8154359255001573e-06
CSVEEDEGIYGYTF_TCRBV29_TCRBJ01,1.210290617000105e-06
CASSLVIGGDTEAFF_TCRBV05_TCRBJ01,2.924868991083588e-06
CASSLVIGGDTEAFF_TCRBV05_TCRBJ01,2.824011439666912e-06
CASSFHGFNQPQHF_TCRBV05_TCRBJ01,4.740304916583744e-06
CASSLPSGLTDTQYF_TCRBV28_TCRBJ02,4.336874710917044e-06
CASSLPSGLTDTQYF_TCRBV28_TCRBJ02,1.8154359255001573e-06
CASSLEAEYEQYF_TCRBV07_TCRBJ02,5.446307776500473e-06
CASSLEAEYEQYF_TCRBV07_TCRBJ02,3.832586953833666e-06
CASSLEAEYEQYF_TCRBV07_TCRBJ02,5.042877570833771e-07
CASSPSTGTEAFF_TCRBV05_TCRBJ01,3.3282991967502887e-06
CASSLVAGGRETQYF_TCRBV05_TCRBJ02,1.4826060058251288e-05
CASSLVAGGRETQYF_TCRBV05_TCRBJ02,8.068604113334033e-06
CASSLVAGGRETQYF_TCRBV05_TCRBJ02,6.959171047750604e-06
CASSLVAGGRETQYF_TCRBV05_TCRBJ02,4.034302056667017e-06
CASSLVAGGRETQYF_TCRBV05_TCRBJ02,1.210290617000105e-06
CASSQVPGQGDNEQFF_TCRBV14_TCRBJ02,2.118008579750184e-06
