combined,frequency
CASSQRTSGAYNEQFF_TCRBV04_TCRBJ02,4.619260530297268e-06
CASSSANYGYTF_TCRBV12_TCRBJ01,1.3241880186852166e-05
CASSLAPGATNEKLFF_TCRBV07_TCRBJ01,5.0811865833269954e-05
CASSLAPGATNEKLFF_TCRBV07_TCRBJ01,9.238521060594535e-06
CASSHRDRNYEQYF_TCRBV07_TCRBJ02,1.8477042121189068e-06
CAWSVSDLAKNIQYF_TCRBV30_TCRBJ02,1.5089584398971077e-05
CAWSVSDLAKNIQYF_TCRBV30_TCRBJ02,1.8477042121189068e-06
CASSLGGPGDTQYF_TCRBV12_TCRBJ02,4.927211232317086e-06
CASSLGGPGDTQYF_TCRBV12_TCRBJ02,6.159014040396358e-07
CASSGQGAYEQYF_TCRBV09_TCRBJ02,2.155654914138725e-06
CASSQTNTGELFF_TCRBV03_TCRBJ02,1.8477042121189068e-06
CASSLFGTGGNTEAFF_TCRBV05_TCRBJ01,4.896416162115104e-05
CASSLDGGGTEAFF_TCRBV12_TCRBJ01,6.528554882820139e-05
CASSQTGGRNQPQHF_TCRBV12_TCRBJ01,8.006718252515265e-06
CASNRDRGRYEQYF_TCRBV06_TCRBJ02,5.912653478780503e-05
CASNRDRGRYEQYF_TCRBV06_TCRBJ02,4.927211232317086e-06
CASNRDRGRYEQYF_TCRBV06_TCRBJ02,6.159014040396358e-07
CASSLTGGRNQPQHF_TCRBV12_TCRBJ01,1.8477042121189068e-06
CASSFGGAGDTQYF_TCRBV12_TCRBJ02,3.387457722217997e-06
