combined,frequency
CASSFTGDSNQPQHF_TCRBV07_TCRBJ01,2.6624989682816503e-06
CASSLEQYGYTF_TCRBV05_TCRBJ01,2.6624989682816503e-06
CASSLDAGGSYNEQFF_TCRBV05_TCRBJ02,2.6624989682816503e-06
CASSRGRQETQYF_TCRBV07_TCRBJ02,2.6624989682816503e-06
