combined,frequency
CASSEIPNTEAFF_TCRBV06_TCRBJ01,1.7993565224251728e-06
CSARETGSNYGYTF_TCRBV20_TCRBJ01,3.5987130448503447e-06
CASSQGTSGGYEQYF_TCRBV03_TCRBJ02,4.290773245783104e-06
CSAPGRLNTEAFF_TCRBV20_TCRBJ01,3.1834769242906897e-06
CSAPGRLNTEAFF_TCRBV20_TCRBJ01,2.9066528439175868e-06
CASSIWGLDTEAFF_TCRBV19_TCRBJ01,5.121245486902415e-06
CASSLGGAGDTQYF_TCRBV12_TCRBJ02,1.107296321492414e-06
CASSRGRQETQYF_TCRBV07_TCRBJ02,3.1834769242906897e-06
