combined,frequency
CASSLGHRDSSYEQYF_TCRBV05_TCRBJ02,6.948669873528166e-06
CATSDGETQYF_TCRBV24_TCRBJ02,2.8701027738485903e-06
CATSDGETQYF_TCRBV24_TCRBJ02,1.963754529475352e-06
CASSGQGAYEQYF_TCRBV09_TCRBJ02,9.063482443732392e-07
CASSQTGGRNQPQHF_TCRBV12_TCRBJ01,3.172218855306336e-06
CATSREGSGYEQYF_TCRBV15_TCRBJ02,2.265870610933097e-06
CASSQNRAQETQYF_TCRBV14_TCRBJ02,1.8126964887464785e-06
CASSPQGAYEQYF_TCRBV09_TCRBJ02,1.2084643258309852e-05
CASSLTGGRNQPQHF_TCRBV12_TCRBJ01,3.474334936764083e-06
CASSRGRQETQYF_TCRBV07_TCRBJ02,7.401843995714784e-06
CASSRGRQETQYF_TCRBV07_TCRBJ02,3.172218855306336e-06
