combined,frequency
CASSSANYGYTF_TCRBV12_TCRBJ01,3.922215631775311e-06
CASSLVGGSEQYF_TCRBV05_TCRBJ02,4.048738716671289e-06
CASSLVGGSEQYF_TCRBV05_TCRBJ02,2.530461697919556e-07
CASSFTGDSNQPQHF_TCRBV07_TCRBJ01,2.9100309526074888e-06
CASSQTNTGELFF_TCRBV03_TCRBJ02,3.555298685576976e-05
CASSQGTSGGYEQYF_TCRBV03_TCRBJ02,1.771323188543689e-06
CASSRGRQETQYF_TCRBV07_TCRBJ02,1.8978462734396667e-06
