combined,frequency
CASSLVGGSEQYF_TCRBV05_TCRBJ02,2.4022436956117008e-06
CASSLGQGIEAFF_TCRBV05_TCRBJ01,5.405048315126328e-06
CASSAQGAYEQYF_TCRBV09_TCRBJ02,4.2039264673204775e-06
CASSYSTVGETQYF_TCRBV06_TCRBJ02,2.4022436956117008e-06
