combined,frequency
CASSESGDPSSYEQYF_TCRBV10_TCRBJ02,1.4865016639809531e-05
CASSQDLRGGNQPQHF_TCRBV04_TCRBJ01,2.2072297434868704e-05
CASSQDLRGGNQPQHF_TCRBV04_TCRBJ01,8.408494260902363e-06
CASSRSGLAGNTGELFF_TCRBV06_TCRBJ02,4.9550055466031785e-06
CASSVGTLNTGELFF_TCRBV09_TCRBJ02,6.6066740621375725e-06
CASSIEGNQPQHF_TCRBV28_TCRBJ01,3.213246021130546e-05
CASSLGGAGDTQYF_TCRBV12_TCRBJ02,0.0001091602737085
CASSFGGAGDTQYF_TCRBV12_TCRBJ02,2.552578614916789e-06
