combined,frequency
CASSLGARETQYF_TCRBV11_TCRBJ02,4.179759764127797e-06
CASSLGARETQYF_TCRBV11_TCRBJ02,5.015711716953356e-07
CASSPDRVGQETQYF_TCRBV05_TCRBJ02,8.392957606368616e-05
CASSPDRVGQETQYF_TCRBV05_TCRBJ02,1.0532994605602048e-05
CASSPDRVGQETQYF_TCRBV05_TCRBJ02,6.687615622604476e-07
CATSDGDTQYF_TCRBV24_TCRBJ02,1.0198613824471825e-05
CSVEEDEGIYGYTF_TCRBV29_TCRBJ01,2.240351233572499e-05
CASSPGQEAGANVLTF_TCRBV05_TCRBJ02,6.687615622604476e-07
CASSLVIGGDTEAFF_TCRBV05_TCRBJ01,0.0001437837358859
CASSSGLAGGPYEQYF_TCRBV05_TCRBJ02,1.8390942962162307e-06
CASSSGLAGGPYEQYF_TCRBV05_TCRBJ02,1.0031423433906712e-06
CASSSGLAGGPYEQYF_TCRBV05_TCRBJ02,3.343807811302238e-07
CASSFHGFNQPQHF_TCRBV05_TCRBJ01,1.2873660073513616e-05
CASSFHGFNQPQHF_TCRBV05_TCRBJ01,8.02513874712537e-06
CASSFGDRAYNEQFF_TCRBV05_TCRBJ02,0.0002763657156041
CASSFGDRAYNEQFF_TCRBV05_TCRBJ02,3.0094270301720137e-06
CASSFGDRAYNEQFF_TCRBV05_TCRBJ02,1.5047135150860068e-06
CASSFGDRAYNEQFF_TCRBV05_TCRBJ02,6.687615622604476e-07
CASSLVAGGRETQYF_TCRBV05_TCRBJ02,4.51414054525802e-06
CASSLVAGGRETQYF_TCRBV05_TCRBJ02,1.6719039056511186e-06
