combined,frequency
CASSLVGGSEQYF_TCRBV05_TCRBJ02,3.1925093797699192e-06
CASSQVGGELFF_TCRBV04_TCRBJ02,1.3952448400475946e-05
CASSQVGGELFF_TCRBV04_TCRBJ02,7.685670729075731e-06
CASSLVAGGRETQYF_TCRBV05_TCRBJ02,2.364821762792533e-07
