combined,frequency
CASSLGARETQYF_TCRBV11_TCRBJ02,2.26168306311498e-06
CASSPDNSGNTIYF_TCRBV18_TCRBJ01,3.2115899496232706e-05
CASSISAGEAFF_TCRBV19_TCRBJ01,4.071029513606964e-06
CASSLAPGATNEKLFF_TCRBV07_TCRBJ01,0.0017627557793918
CASSLAPGATNEKLFF_TCRBV07_TCRBJ01,2.125982079328081e-05
CASSLAPGATNEKLFF_TCRBV07_TCRBJ01,8.594395639836923e-06
CASSLAPGATNEKLFF_TCRBV07_TCRBJ01,1.809346450491984e-06
CASSLAPGATNEKLFF_TCRBV07_TCRBJ01,9.04673225245992e-07
CASMGGASYEQYF_TCRBV27_TCRBJ02,8.594395639836923e-06
CASSVGTLNTGELFF_TCRBV09_TCRBJ02,2.26168306311498e-06
CASSPGQEAGANVLTF_TCRBV05_TCRBJ02,3.618692900983968e-06
CATSRDSQGSYGYTF_TCRBV15_TCRBJ01,3.618692900983968e-06
CASSIEGNQPQHF_TCRBV28_TCRBJ01,6.7850491893449405e-06
CASSESPGNTEAFF_TCRBV10_TCRBJ01,1.357009837868988e-06
CASSQTGGRNQPQHF_TCRBV12_TCRBJ01,4.387665142443061e-05
CASSQTGGRNQPQHF_TCRBV12_TCRBJ01,1.6736454667050852e-05
CASSQTGGRNQPQHF_TCRBV12_TCRBJ01,2.26168306311498e-06
CSVRDNFNQPQHF_TCRBV29_TCRBJ01,4.071029513606964e-06
CATSRDTQGSYGYTF_TCRBV15_TCRBJ01,2.3973840469018786e-05
CATSRDTQGSYGYTF_TCRBV15_TCRBJ01,1.357009837868988e-06
CATSDGDEQFF_TCRBV24_TCRBJ02,3.166356288360972e-06
