combined,frequency
CASSSANYGYTF_TCRBV12_TCRBJ01,6.00130768494455e-07
CASSLIGVSSYNEQFF_TCRBV07_TCRBJ02,4.36595134079716e-05
CASSLIGVSSYNEQFF_TCRBV07_TCRBJ02,1.20026153698891e-06
CASSYSTAGELFF_TCRBV06_TCRBJ02,1.500326921236137e-06
CASSVGTLNTGELFF_TCRBV09_TCRBJ02,2.8506211503486613e-06
CASSIEGNQPQHF_TCRBV28_TCRBJ01,3.60078461096673e-06
CASSLGLKGTQYF_TCRBV12_TCRBJ02,2.40052307397782e-06
CSVRDNFNQPQHF_TCRBV29_TCRBJ01,2.550555766101433e-06
CATSREGSGYEQYF_TCRBV15_TCRBJ02,2.550555766101433e-06
CASSQGTSGGYEQYF_TCRBV03_TCRBJ02,1.650359613359751e-06
CASSQGRHTDTQYF_TCRBV14_TCRBJ02,4.350948071584798e-06
CASSQGRHTDTQYF_TCRBV14_TCRBJ02,3.000653842472274e-06
CASSLTGGRNQPQHF_TCRBV12_TCRBJ01,4.80104614795564e-06
CASSPSTGTEAFF_TCRBV05_TCRBJ01,4.5009807637084134e-07
CASSPGDEQFF_TCRBV25_TCRBJ02,6.001307684944548e-06
