combined,frequency
CAWRGTGNSPLHF_TCRBV30_TCRBJ01,4.959551755712318e-07
CASSESGHRNQPQHF_TCRBV10_TCRBJ01,4.587585374033895e-06
CSASGQGAEAFF_TCRBV20_TCRBJ01,2.231798290070544e-06
CATSDGETQYF_TCRBV24_TCRBJ02,7.439327633568478e-07
CATSDGETQYF_TCRBV24_TCRBJ02,6.199439694640398e-07
CASSMGQHSNQPQHF_TCRBV19_TCRBJ01,3.099719847320198e-06
CASSPDSGGTDTQYF_TCRBV07_TCRBJ02,6.187040815251118e-05
CASSPDSGGTDTQYF_TCRBV07_TCRBJ02,9.175170748067787e-06
CASSQTGGRNQPQHF_TCRBV12_TCRBJ01,2.479775877856159e-07
CASSAQGAYEQYF_TCRBV09_TCRBJ02,3.719663816784239e-07
CASSLTGGRNQPQHF_TCRBV12_TCRBJ01,4.463596580141087e-06
CAISESGTGGGYTF_TCRBV10_TCRBJ01,2.975731053427392e-06
CSVRDNYNQPQHF_TCRBV29_TCRBJ01,5.827473312961975e-06
