combined,frequency
CASSRNRGYEQYF_TCRBV12_TCRBJ02,3.0155225834295584e-06
CASSQRTSGAYNEQFF_TCRBV04_TCRBJ02,3.256764390103924e-06
CASSIGPLEHNEQFF_TCRBV19_TCRBJ02,1.2062090333718236e-06
CASSHRDRNYEQYF_TCRBV07_TCRBJ02,1.338892027042724e-05
CASSHRDRNYEQYF_TCRBV07_TCRBJ02,9.649672266974588e-07
CASSLVIGGDTEAFF_TCRBV05_TCRBJ01,2.243548802071592e-05
CASSSGLAGGPYEQYF_TCRBV05_TCRBJ02,3.377385293441105e-06
CASSLPSGLTDTQYF_TCRBV28_TCRBJ02,1.7248789177217073e-05
CASSLPSGLTDTQYF_TCRBV28_TCRBJ02,2.8949016800923763e-06
CASSLRGQSTDTQYF_TCRBV27_TCRBJ02,9.649672266974588e-07
