combined,frequency
CASSSDRVGQETQYF_TCRBV05_TCRBJ02,2.746875051933107e-07
CASSLGARETQYF_TCRBV11_TCRBJ02,1.373437525966553e-06
CASSSANYGYTF_TCRBV12_TCRBJ01,0.0001405026589063
CASSSANYGYTF_TCRBV12_TCRBJ01,2.678203175634779e-05
CASSSANYGYTF_TCRBV12_TCRBJ01,1.4009062764858844e-05
CASSSANYGYTF_TCRBV12_TCRBJ01,5.493750103866213e-07
CASSSANYGYTF_TCRBV12_TCRBJ01,4.1203125778996603e-07
CSASPGQGASYGYTF_TCRBV20_TCRBJ01,1.236093773369898e-06
CASSLVGGSEQYF_TCRBV05_TCRBJ02,1.5107812785632088e-06
CASSLVGGSEQYF_TCRBV05_TCRBJ02,2.746875051933107e-07
CASMGGASYEQYF_TCRBV27_TCRBJ02,1.030078144474915e-05
CASSSDSGGTDTQYF_TCRBV07_TCRBJ02,0.0004785056340467
CASSSDSGGTDTQYF_TCRBV07_TCRBJ02,3.0215625571264167e-06
CASSSDSGGTDTQYF_TCRBV07_TCRBJ02,1.0987500207732423e-06
CASSSDSGGTDTQYF_TCRBV07_TCRBJ02,9.614062681765872e-07
CASSLGGAGDTQYF_TCRBV12_TCRBJ02,1.7854687837565188e-06
CASSLTGGRNQPQHF_TCRBV12_TCRBJ01,1.7854687837565188e-06
CASSPDSGGTDTQYF_TCRBV07_TCRBJ02,1.2223593981102324e-05
CASSYGGLGSYEQYF_TCRBV06_TCRBJ02,1.648125031159864e-06
