combined,frequency
CASSVGTLNTGELFF_TCRBV09_TCRBJ02,3.557391485774793e-07
CASSRGRQETQYF_TCRBV07_TCRBJ02,7.114782971549585e-07
CASSQGTSGGYEQYF_TCRBV03_TCRBJ02,2.845913188619833e-06
CASSMGQHSNQPQHF_TCRBV19_TCRBJ01,4.980348080084709e-06
CASSESPGNTEAFF_TCRBV10_TCRBJ01,7.114782971549583e-06
CASSQRTSGAYNEQFF_TCRBV04_TCRBJ02,2.134434891464876e-06
CASSPRGTYEQYF_TCRBV19_TCRBJ02,1.6008261685986562e-06
CATSRGTVSYEQYF_TCRBV15_TCRBJ02,7.114782971549585e-07
