combined,frequency
CASSLRREKLFF_TCRBV05_TCRBJ01,1.269620718585013e-06
CASSEIPNTEAFF_TCRBV06_TCRBJ01,1.193443475469912e-05
CASSEIPNTEAFF_TCRBV06_TCRBJ01,5.078482874340052e-06
CASSEIPNTEAFF_TCRBV06_TCRBJ01,1.396582790443514e-06
CASSEIPNTEAFF_TCRBV06_TCRBJ01,1.269620718585013e-06
CASSLVAGGRETQYF_TCRBV05_TCRBJ02,4.95152080248155e-06
CASSLVAGGRETQYF_TCRBV05_TCRBJ02,3.80886215575504e-06
CASSQNRGQETQYF_TCRBV14_TCRBJ02,1.0156965748680105e-06
CASSSGQVQETQYF_TCRBV11_TCRBJ02,6.348103592925063e-07
CASSPQGAYEQYF_TCRBV09_TCRBJ02,5.07848287434005e-07
CSALGHSNQPQHF_TCRBV20_TCRBJ01,2.412279365311524e-06
CASSGQGAYEQYF_TCRBV09_TCRBJ02,8.506458814519585e-06
CASSQDLRGGNQPQHF_TCRBV04_TCRBJ01,2.6408110946568263e-05
CASSQDLRGGNQPQHF_TCRBV04_TCRBJ01,1.0283927820538602e-05
CASSQDLRGGNQPQHF_TCRBV04_TCRBJ01,3.0470897246040302e-06
CASSQDLRGGNQPQHF_TCRBV04_TCRBJ01,1.5235448623020151e-06
CASSQDLRGGNQPQHF_TCRBV04_TCRBJ01,5.07848287434005e-07
CASSQDLRGGNQPQHF_TCRBV04_TCRBJ01,5.07848287434005e-07
CASSTTGGDGYTF_TCRBV19_TCRBJ01,2.5392414371700254e-06
CASSHRDRNYEQYF_TCRBV07_TCRBJ02,1.4473676191869144e-05
CASSAQGAYEQYF_TCRBV09_TCRBJ02,1.0156965748680105e-06
CASSQGRHTDTQYF_TCRBV14_TCRBJ02,1.396582790443514e-06
