combined,frequency
CASSEARGGVEKLFF_TCRBV06_TCRBJ01,2.094505191300933e-06
CASSLTGGRNQPQHF_TCRBV12_TCRBJ01,3.351208306081493e-06
CASSHRDRNYEQYF_TCRBV07_TCRBJ02,9.774357559404356e-07
CASSRNRESNQPQHF_TCRBV06_TCRBJ01,6.004248215062676e-06
CASSPDNSGNTIYF_TCRBV18_TCRBJ01,1.3963367942006222e-06
CASSYSTAGELFF_TCRBV06_TCRBJ02,6.981683971003113e-06
CASSQVGGELFF_TCRBV04_TCRBJ02,1.3125565865485847e-05
CASSSANYGYTF_TCRBV12_TCRBJ01,0.0115397461683122
CASSSANYGYTF_TCRBV12_TCRBJ01,1.675604153040747e-06
CASSSANYGYTF_TCRBV12_TCRBJ01,1.675604153040747e-06
CASSSANYGYTF_TCRBV12_TCRBJ01,1.3963367942006222e-06
CASSSANYGYTF_TCRBV12_TCRBJ01,1.117069435360498e-06
CASSSANYGYTF_TCRBV12_TCRBJ01,5.585347176802491e-07
