combined,frequency
CASSRNRGYEQYF_TCRBV12_TCRBJ02,2.093644994061761e-06
CASSRNRGYEQYF_TCRBV12_TCRBJ02,1.3223021015126916e-06
CASSGDRLYEQYF_TCRBV02_TCRBJ02,4.848441038879869e-06
CASSLGGPGDTQYF_TCRBV12_TCRBJ02,1.432493943305416e-06
CASSLTGGRNQPQHF_TCRBV12_TCRBJ01,1.432493943305416e-06
