combined,frequency
CASSPDRVGQETQYF_TCRBV05_TCRBJ02,5.5537860576088666e-06
CSVRDNFNQPQHF_TCRBV29_TCRBJ01,3.360040564853365e-05
CASSPQRNTEAFF_TCRBV04_TCRBJ01,6.942232572011085e-06
CSARGAGGNYGYTF_TCRBV20_TCRBJ01,9.441436297935077e-06
CATSDGETQYF_TCRBV24_TCRBJ02,6.386853966250197e-06
CATSDGETQYF_TCRBV24_TCRBJ02,1.6661358172826602e-06
CASSRGRQETQYF_TCRBV07_TCRBJ02,5.553786057608867e-07
CASSMGQHSNQPQHF_TCRBV19_TCRBJ01,2.221514423043547e-06
CASSSDSGGTDTQYF_TCRBV07_TCRBJ02,6.942232572011085e-06
CASSPGDEQFF_TCRBV25_TCRBJ02,2.054900841315281e-05
CASSPGDEQFF_TCRBV25_TCRBJ02,2.7768930288044337e-06
CASSPGDEQYF_TCRBV25_TCRBJ02,8.63613731958179e-05
