combined,frequency
CASSLRREKLFF_TCRBV05_TCRBJ01,4.189729049090036e-06
CASMGGASYEQYF_TCRBV27_TCRBJ02,1.2455951227024432e-05
CASMGGASYEQYF_TCRBV27_TCRBJ02,6.7941552147406e-07
CASSLGHRDSSYEQYF_TCRBV05_TCRBJ02,1.0757412423339282e-05
CASSLVAGGRETQYF_TCRBV05_TCRBJ02,1.1776535705550372e-05
CASSLVAGGRETQYF_TCRBV05_TCRBJ02,7.926514417197365e-06
CASSLGHRDPNTGELFF_TCRBV05_TCRBJ02,4.869144570564096e-06
CASSLGPAGLSTDTQYF_TCRBV07_TCRBJ02,3.850021288353006e-06
CASSGQGAYEQYF_TCRBV09_TCRBJ02,5.888267852775186e-06
CASSGQGAYEQYF_TCRBV09_TCRBJ02,3.850021288353006e-06
CASSGQGAYEQYF_TCRBV09_TCRBJ02,1.8117747239308264e-06
CASSGQGAYEQYF_TCRBV09_TCRBJ02,1.8117747239308264e-06
CASSGQGAYEQYF_TCRBV09_TCRBJ02,4.529436809827066e-07
CAWSVSDLAKNIQYF_TCRBV30_TCRBJ02,0.0024058103615396
CAWSVSDLAKNIQYF_TCRBV30_TCRBJ02,1.3588310429481195e-06
CAWSVSDLAKNIQYF_TCRBV30_TCRBJ02,1.1323592024567663e-06
CASSRGRQETQYF_TCRBV07_TCRBJ02,6.001503773020864e-06
CASSRGRQETQYF_TCRBV07_TCRBJ02,7.926514417197366e-07
CASSRGRQETQYF_TCRBV07_TCRBJ02,6.7941552147406e-07
CASSLVASGRETQYF_TCRBV05_TCRBJ02,8.152986257688718e-06
CASSLVASGRETQYF_TCRBV05_TCRBJ02,4.4162008895813885e-06
CASSLVASGRETQYF_TCRBV05_TCRBJ02,4.529436809827066e-07
CASSLVASGRETQYF_TCRBV05_TCRBJ02,2.264718404913533e-07
CASSFGDRAYNEQFF_TCRBV05_TCRBJ02,1.0417704662602253e-05
CASSFGDRAYNEQFF_TCRBV05_TCRBJ02,5.5485600920381565e-06
CASSLEAEYEQYF_TCRBV07_TCRBJ02,2.944133926387593e-06
CASSQVGGELFF_TCRBV04_TCRBJ02,3.850021288353006e-06
CASSLDGGGTEAFF_TCRBV12_TCRBJ01,2.604426165650563e-06
CASSAQGAYEQYF_TCRBV09_TCRBJ02,4.189729049090036e-06
