combined,frequency
CASSPRQGATDTQYF_TCRBV11_TCRBJ02,3.181926656590565e-06
CASSPRQGATDTQYF_TCRBV11_TCRBJ02,3.181926656590565e-05
CASSPRQGATDTQYF_TCRBV11_TCRBJ02,3.181926656590565e-06
CASSPRQGATDTQYF_TCRBV11_TCRBJ02,3.181926656590565e-06
CASSIWGLDTEAFF_TCRBV19_TCRBJ01,6.363853313181131e-06
CASSEIPNTEAFF_TCRBV06_TCRBJ01,3.181926656590565e-06
CASSLVAGGRETQYF_TCRBV05_TCRBJ02,3.181926656590565e-06
CASSLVAGGRETQYF_TCRBV05_TCRBJ02,9.545779969771696e-06
CASSQTNTGELFF_TCRBV03_TCRBJ02,6.363853313181131e-06
CASSLVASGRETQYF_TCRBV05_TCRBJ02,1.2727706626362262e-05
CASSLEAEYEQYF_TCRBV07_TCRBJ02,3.181926656590565e-06
CASSLEAEYEQYF_TCRBV07_TCRBJ02,3.181926656590565e-06
CASSQGRHTDTQYF_TCRBV14_TCRBJ02,6.363853313181131e-06
CASSQGRHTDTQYF_TCRBV14_TCRBJ02,6.363853313181131e-06
CASSQGRHTDTQYF_TCRBV14_TCRBJ02,3.181926656590565e-06
