combined,frequency
CASSLEQYGYTF_TCRBV05_TCRBJ01,2.497813452531553e-06
CASSESGHRNQPQHF_TCRBV10_TCRBJ01,7.68557985394324e-07
CATSDGDTQYF_TCRBV24_TCRBJ02,4.419208416017363e-06
CASSIGPLEHNEQFF_TCRBV19_TCRBJ02,3.4585109342744582e-06
CAWRGTGNSPLHF_TCRBV30_TCRBJ01,7.68557985394324e-07
CASSFTGDSNQPQHF_TCRBV07_TCRBJ01,2.8820924452287158e-06
CASSFTGDSNQPQHF_TCRBV07_TCRBJ01,3.84278992697162e-07
CASSSDSGGTDTQYF_TCRBV07_TCRBJ02,1.152836978091486e-06
CASSLEAEYEQYF_TCRBV07_TCRBJ02,1.3449764744400671e-06
CASSLEAEYEQYF_TCRBV07_TCRBJ02,3.84278992697162e-07
CASSAGQGVTYEQYF_TCRBV09_TCRBJ02,7.877719350291823e-06
CATSDGDEQFF_TCRBV24_TCRBJ02,9.991253810126212e-06
CASSLVGGSEQYF_TCRBV05_TCRBJ02,1.537115970788648e-06
