combined,frequency
CASSLGGAGDTQYF_TCRBV12_TCRBJ02,8.051158440932274e-07
CASSVGTLNTGELFF_TCRBV09_TCRBJ02,1.380198589874104e-06
CASSLGARETQYF_TCRBV11_TCRBJ02,3.6805295729976094e-06
CATSDGETQYF_TCRBV24_TCRBJ02,2.530364081435857e-06
CATSDGETQYF_TCRBV24_TCRBJ02,1.955281335654981e-06
CASSYGGLGSYEQYF_TCRBV06_TCRBJ02,2.530364081435857e-06
CASSQVGGELFF_TCRBV04_TCRBJ02,1.955281335654981e-06
CASSQVGGELFF_TCRBV04_TCRBJ02,8.051158440932274e-07
CASSFGGAGDTQYF_TCRBV12_TCRBJ02,2.530364081435857e-06
CASSAGQGVTYEQYF_TCRBV09_TCRBJ02,2.300330983123507e-07
CATSDGDEQFF_TCRBV24_TCRBJ02,3.2204633763729097e-06
