combined,frequency
CASSLGGAGDTQYF_TCRBV12_TCRBJ02,1.0640376141552755e-06
CAISESGTGGGYTF_TCRBV10_TCRBJ01,1.2768451369863303e-06
CASSLEGQGHNEQFF_TCRBV05_TCRBJ02,2.9793053196347715e-06
CASSPDRVGQETQYF_TCRBV05_TCRBJ02,9.150723481735367e-06
CASSVGTLNTGELFF_TCRBV09_TCRBJ02,4.256150456621103e-07
CASSLRGQSTDTQYF_TCRBV27_TCRBJ02,8.512300913242205e-07
CATSREGSGYEQYF_TCRBV15_TCRBJ02,1.702460182648441e-06
CATSREGSGYEQYF_TCRBV15_TCRBJ02,4.256150456621103e-07
CASSEARTRAFF_TCRBV06_TCRBJ01,1.0640376141552755e-06
CASSFPTSGQETQYF_TCRBV07_TCRBJ02,2.3196019988585e-05
CASSFPTSGQETQYF_TCRBV07_TCRBJ02,7.022648253424817e-06
CASSFPTSGQETQYF_TCRBV07_TCRBJ02,2.7664977968037163e-06
CASSPGDEQFF_TCRBV25_TCRBJ02,2.553690273972661e-06
CASSYSTAGELFF_TCRBV06_TCRBJ02,2.340882751141606e-06
