combined,frequency
CASSIWGLDTEAFF_TCRBV19_TCRBJ01,1.3849170329068023e-05
CASSEIPNTEAFF_TCRBV06_TCRBJ01,6.103024212809637e-06
CASSPSTGTEAFF_TCRBV05_TCRBJ01,1.9717462841384984e-05
CASSPSTGTEAFF_TCRBV05_TCRBJ01,1.901326773990695e-05
CATSDGDTQYF_TCRBV24_TCRBJ02,2.464682855173123e-05
CATSDGDTQYF_TCRBV24_TCRBJ02,7.276682715273029e-06
CATSDGDTQYF_TCRBV24_TCRBJ02,3.755707207882854e-06
CASSYSTVGETQYF_TCRBV06_TCRBJ02,2.3473170049267843e-06
CASSLVAGGRETQYF_TCRBV05_TCRBJ02,1.1971316725126594e-05
CASSLVAGGRETQYF_TCRBV05_TCRBJ02,4.694634009853568e-07
CATSDGETQYF_TCRBV24_TCRBJ02,9.858731420692492e-06
CATSDGETQYF_TCRBV24_TCRBJ02,3.2862438068974978e-06
CATSDGETQYF_TCRBV24_TCRBJ02,1.877853603941427e-06
CATSREGSGYEQYF_TCRBV15_TCRBJ02,1.173658502463392e-06
CASSLSRGEQYF_TCRBV27_TCRBJ02,9.389268019707136e-07
CASSLEAEYEQYF_TCRBV07_TCRBJ02,9.389268019707136e-07
CASSQRTSGAYNEQFF_TCRBV04_TCRBJ02,9.389268019707136e-07
CASSAGQGVTYEQYF_TCRBV09_TCRBJ02,3.5209755073901764e-06
CASSQVPGQGDNEQFF_TCRBV14_TCRBJ02,9.3423216796086e-05
CASSQVPGQGDNEQFF_TCRBV14_TCRBJ02,1.4083902029560704e-06
CATSDGDEQFF_TCRBV24_TCRBJ02,6.149970552908173e-05
CATSDGDEQFF_TCRBV24_TCRBJ02,3.47402916729164e-05
