combined,frequency
CASSLGARETQYF_TCRBV11_TCRBJ02,1.8316158881688605e-06
CASSFGDRAYNEQFF_TCRBV05_TCRBJ02,2.3811006546195185e-05
CASSFGDRAYNEQFF_TCRBV05_TCRBJ02,1.0989695329013162e-05
CATSRGTVSYEQYF_TCRBV15_TCRBJ02,3.663231776337721e-06
CASSQTNTGELFF_TCRBV03_TCRBJ02,1.8316158881688605e-06
CASSQTNTGELFF_TCRBV03_TCRBJ02,1.8316158881688605e-06
