combined,frequency
CASSFHGFNQPQHF_TCRBV05_TCRBJ01,2.658516835611719e-05
CATSDSVTNTGELFF_TCRBV24_TCRBJ02,2.824674137837452e-05
CASSPQDRVYGYTF_TCRBV27_TCRBJ01,2.381587998568832e-05
CASSQTNTGELFF_TCRBV03_TCRBJ02,1.3846441852144371e-06
CASSQTNTGELFF_TCRBV03_TCRBJ02,1.1631011155801271e-05
CATSDGETQYF_TCRBV24_TCRBJ02,5.538576740857748e-07
CATSDGETQYF_TCRBV24_TCRBJ02,2.160044928934522e-05
CATSDGDEQFF_TCRBV24_TCRBJ02,0.0001265564785285
CSVRDNHNQPQHF_TCRBV29_TCRBJ01,5.178569252701996e-05
CASSAGQGVTYEQYF_TCRBV09_TCRBJ02,2.4923595333859867e-06
CASSAGQGVTYEQYF_TCRBV09_TCRBJ02,1.9938876267087893e-05
CATSRGTVSYEQYF_TCRBV15_TCRBJ02,1.6615730222573245e-05
