combined,frequency
CASSESGHRNQPQHF_TCRBV10_TCRBJ01,1.1850357768430526e-05
CASSVGTLNTGELFF_TCRBV09_TCRBJ02,1.0215825662440109e-06
CASSPRWQETQYF_TCRBV27_TCRBJ02,4.086330264976042e-07
CASSYGGLGSYEQYF_TCRBV06_TCRBJ02,2.86043118548323e-06
CASSSDSGGTDTQYF_TCRBV07_TCRBJ02,8.172660529952084e-07
CASSSDSGGTDTQYF_TCRBV07_TCRBJ02,1.430215592741615e-06
CASSYSTAGELFF_TCRBV06_TCRBJ02,1.838848619239219e-06
