combined,frequency
CASSIWGLDTEAFF_TCRBV19_TCRBJ01,8.53679713530074e-06
CASSLGGAGDTQYF_TCRBV12_TCRBJ02,5.62179323544195e-06
CASGRDTYEQYF_TCRBV02_TCRBJ02,3.4355403105478582e-06
CSALGHSNQPQHF_TCRBV20_TCRBJ01,3.123218464134417e-07
CASSLGLKGTQYF_TCRBV12_TCRBJ02,2.0821456427562773e-06
CASSLGLKGTQYF_TCRBV12_TCRBJ02,1.6657165142050222e-06
CAWSVSDLAKNIQYF_TCRBV30_TCRBJ02,2.186252924894092e-06
CASSRGRQETQYF_TCRBV07_TCRBJ02,3.3314330284100444e-06
CSAPGRLNTEAFF_TCRBV20_TCRBJ01,3.3314330284100444e-06
CASSFGGAGDTQYF_TCRBV12_TCRBJ02,2.810896617720975e-06
CASSAQGAYEQYF_TCRBV09_TCRBJ02,2.7067893355831606e-06
