combined,frequency
CASSLVAGGRETQYF_TCRBV05_TCRBJ02,3.538004954386271e-06
CASSGDRLYEQYF_TCRBV02_TCRBJ02,3.3021379574271863e-06
CASSGDRLYEQYF_TCRBV02_TCRBJ02,2.4766034680703897e-06
CASSGDRLYEQYF_TCRBV02_TCRBJ02,2.3586699695908478e-07
CASSLEGQGFGYTF_TCRBV05_TCRBJ01,1.533135480234051e-06
CASSQTNTGELFF_TCRBV03_TCRBJ02,4.245605945263525e-06
