combined,frequency
CATSDGDTQYF_TCRBV24_TCRBJ02,2.1334789788316214e-06
CASSLFGTGGNTEAFF_TCRBV05_TCRBJ01,5.333697447079054e-06
CASSHRDRNYEQYF_TCRBV07_TCRBJ02,4.266957957663244e-06
CSAPGRLNTEAFF_TCRBV20_TCRBJ01,2.1334789788316214e-06
CASSQVGGELFF_TCRBV04_TCRBJ02,5.333697447079054e-06
CASSQRTSGAYNEQFF_TCRBV04_TCRBJ02,5.333697447079054e-06
