combined,frequency
CASSLVAGGRETQYF_TCRBV05_TCRBJ02,2.6425402739653634e-06
CASSLVAGGRETQYF_TCRBV05_TCRBJ02,1.1010584474855678e-06
CASSSRGTGELFF_TCRBV28_TCRBJ02,1.7616935159769088e-06
CASSQTNTGELFF_TCRBV03_TCRBJ02,9.028679269381656e-06
CSARGAGGNYGYTF_TCRBV20_TCRBJ01,6.606350684913409e-07
CASSTTGGDGYTF_TCRBV19_TCRBJ01,2.422328584468249e-06
CSAPGRLNTEAFF_TCRBV20_TCRBJ01,1.1010584474855678e-06
CASSFGGAGDTQYF_TCRBV12_TCRBJ02,8.808467579884544e-07
CASSPRGTYEQYF_TCRBV19_TCRBJ02,2.422328584468249e-06
