combined,frequency
CASRSDSGANVLTF_TCRBV06_TCRBJ02,5.8122257154177145e-06
CASSFHGFNQPQHF_TCRBV05_TCRBJ01,1.17320852403802e-05
CASSFHGFNQPQHF_TCRBV05_TCRBJ01,3.336648095887948e-06
CASSPPGQGSDTQYF_TCRBV18_TCRBJ02,0.0002826463838645
CASSPSTGTEAFF_TCRBV05_TCRBJ01,0.0004086855748415
CASSPSTGTEAFF_TCRBV05_TCRBJ01,1.937408571805905e-06
CASSPSTGTEAFF_TCRBV05_TCRBJ01,8.610704763581799e-07
CASSPSTGTEAFF_TCRBV05_TCRBJ01,6.458028572686349e-07
CASSPSTGTEAFF_TCRBV05_TCRBJ01,6.458028572686349e-07
CASSPSTGTEAFF_TCRBV05_TCRBJ01,5.381690477238624e-07
CASSPSTGTEAFF_TCRBV05_TCRBJ01,4.3053523817909e-07
CASSPSTGTEAFF_TCRBV05_TCRBJ01,4.3053523817909e-07
CASSPSTGTEAFF_TCRBV05_TCRBJ01,4.3053523817909e-07
CASSPSTGTEAFF_TCRBV05_TCRBJ01,2.1526761908954497e-07
CATSDGDTQYF_TCRBV24_TCRBJ02,1.6145071431715876e-06
CASMGGASYEQYF_TCRBV27_TCRBJ02,1.345422619309656e-05
CASSLVAGGRETQYF_TCRBV05_TCRBJ02,1.8297747622611324e-06
CASSLVAGGRETQYF_TCRBV05_TCRBJ02,2.1526761908954497e-07
CASSPQDRVYGYTF_TCRBV27_TCRBJ01,0.0005040491300981
CASSPQDRVYGYTF_TCRBV27_TCRBJ01,4.3053523817909e-07
CASSPQDRVYGYTF_TCRBV27_TCRBJ01,4.3053523817909e-07
CATSDGETQYF_TCRBV24_TCRBJ02,3.013746667253629e-06
CATSREGSGYEQYF_TCRBV15_TCRBJ02,1.3992395240820422e-06
CASSISAGEAFF_TCRBV19_TCRBJ01,7.211465239499757e-06
CASSRSGLAGNTGELFF_TCRBV06_TCRBJ02,8.610704763581799e-06
CASSYGGLGSYEQYF_TCRBV06_TCRBJ02,1.0440479525842931e-05
CASSYGGLGSYEQYF_TCRBV06_TCRBJ02,7.103831429954983e-06
CASSYGGLGSYEQYF_TCRBV06_TCRBJ02,4.3053523817909e-07
CASSLVIGGDTEAFF_TCRBV05_TCRBJ01,2.690845238619312e-06
CASSLVIGGDTEAFF_TCRBV05_TCRBJ01,9.687042859029525e-07
CASSEARTRAFF_TCRBV06_TCRBJ01,3.013746667253629e-06
CASSEARTRAFF_TCRBV06_TCRBJ01,2.58321142907454e-06
CASSEARTRAFF_TCRBV06_TCRBJ01,4.3053523817909e-07
CASSEARTRAFF_TCRBV06_TCRBJ01,2.1526761908954497e-07
CASSLEAEYEQYF_TCRBV07_TCRBJ02,4.85428481046924e-05
CASSLEAEYEQYF_TCRBV07_TCRBJ02,2.755425524346176e-05
CASSLEAEYEQYF_TCRBV07_TCRBJ02,8.287803334947482e-06
CASSLEAEYEQYF_TCRBV07_TCRBJ02,5.919859524962488e-06
CASSAGQGVTYEQYF_TCRBV09_TCRBJ02,0.0002893196800563
CASSAGQGVTYEQYF_TCRBV09_TCRBJ02,4.800467905696853e-05
CASSAGQGVTYEQYF_TCRBV09_TCRBJ02,8.610704763581799e-07
CASSAGQGVTYEQYF_TCRBV09_TCRBJ02,2.1526761908954497e-07
CASSQVPGQGDNEQFF_TCRBV14_TCRBJ02,7.534366668134073e-07
