combined,frequency
CASSLRREKLFF_TCRBV05_TCRBJ01,4.7652858456714525e-06
CASSQNRGQETQYF_TCRBV14_TCRBJ02,4.7652858456714525e-06
CASSVGTLNTGELFF_TCRBV09_TCRBJ02,2.3826429228357262e-06
CASSPQGAYEQYF_TCRBV09_TCRBJ02,2.3826429228357262e-06
CASSGQGAYEQYF_TCRBV09_TCRBJ02,4.7652858456714525e-06
CASSLDAGGSYNEQFF_TCRBV05_TCRBJ02,2.3826429228357262e-06
CASSPQRNTEAFF_TCRBV04_TCRBJ01,4.7652858456714525e-06
CASSLEGQGFGYTF_TCRBV05_TCRBJ01,2.3826429228357262e-06
CASSLGLANEQFF_TCRBV06_TCRBJ02,4.7652858456714525e-06
CASSMGQHSNQPQHF_TCRBV19_TCRBJ01,2.3826429228357262e-06
CASSHRDRNYEQYF_TCRBV07_TCRBJ02,0.0003431005808883
CASSHRDRNYEQYF_TCRBV07_TCRBJ02,9.530571691342903e-06
CASSLDGGGTEAFF_TCRBV12_TCRBJ01,2.3826429228357262e-06
CASSAQGAYEQYF_TCRBV09_TCRBJ02,2.3826429228357262e-06
