combined,frequency
CASSLVAGGRETQYF_TCRBV05_TCRBJ02,1.1585807385952209e-06
CASSQTNTGELFF_TCRBV03_TCRBJ02,3.186097031136857e-06
CASSQTNTGELFF_TCRBV03_TCRBJ02,4.055032585083274e-06
CASSYGGLGSYEQYF_TCRBV06_TCRBJ02,3.475742215785663e-06
CASSSDSGGTDTQYF_TCRBV07_TCRBJ02,1.7378711078928314e-06
CASSRDRATNEKLFF_TCRBV06_TCRBJ01,2.6068066618392467e-06
CASSPQGAYEQYF_TCRBV09_TCRBJ02,1.1585807385952209e-06
