combined,frequency
CASSEIPNTEAFF_TCRBV06_TCRBJ01,4.823228669271209e-06
CASSEARGGVEKLFF_TCRBV06_TCRBJ01,9.64645733854242e-06
CASGRDTYEQYF_TCRBV02_TCRBJ02,4.823228669271209e-06
CASSQTNTGELFF_TCRBV03_TCRBJ02,4.823228669271209e-06
CASSRGRQETQYF_TCRBV07_TCRBJ02,4.823228669271209e-06
CASSFPTSGQETQYF_TCRBV07_TCRBJ02,4.823228669271209e-06
CASSFPTSGQETQYF_TCRBV07_TCRBJ02,4.823228669271209e-06
