run id,Conversion Time,Feature calculation time
50_nodes_and_500_edges,1764.0,31666.0
100_nodes_and_1000_edges,3048.0,47080.0
500_nodes_and_5000_edges,16073.0,63369.99999999999
1000_nodes_and_10000_edges,32544.999999999996,80104.0
2000_nodes_and_20000_edges,72039.0,102364.0
5000_nodes_and_50000_edges,188219.0,232656.0
10000_nodes_and_100000_edges,444778.0,408311.0
100000_nodes_and_1000000_edges,5708697.0,6689207.0
