{"optimizer": "SGD", "layer_1": 169, "test_frac": 0.15, "preweight": 9, "batch_size": 10, "layer_2": 158, "regularization": 0.0050574593313216, "train_frac": 0.7, "dropout": 0.1215442017360486, "epochs": 200, "activation": "relu", "learning_rate": 0.2333143309751472}